teff,logg,mh,alpha,node
400,3.5,0,0,13632
400,4,0,0,13633
400,4.5,0,0,13634
400,5,0,0,13635
500,3.5,0,0,13636
500,4,0,0,13637
500,4.5,0,0,13638
500,5,0,0,13639
600,3.5,0,0,13640
600,4,0,0,13641
600,4.5,0,0,13642
600,5,0,0,13643
600,5.5,0,0,13644
700,3.5,0,0,13645
700,4,0,0,13646
700,4.5,0,0,13647
700,5,0,0,13648
800,3.5,0,0,13649
800,4,0,0,13650
800,4.5,0,0,13651
800,5,0,0,13652
800,5.5,0,0,13653
900,3.5,0,0,13654
900,4,0,0,13655
900,4.5,0,0,13656
900,5,0,0,13657
900,5.5,0,0,13658
1000,4,0,0,13659
1000,4.5,0,0,13660
1000,5,0,0,13661
1000,5.5,0,0,13662
1100,3.5,0,0,13663
1100,4,0,0,13664
1100,4.5,0,0,13665
1100,5,0,0,13666
1100,5.5,0,0,13667
1200,3.5,0,0,13668
1200,4,0,0,13669
1200,4.5,0,0,13670
1200,5,0,0,13671
1200,5.5,0,0,13672
1300,3.5,0,0,13673
1300,4,0,0,13674
1300,4.5,0,0,13675
1300,5,0,0,13676
1300,5.5,0,0,13677
1400,3.5,0,0,13678
1400,4,0,0,13679
1400,4.5,0,0,13680
1400,5,0,0,13681
1400,5.5,0,0,13682
1500,3.5,0,0,13683
1500,4,0,0,13684
1500,4.5,0,0,13685
1500,5,0,0,13686
1500,5.5,0,0,13687
1600,3.5,0,0,13688
1600,4,0,0,13689
1600,4.5,0,0,13690
1600,5,0,0,13691
1600,5.5,0,0,13692
1700,3.5,0,0,13693
1700,4,0,0,13694
1700,4.5,0,0,13695
1700,5,0,0,13696
1700,5.5,0,0,13697
1800,3.5,0,0,13698
1800,4,0,0,13699
1800,4.5,0,0,13700
1800,5,0,0,13701
1800,5.5,0,0,13702
1900,3.5,0,0,13703
1900,4,0,0,13704
1900,4.5,0,0,13705
1900,5,0,0,13706
1900,5.5,0,0,13707
2000,0,0,0,13708
2000,0.5,0,0,13709
2000,1,0,0,13710
2000,1.5,0,0,13711
2000,2,0,0,13712
2000,2.5,0,0,13713
2000,3,0,0,13714
2000,3.5,0,0,13715
2000,4,0,0,13716
2000,4.5,0,0,13717
2000,5,0,0,13718
2000,5.5,0,0,13719
2100,0,0,0,13720
2100,0.5,0,0,13721
2100,1,0,0,13722
2100,1.5,0,0,13723
2100,2,0,0,13724
2100,2.5,0,0,13725
2100,3,0,0,13726
2100,3.5,0,0,13727
2100,4,0,0,13728
2100,4.5,0,0,13729
2100,5,0,0,13730
2100,5.5,0,0,13731
2200,0,0,0,13732
2200,0.5,0,0,13733
2200,1,0,0,13734
2200,1.5,0,0,13735
2200,2,0,0,13736
2200,2.5,0,0,13737
2200,3,0,0,13738
2200,3.5,0,0,13739
2200,4,0,0,13740
2200,4.5,0,0,13741
2200,5,0,0,13742
2200,5.5,0,0,13743
2300,0,0,0,13744
2300,0.5,0,0,13745
2300,1,0,0,13746
2300,1.5,0,0,13747
2300,2,0,0,13748
2300,2.5,0,0,13749
2300,3,0,0,13750
2300,3.5,0,0,13751
2300,4,0,0,13752
2300,4.5,0,0,13753
2300,5,0,0,13754
2300,5.5,0,0,13755
2400,0,0,0,13756
2400,0.5,0,0,13757
2400,1,0,0,13758
2400,1.5,0,0,13759
2400,2,0,0,13760
2400,2.5,0,0,13761
2400,3,0,0,13762
2400,3.5,0,0,13763
2400,4,0,0,13764
2400,4.5,0,0,13765
2400,5,0,0,13766
2400,5.5,0,0,13767
2500,0,0,0,13768
2500,0.5,0,0,13769
2500,1,0,0,13770
2500,1.5,0,0,13771
2500,2,0,0,13772
2500,2.5,0,0,13773
2500,3,0,0,13774
2500,3.5,0,0,13775
2500,4,0,0,13776
2500,4.5,0,0,13777
2500,5,0,0,13778
2500,5.5,0,0,13779
2600,-0.5,-4,0.4,86
2600,-0.5,-3.5,0.4,84
2600,-0.5,-3,0.4,82
2600,-0.5,-2.5,0.4,80
2600,-0.5,-2,0.4,78
2600,-0.5,-1.5,0.4,76
2600,-0.5,-1,0.4,74
2600,-0.5,-0.5,0.2,72
2600,-0.5,0,0,66
2600,-0.5,0.3,0,68
2600,-0.5,0.5,0,70
2600,0,-4,0.4,64
2600,0,-3.5,0.4,63
2600,0,-3,0.4,62
2600,0,-2.5,0.4,61
2600,0,-2,0.4,60
2600,0,-1.5,0.4,59
2600,0,-1,0.4,58
2600,0,-0.5,0.2,57
2600,0,0,0,54
2600,0,0.3,0,55
2600,0,0.5,0,56
2600,0.5,-4,0.4,85
2600,0.5,-3.5,0.4,83
2600,0.5,-3,0.4,81
2600,0.5,-2.5,0.4,79
2600,0.5,-2,0.4,77
2600,0.5,-1.5,0.4,75
2600,0.5,-1,0.4,73
2600,0.5,-0.5,0.2,71
2600,0.5,0,0,65
2600,0.5,0.3,0,67
2600,0.5,0.5,0,69
2600,1,-4,0.4,97
2600,1,-3.5,0.4,96
2600,1,-3,0.4,95
2600,1,-2.5,0.4,94
2600,1,-2,0.4,93
2600,1,-1.5,0.4,92
2600,1,-1,0.4,91
2600,1,-0.5,0.2,90
2600,1,0,0,87
2600,1,0.3,0,88
2600,1,0.5,0,89
2600,1.5,-4,0.4,108
2600,1.5,-3.5,0.4,107
2600,1.5,-3,0.4,106
2600,1.5,-2.5,0.4,105
2600,1.5,-2,0.4,104
2600,1.5,-1.5,0.4,103
2600,1.5,-1,0.4,102
2600,1.5,-0.5,0.2,101
2600,1.5,0,0,98
2600,1.5,0.3,0,99
2600,1.5,0.5,0,100
2600,2,-4,0.4,119
2600,2,-3.5,0.4,118
2600,2,-3,0.4,117
2600,2,-2.5,0.4,116
2600,2,-2,0.4,115
2600,2,-1.5,0.4,114
2600,2,-1,0.4,113
2600,2,-0.5,0.2,112
2600,2,0,0,109
2600,2,0.3,0,110
2600,2,0.5,0,111
2600,2.5,-4,0.4,130
2600,2.5,-3.5,0.4,129
2600,2.5,-3,0.4,128
2600,2.5,-2.5,0.4,127
2600,2.5,-2,0.4,126
2600,2.5,-1.5,0.4,125
2600,2.5,-1,0.4,124
2600,2.5,-0.5,0.2,123
2600,2.5,0,0,120
2600,2.5,0.3,0,121
2600,2.5,0.5,0,122
2600,3,-4,0.4,141
2600,3,-3.5,0.4,140
2600,3,-3,0.4,139
2600,3,-2.5,0.4,138
2600,3,-2,0.4,137
2600,3,-1.5,0.4,136
2600,3,-1,0.4,135
2600,3,-0.5,0.2,134
2600,3,0,0,131
2600,3,0.3,0,132
2600,3,0.5,0,133
2600,3.5,-4,0.4,152
2600,3.5,-3.5,0.4,151
2600,3.5,-3,0.4,150
2600,3.5,-2.5,0.4,149
2600,3.5,-2,0.4,148
2600,3.5,-1.5,0.4,147
2600,3.5,-1,0.4,146
2600,3.5,-0.5,0.2,145
2600,3.5,0,0,142
2600,3.5,0.3,0,143
2600,3.5,0.5,0,144
2600,4,-4,0.4,171
2600,4,-3.5,0.4,170
2600,4,-3,0.4,169
2600,4,-2.5,0.4,168
2600,4,-2,0.4,167
2600,4,-1.5,0.2,165
2600,4,-1,0.2,162
2600,4,-0.5,0,157
2600,4,0,0,153
2600,4,0.3,0,156
2600,4,0.5,0,158
2600,4.5,-4,0.4,184
2600,4.5,-3.5,0.4,183
2600,4.5,-3,0.4,182
2600,4.5,-2.5,0.4,181
2600,4.5,-2,0.4,180
2600,4.5,-1.5,0.4,179
2600,4.5,-1,0.4,177
2600,4.5,-0.5,0,174
2600,4.5,0,0,172
2600,4.5,0.3,0,173
2600,4.5,0.5,0,175
2600,5,-4,0.4,195
2600,5,-3.5,0.4,194
2600,5,-3,0.4,193
2600,5,-2.5,0.4,192
2600,5,-2,0.4,191
2600,5,-1.5,0.4,190
2600,5,-1,0.4,189
2600,5,-0.5,0.2,188
2600,5,0,0,185
2600,5,0.3,0,186
2600,5,0.5,0,187
2600,5.5,-4,0.4,206
2600,5.5,-3.5,0.4,205
2600,5.5,-3,0.4,204
2600,5.5,-2.5,0.4,203
2600,5.5,-2,0.4,202
2600,5.5,-1.5,0.4,201
2600,5.5,-1,0.4,200
2600,5.5,-0.5,0.2,199
2600,5.5,0,0,196
2600,5.5,0.3,0,197
2600,5.5,0.5,0,198
2600,6,-1.5,0.4,212
2600,6,-1,0.4,211
2600,6,-0.5,0.2,210
2600,6,0,0,207
2600,6,0.3,0,208
2600,6,0.5,0,209
2700,-0.5,-4,0.4,245
2700,-0.5,-3.5,0.4,243
2700,-0.5,-3,0.4,241
2700,-0.5,-2.5,0.4,239
2700,-0.5,-2,0.4,237
2700,-0.5,-1.5,0.4,235
2700,-0.5,-1,0.4,233
2700,-0.5,-0.5,0.2,231
2700,-0.5,0,0,225
2700,-0.5,0.3,0,227
2700,-0.5,0.5,0,229
2700,0,-4,0.4,223
2700,0,-3.5,0.4,222
2700,0,-3,0.4,221
2700,0,-2.5,0.4,220
2700,0,-2,0.4,219
2700,0,-1.5,0.4,218
2700,0,-1,0.4,217
2700,0,-0.5,0.2,216
2700,0,0,0,213
2700,0,0.3,0,214
2700,0,0.5,0,215
2700,0.5,-4,0.4,244
2700,0.5,-3.5,0.4,242
2700,0.5,-3,0.4,240
2700,0.5,-2.5,0.4,238
2700,0.5,-2,0.4,236
2700,0.5,-1.5,0.4,234
2700,0.5,-1,0.4,232
2700,0.5,-0.5,0.2,230
2700,0.5,0,0,224
2700,0.5,0.3,0,226
2700,0.5,0.5,0,228
2700,1,-4,0.4,256
2700,1,-3.5,0.4,255
2700,1,-3,0.4,254
2700,1,-2.5,0.4,253
2700,1,-2,0.4,252
2700,1,-1.5,0.4,251
2700,1,-1,0.4,250
2700,1,-0.5,0.2,249
2700,1,0,0,246
2700,1,0.3,0,247
2700,1,0.5,0,248
2700,1.5,-4,0.4,267
2700,1.5,-3.5,0.4,266
2700,1.5,-3,0.4,265
2700,1.5,-2.5,0.4,264
2700,1.5,-2,0.4,263
2700,1.5,-1.5,0.4,262
2700,1.5,-1,0.4,261
2700,1.5,-0.5,0.2,260
2700,1.5,0,0,257
2700,1.5,0.3,0,258
2700,1.5,0.5,0,259
2700,2,-4,0.4,278
2700,2,-3.5,0.4,277
2700,2,-3,0.4,276
2700,2,-2.5,0.4,275
2700,2,-2,0.4,274
2700,2,-1.5,0.4,273
2700,2,-1,0.4,272
2700,2,-0.5,0.2,271
2700,2,0,0,268
2700,2,0.3,0,269
2700,2,0.5,0,270
2700,2.5,-4,0.4,289
2700,2.5,-3.5,0.4,288
2700,2.5,-3,0.4,287
2700,2.5,-2.5,0.4,286
2700,2.5,-2,0.4,285
2700,2.5,-1.5,0.4,284
2700,2.5,-1,0.4,283
2700,2.5,-0.5,0.2,282
2700,2.5,0,0,279
2700,2.5,0.3,0,280
2700,2.5,0.5,0,281
2700,3,-4,0.4,300
2700,3,-3.5,0.4,299
2700,3,-3,0.4,298
2700,3,-2.5,0.4,297
2700,3,-2,0.4,296
2700,3,-1.5,0.4,295
2700,3,-1,0.4,294
2700,3,-0.5,0.2,293
2700,3,0,0,290
2700,3,0.3,0,291
2700,3,0.5,0,292
2700,3.5,-4,0.4,311
2700,3.5,-3.5,0.4,310
2700,3.5,-3,0.4,309
2700,3.5,-2.5,0.4,308
2700,3.5,-2,0.4,307
2700,3.5,-1.5,0.4,306
2700,3.5,-1,0.4,305
2700,3.5,-0.5,0.2,304
2700,3.5,0,0,301
2700,3.5,0.3,0,302
2700,3.5,0.5,0,303
2700,4,-4,0.4,323
2700,4,-3.5,0.4,322
2700,4,-3,0.4,321
2700,4,-2.5,0.4,320
2700,4,-2,0.4,319
2700,4,-1.5,0.4,318
2700,4,-1,0.4,317
2700,4,-0.5,0,314
2700,4,0,0,312
2700,4,0.3,0,313
2700,4,0.5,0,315
2700,4.5,-4,0.4,335
2700,4.5,-3.5,0.4,334
2700,4.5,-3,0.4,333
2700,4.5,-2.5,0.4,332
2700,4.5,-2,0.4,331
2700,4.5,-1.5,0.4,330
2700,4.5,-1,0.4,329
2700,4.5,-0.5,0,326
2700,4.5,0,0,324
2700,4.5,0.3,0,325
2700,4.5,0.5,0,327
2700,5,-4,0.4,346
2700,5,-3.5,0.4,345
2700,5,-3,0.4,344
2700,5,-2.5,0.4,343
2700,5,-2,0.4,342
2700,5,-1.5,0.4,341
2700,5,-1,0.4,340
2700,5,-0.5,0.2,339
2700,5,0,0,336
2700,5,0.3,0,337
2700,5,0.5,0,338
2700,5.5,-4,0.4,357
2700,5.5,-3.5,0.4,356
2700,5.5,-3,0.4,355
2700,5.5,-2.5,0.4,354
2700,5.5,-2,0.4,353
2700,5.5,-1.5,0.4,352
2700,5.5,-1,0.4,351
2700,5.5,-0.5,0.2,350
2700,5.5,0,0,347
2700,5.5,0.3,0,348
2700,5.5,0.5,0,349
2700,6,-1.5,0.4,363
2700,6,-1,0.4,362
2700,6,-0.5,0.2,361
2700,6,0,0,358
2700,6,0.3,0,359
2700,6,0.5,0,360
2800,-0.5,-4,0.4,396
2800,-0.5,-3.5,0.4,394
2800,-0.5,-3,0.4,392
2800,-0.5,-2.5,0.4,390
2800,-0.5,-2,0.4,388
2800,-0.5,-1.5,0.4,386
2800,-0.5,-1,0.4,384
2800,-0.5,-0.5,0.2,382
2800,-0.5,0,0,376
2800,-0.5,0.3,0,378
2800,-0.5,0.5,0,380
2800,0,-4,0.4,374
2800,0,-3.5,0.4,373
2800,0,-3,0.4,372
2800,0,-2.5,0.4,371
2800,0,-2,0.4,370
2800,0,-1.5,0.4,369
2800,0,-1,0.4,368
2800,0,-0.5,0.2,367
2800,0,0,0,364
2800,0,0.3,0,365
2800,0,0.5,0,366
2800,0.5,-4,0.4,395
2800,0.5,-3.5,0.4,393
2800,0.5,-3,0.4,391
2800,0.5,-2.5,0.4,389
2800,0.5,-2,0.4,387
2800,0.5,-1.5,0.4,385
2800,0.5,-1,0.4,383
2800,0.5,-0.5,0.2,381
2800,0.5,0,0,375
2800,0.5,0.3,0,377
2800,0.5,0.5,0,379
2800,1,-4,0.4,407
2800,1,-3.5,0.4,406
2800,1,-3,0.4,405
2800,1,-2.5,0.4,404
2800,1,-2,0.4,403
2800,1,-1.5,0.4,402
2800,1,-1,0.4,401
2800,1,-0.5,0.2,400
2800,1,0,0,397
2800,1,0.3,0,398
2800,1,0.5,0,399
2800,1.5,-4,0.4,418
2800,1.5,-3.5,0.4,417
2800,1.5,-3,0.4,416
2800,1.5,-2.5,0.4,415
2800,1.5,-2,0.4,414
2800,1.5,-1.5,0.4,413
2800,1.5,-1,0.4,412
2800,1.5,-0.5,0.2,411
2800,1.5,0,0,408
2800,1.5,0.3,0,409
2800,1.5,0.5,0,410
2800,2,-4,0.4,429
2800,2,-3.5,0.4,428
2800,2,-3,0.4,427
2800,2,-2.5,0.4,426
2800,2,-2,0.4,425
2800,2,-1.5,0.4,424
2800,2,-1,0.4,423
2800,2,-0.5,0.2,422
2800,2,0,0,419
2800,2,0.3,0,420
2800,2,0.5,0,421
2800,2.5,-4,0.4,440
2800,2.5,-3.5,0.4,439
2800,2.5,-3,0.4,438
2800,2.5,-2.5,0.4,437
2800,2.5,-2,0.4,436
2800,2.5,-1.5,0.4,435
2800,2.5,-1,0.4,434
2800,2.5,-0.5,0.2,433
2800,2.5,0,0,430
2800,2.5,0.3,0,431
2800,2.5,0.5,0,432
2800,3,-4,0.4,451
2800,3,-3.5,0.4,450
2800,3,-3,0.4,449
2800,3,-2.5,0.4,448
2800,3,-2,0.4,447
2800,3,-1.5,0.4,446
2800,3,-1,0.4,445
2800,3,-0.5,0.2,444
2800,3,0,0,441
2800,3,0.3,0,442
2800,3,0.5,0,443
2800,3.5,-4,0.4,462
2800,3.5,-3.5,0.4,461
2800,3.5,-3,0.4,460
2800,3.5,-2.5,0.4,459
2800,3.5,-2,0.4,458
2800,3.5,-1.5,0.4,457
2800,3.5,-1,0.4,456
2800,3.5,-0.5,0.2,455
2800,3.5,0,0,452
2800,3.5,0.3,0,453
2800,3.5,0.5,0,454
2800,4,-4,0.4,481
2800,4,-3.5,0.4,480
2800,4,-3,0.4,479
2800,4,-2.5,0.4,478
2800,4,-2,0.4,477
2800,4,-1.5,0.2,475
2800,4,-1,0.2,472
2800,4,-0.5,0,467
2800,4,0,0,463
2800,4,0.3,0,466
2800,4,0.5,0,468
2800,4.5,-4,0.4,494
2800,4.5,-3.5,0.4,493
2800,4.5,-3,0.4,492
2800,4.5,-2.5,0.4,491
2800,4.5,-2,0.4,490
2800,4.5,-1.5,0.4,489
2800,4.5,-1,0.4,487
2800,4.5,-0.5,0,484
2800,4.5,0,0,482
2800,4.5,0.3,0,483
2800,4.5,0.5,0,485
2800,5,-4,0.4,505
2800,5,-3.5,0.4,504
2800,5,-3,0.4,503
2800,5,-2.5,0.4,502
2800,5,-2,0.4,501
2800,5,-1.5,0.4,500
2800,5,-1,0.4,499
2800,5,-0.5,0.2,498
2800,5,0,0,495
2800,5,0.3,0,496
2800,5,0.5,0,497
2800,5.5,-4,0.4,516
2800,5.5,-3.5,0.4,515
2800,5.5,-3,0.4,514
2800,5.5,-2.5,0.4,513
2800,5.5,-2,0.4,512
2800,5.5,-1.5,0.4,511
2800,5.5,-1,0.4,510
2800,5.5,-0.5,0.2,509
2800,5.5,0,0,506
2800,5.5,0.3,0,507
2800,5.5,0.5,0,508
2800,6,-1.5,0.4,522
2800,6,-1,0.4,521
2800,6,-0.5,0.2,520
2800,6,0,0,517
2800,6,0.3,0,518
2800,6,0.5,0,519
2900,-0.5,-4,0.4,555
2900,-0.5,-3.5,0.4,553
2900,-0.5,-3,0.4,551
2900,-0.5,-2.5,0.4,549
2900,-0.5,-2,0.4,547
2900,-0.5,-1.5,0.4,545
2900,-0.5,-1,0.4,543
2900,-0.5,-0.5,0.2,541
2900,-0.5,0,0,535
2900,-0.5,0.3,0,537
2900,-0.5,0.5,0,539
2900,0,-4,0.4,533
2900,0,-3.5,0.4,532
2900,0,-3,0.4,531
2900,0,-2.5,0.4,530
2900,0,-2,0.4,529
2900,0,-1.5,0.4,528
2900,0,-1,0.4,527
2900,0,-0.5,0.2,526
2900,0,0,0,523
2900,0,0.3,0,524
2900,0,0.5,0,525
2900,0.5,-4,0.4,554
2900,0.5,-3.5,0.4,552
2900,0.5,-3,0.4,550
2900,0.5,-2.5,0.4,548
2900,0.5,-2,0.4,546
2900,0.5,-1.5,0.4,544
2900,0.5,-1,0.4,542
2900,0.5,-0.5,0.2,540
2900,0.5,0,0,534
2900,0.5,0.3,0,536
2900,0.5,0.5,0,538
2900,1,-4,0.4,566
2900,1,-3.5,0.4,565
2900,1,-3,0.4,564
2900,1,-2.5,0.4,563
2900,1,-2,0.4,562
2900,1,-1.5,0.4,561
2900,1,-1,0.4,560
2900,1,-0.5,0.2,559
2900,1,0,0,556
2900,1,0.3,0,557
2900,1,0.5,0,558
2900,1.5,-4,0.4,577
2900,1.5,-3.5,0.4,576
2900,1.5,-3,0.4,575
2900,1.5,-2.5,0.4,574
2900,1.5,-2,0.4,573
2900,1.5,-1.5,0.4,572
2900,1.5,-1,0.4,571
2900,1.5,-0.5,0.2,570
2900,1.5,0,0,567
2900,1.5,0.3,0,568
2900,1.5,0.5,0,569
2900,2,-4,0.4,588
2900,2,-3.5,0.4,587
2900,2,-3,0.4,586
2900,2,-2.5,0.4,585
2900,2,-2,0.4,584
2900,2,-1.5,0.4,583
2900,2,-1,0.4,582
2900,2,-0.5,0.2,581
2900,2,0,0,578
2900,2,0.3,0,579
2900,2,0.5,0,580
2900,2.5,-4,0.4,599
2900,2.5,-3.5,0.4,598
2900,2.5,-3,0.4,597
2900,2.5,-2.5,0.4,596
2900,2.5,-2,0.4,595
2900,2.5,-1.5,0.4,594
2900,2.5,-1,0.4,593
2900,2.5,-0.5,0.2,592
2900,2.5,0,0,589
2900,2.5,0.3,0,590
2900,2.5,0.5,0,591
2900,3,-4,0.4,610
2900,3,-3.5,0.4,609
2900,3,-3,0.4,608
2900,3,-2.5,0.4,607
2900,3,-2,0.4,606
2900,3,-1.5,0.4,605
2900,3,-1,0.4,604
2900,3,-0.5,0.2,603
2900,3,0,0,600
2900,3,0.3,0,601
2900,3,0.5,0,602
2900,3.5,-4,0.4,621
2900,3.5,-3.5,0.4,620
2900,3.5,-3,0.4,619
2900,3.5,-2.5,0.4,618
2900,3.5,-2,0.4,617
2900,3.5,-1.5,0.4,616
2900,3.5,-1,0.4,615
2900,3.5,-0.5,0.2,614
2900,3.5,0,0,611
2900,3.5,0.3,0,612
2900,3.5,0.5,0,613
2900,4,-4,0.4,633
2900,4,-3.5,0.4,632
2900,4,-3,0.4,631
2900,4,-2.5,0.4,630
2900,4,-2,0.4,629
2900,4,-1.5,0.4,628
2900,4,-1,0.4,627
2900,4,-0.5,0,624
2900,4,0,0,622
2900,4,0.3,0,623
2900,4,0.5,0,625
2900,4.5,-4,0.4,645
2900,4.5,-3.5,0.4,644
2900,4.5,-3,0.4,643
2900,4.5,-2.5,0.4,642
2900,4.5,-2,0.4,641
2900,4.5,-1.5,0.4,640
2900,4.5,-1,0.4,639
2900,4.5,-0.5,0,636
2900,4.5,0,0,634
2900,4.5,0.3,0,635
2900,4.5,0.5,0,637
2900,5,-4,0.4,656
2900,5,-3.5,0.4,655
2900,5,-3,0.4,654
2900,5,-2.5,0.4,653
2900,5,-2,0.4,652
2900,5,-1.5,0.4,651
2900,5,-1,0.4,650
2900,5,-0.5,0.2,649
2900,5,0,0,646
2900,5,0.3,0,647
2900,5,0.5,0,648
2900,5.5,-4,0.4,667
2900,5.5,-3.5,0.4,666
2900,5.5,-3,0.4,665
2900,5.5,-2.5,0.4,664
2900,5.5,-2,0.4,663
2900,5.5,-1.5,0.4,662
2900,5.5,-1,0.4,661
2900,5.5,-0.5,0.2,660
2900,5.5,0,0,657
2900,5.5,0.3,0,658
2900,5.5,0.5,0,659
2900,6,-1.5,0.4,673
2900,6,-1,0.4,672
2900,6,-0.5,0.2,671
2900,6,0,0,668
2900,6,0.3,0,669
2900,6,0.5,0,670
3000,-0.5,-4,0.4,706
3000,-0.5,-3.5,0.4,704
3000,-0.5,-3,0.4,702
3000,-0.5,-2.5,0.4,700
3000,-0.5,-2,0.4,698
3000,-0.5,-1.5,0.4,696
3000,-0.5,-1,0.4,694
3000,-0.5,-0.5,0.2,692
3000,-0.5,0,0,686
3000,-0.5,0.3,0,688
3000,-0.5,0.5,0,690
3000,0,-4,0.4,684
3000,0,-3.5,0.4,683
3000,0,-3,0.4,682
3000,0,-2.5,0.4,681
3000,0,-2,0.4,680
3000,0,-1.5,0.4,679
3000,0,-1,0.4,678
3000,0,-0.5,0.2,677
3000,0,0,0,674
3000,0,0.3,0,675
3000,0,0.5,0,676
3000,0.5,-4,0.4,705
3000,0.5,-3.5,0.4,703
3000,0.5,-3,0.4,701
3000,0.5,-2.5,0.4,699
3000,0.5,-2,0.4,697
3000,0.5,-1.5,0.4,695
3000,0.5,-1,0.4,693
3000,0.5,-0.5,0.2,691
3000,0.5,0,0,685
3000,0.5,0.3,0,687
3000,0.5,0.5,0,689
3000,1,-4,0.4,717
3000,1,-3.5,0.4,716
3000,1,-3,0.4,715
3000,1,-2.5,0.4,714
3000,1,-2,0.4,713
3000,1,-1.5,0.4,712
3000,1,-1,0.4,711
3000,1,-0.5,0.2,710
3000,1,0,0,707
3000,1,0.3,0,708
3000,1,0.5,0,709
3000,1.5,-4,0.4,728
3000,1.5,-3.5,0.4,727
3000,1.5,-3,0.4,726
3000,1.5,-2.5,0.4,725
3000,1.5,-2,0.4,724
3000,1.5,-1.5,0.4,723
3000,1.5,-1,0.4,722
3000,1.5,-0.5,0.2,721
3000,1.5,0,0,718
3000,1.5,0.3,0,719
3000,1.5,0.5,0,720
3000,2,-4,0.4,739
3000,2,-3.5,0.4,738
3000,2,-3,0.4,737
3000,2,-2.5,0.4,736
3000,2,-2,0.4,735
3000,2,-1.5,0.4,734
3000,2,-1,0.4,733
3000,2,-0.5,0.2,732
3000,2,0,0,729
3000,2,0.3,0,730
3000,2,0.5,0,731
3000,2.5,-4,0.4,750
3000,2.5,-3.5,0.4,749
3000,2.5,-3,0.4,748
3000,2.5,-2.5,0.4,747
3000,2.5,-2,0.4,746
3000,2.5,-1.5,0.4,745
3000,2.5,-1,0.4,744
3000,2.5,-0.5,0.2,743
3000,2.5,0,0,740
3000,2.5,0.3,0,741
3000,2.5,0.5,0,742
3000,3,-4,0.4,761
3000,3,-3.5,0.4,760
3000,3,-3,0.4,759
3000,3,-2.5,0.4,758
3000,3,-2,0.4,757
3000,3,-1.5,0.4,756
3000,3,-1,0.4,755
3000,3,-0.5,0.2,754
3000,3,0,0,751
3000,3,0.3,0,752
3000,3,0.5,0,753
3000,3.5,-4,0.4,772
3000,3.5,-3.5,0.4,771
3000,3.5,-3,0.4,770
3000,3.5,-2.5,0.4,769
3000,3.5,-2,0.4,768
3000,3.5,-1.5,0.4,767
3000,3.5,-1,0.4,766
3000,3.5,-0.5,0.2,765
3000,3.5,0,0,762
3000,3.5,0.3,0,763
3000,3.5,0.5,0,764
3000,4,-4,0.4,792
3000,4,-3.5,0.4,791
3000,4,-3,0.4,790
3000,4,-2.5,0.4,789
3000,4,-2,0.4,788
3000,4,-1.5,0.2,786
3000,4,-1,0.2,783
3000,4,-0.5,0,777
3000,4,0,0,773
3000,4,0.3,0,776
3000,4,0.5,0,778
3000,4.5,-4,0.4,805
3000,4.5,-3.5,0.4,804
3000,4.5,-3,0.4,803
3000,4.5,-2.5,0.4,802
3000,4.5,-2,0.4,801
3000,4.5,-1.5,0.4,800
3000,4.5,-1,0.4,798
3000,4.5,-0.5,0,795
3000,4.5,0,0,793
3000,4.5,0.3,0,794
3000,4.5,0.5,0,796
3000,5,-4,0.4,816
3000,5,-3.5,0.4,815
3000,5,-3,0.4,814
3000,5,-2.5,0.4,813
3000,5,-2,0.4,812
3000,5,-1.5,0.4,811
3000,5,-1,0.4,810
3000,5,-0.5,0.2,809
3000,5,0,0,806
3000,5,0.3,0,807
3000,5,0.5,0,808
3000,5.5,-4,0.4,827
3000,5.5,-3.5,0.4,826
3000,5.5,-3,0.4,825
3000,5.5,-2.5,0.4,824
3000,5.5,-2,0.4,823
3000,5.5,-1.5,0.4,822
3000,5.5,-1,0.4,821
3000,5.5,-0.5,0.2,820
3000,5.5,0,0,817
3000,5.5,0.3,0,818
3000,5.5,0.5,0,819
3000,6,-1.5,0.4,833
3000,6,-1,0.4,832
3000,6,-0.5,0.2,831
3000,6,0,0,828
3000,6,0.3,0,829
3000,6,0.5,0,830
3100,-0.5,-4,0.4,866
3100,-0.5,-3.5,0.4,864
3100,-0.5,-3,0.4,862
3100,-0.5,-2.5,0.4,860
3100,-0.5,-2,0.4,858
3100,-0.5,-1.5,0.4,856
3100,-0.5,-1,0.4,854
3100,-0.5,-0.5,0.2,852
3100,-0.5,0,0,846
3100,-0.5,0.3,0,848
3100,-0.5,0.5,0,850
3100,0,-4,0.4,844
3100,0,-3.5,0.4,843
3100,0,-3,0.4,842
3100,0,-2.5,0.4,841
3100,0,-2,0.4,840
3100,0,-1.5,0.4,839
3100,0,-1,0.4,838
3100,0,-0.5,0.2,837
3100,0,0,0,834
3100,0,0.3,0,835
3100,0,0.5,0,836
3100,0.5,-4,0.4,865
3100,0.5,-3.5,0.4,863
3100,0.5,-3,0.4,861
3100,0.5,-2.5,0.4,859
3100,0.5,-2,0.4,857
3100,0.5,-1.5,0.4,855
3100,0.5,-1,0.4,853
3100,0.5,-0.5,0.2,851
3100,0.5,0,0,845
3100,0.5,0.3,0,847
3100,0.5,0.5,0,849
3100,1,-4,0.4,877
3100,1,-3.5,0.4,876
3100,1,-3,0.4,875
3100,1,-2.5,0.4,874
3100,1,-2,0.4,873
3100,1,-1.5,0.4,872
3100,1,-1,0.4,871
3100,1,-0.5,0.2,870
3100,1,0,0,867
3100,1,0.3,0,868
3100,1,0.5,0,869
3100,1.5,-4,0.4,888
3100,1.5,-3.5,0.4,887
3100,1.5,-3,0.4,886
3100,1.5,-2.5,0.4,885
3100,1.5,-2,0.4,884
3100,1.5,-1.5,0.4,883
3100,1.5,-1,0.4,882
3100,1.5,-0.5,0.2,881
3100,1.5,0,0,878
3100,1.5,0.3,0,879
3100,1.5,0.5,0,880
3100,2,-4,0.4,899
3100,2,-3.5,0.4,898
3100,2,-3,0.4,897
3100,2,-2.5,0.4,896
3100,2,-2,0.4,895
3100,2,-1.5,0.4,894
3100,2,-1,0.4,893
3100,2,-0.5,0.2,892
3100,2,0,0,889
3100,2,0.3,0,890
3100,2,0.5,0,891
3100,2.5,-4,0.4,910
3100,2.5,-3.5,0.4,909
3100,2.5,-3,0.4,908
3100,2.5,-2.5,0.4,907
3100,2.5,-2,0.4,906
3100,2.5,-1.5,0.4,905
3100,2.5,-1,0.4,904
3100,2.5,-0.5,0.2,903
3100,2.5,0,0,900
3100,2.5,0.3,0,901
3100,2.5,0.5,0,902
3100,3,-4,0.4,921
3100,3,-3.5,0.4,920
3100,3,-3,0.4,919
3100,3,-2.5,0.4,918
3100,3,-2,0.4,917
3100,3,-1.5,0.4,916
3100,3,-1,0.4,915
3100,3,-0.5,0.2,914
3100,3,0,0,911
3100,3,0.3,0,912
3100,3,0.5,0,913
3100,3.5,-4,0.4,932
3100,3.5,-3.5,0.4,931
3100,3.5,-3,0.4,930
3100,3.5,-2.5,0.4,929
3100,3.5,-2,0.4,928
3100,3.5,-1.5,0.4,927
3100,3.5,-1,0.4,926
3100,3.5,-0.5,0.2,925
3100,3.5,0,0,922
3100,3.5,0.3,0,923
3100,3.5,0.5,0,924
3100,4,-4,0.4,944
3100,4,-3.5,0.4,943
3100,4,-3,0.4,942
3100,4,-2.5,0.4,941
3100,4,-2,0.4,940
3100,4,-1.5,0.4,939
3100,4,-1,0.4,938
3100,4,-0.5,0,935
3100,4,0,0,933
3100,4,0.3,0,934
3100,4,0.5,0,936
3100,4.5,-4,0.4,956
3100,4.5,-3.5,0.4,955
3100,4.5,-3,0.4,954
3100,4.5,-2.5,0.4,953
3100,4.5,-2,0.4,952
3100,4.5,-1.5,0.4,951
3100,4.5,-1,0.4,950
3100,4.5,-0.5,0,947
3100,4.5,0,0,945
3100,4.5,0.3,0,946
3100,4.5,0.5,0,948
3100,5,-4,0.4,967
3100,5,-3.5,0.4,966
3100,5,-3,0.4,965
3100,5,-2.5,0.4,964
3100,5,-2,0.4,963
3100,5,-1.5,0.4,962
3100,5,-1,0.4,961
3100,5,-0.5,0.2,960
3100,5,0,0,957
3100,5,0.3,0,958
3100,5,0.5,0,959
3100,5.5,-4,0.4,978
3100,5.5,-3.5,0.4,977
3100,5.5,-3,0.4,976
3100,5.5,-2.5,0.4,975
3100,5.5,-2,0.4,974
3100,5.5,-1.5,0.4,973
3100,5.5,-1,0.4,972
3100,5.5,-0.5,0.2,971
3100,5.5,0,0,968
3100,5.5,0.3,0,969
3100,5.5,0.5,0,970
3100,6,-1.5,0.4,984
3100,6,-1,0.4,983
3100,6,-0.5,0.2,982
3100,6,0,0,979
3100,6,0.3,0,980
3100,6,0.5,0,981
3200,-0.5,-4,0.4,1017
3200,-0.5,-3.5,0.4,1015
3200,-0.5,-3,0.4,1013
3200,-0.5,-2.5,0.4,1011
3200,-0.5,-2,0.4,1009
3200,-0.5,-1.5,0.4,1007
3200,-0.5,-1,0.4,1005
3200,-0.5,-0.5,0.2,1003
3200,-0.5,0,0,997
3200,-0.5,0.3,0,999
3200,-0.5,0.5,0,1001
3200,0,-4,0.4,995
3200,0,-3.5,0.4,994
3200,0,-3,0.4,993
3200,0,-2.5,0.4,992
3200,0,-2,0.4,991
3200,0,-1.5,0.4,990
3200,0,-1,0.4,989
3200,0,-0.5,0.2,988
3200,0,0,0,985
3200,0,0.3,0,986
3200,0,0.5,0,987
3200,0.5,-4,0.4,1016
3200,0.5,-3.5,0.4,1014
3200,0.5,-3,0.4,1012
3200,0.5,-2.5,0.4,1010
3200,0.5,-2,0.4,1008
3200,0.5,-1.5,0.4,1006
3200,0.5,-1,0.4,1004
3200,0.5,-0.5,0.2,1002
3200,0.5,0,0,996
3200,0.5,0.3,0,998
3200,0.5,0.5,0,1000
3200,1,-4,0.4,1028
3200,1,-3.5,0.4,1027
3200,1,-3,0.4,1026
3200,1,-2.5,0.4,1025
3200,1,-2,0.4,1024
3200,1,-1.5,0.4,1023
3200,1,-1,0.4,1022
3200,1,-0.5,0.2,1021
3200,1,0,0,1018
3200,1,0.3,0,1019
3200,1,0.5,0,1020
3200,1.5,-4,0.4,1039
3200,1.5,-3.5,0.4,1038
3200,1.5,-3,0.4,1037
3200,1.5,-2.5,0.4,1036
3200,1.5,-2,0.4,1035
3200,1.5,-1.5,0.4,1034
3200,1.5,-1,0.4,1033
3200,1.5,-0.5,0.2,1032
3200,1.5,0,0,1029
3200,1.5,0.3,0,1030
3200,1.5,0.5,0,1031
3200,2,-4,0.4,1050
3200,2,-3.5,0.4,1049
3200,2,-3,0.4,1048
3200,2,-2.5,0.4,1047
3200,2,-2,0.4,1046
3200,2,-1.5,0.4,1045
3200,2,-1,0.4,1044
3200,2,-0.5,0.2,1043
3200,2,0,0,1040
3200,2,0.3,0,1041
3200,2,0.5,0,1042
3200,2.5,-4,0.4,1061
3200,2.5,-3.5,0.4,1060
3200,2.5,-3,0.4,1059
3200,2.5,-2.5,0.4,1058
3200,2.5,-2,0.4,1057
3200,2.5,-1.5,0.4,1056
3200,2.5,-1,0.4,1055
3200,2.5,-0.5,0.2,1054
3200,2.5,0,0,1051
3200,2.5,0.3,0,1052
3200,2.5,0.5,0,1053
3200,3,-4,0.4,1072
3200,3,-3.5,0.4,1071
3200,3,-3,0.4,1070
3200,3,-2.5,0.4,1069
3200,3,-2,0.4,1068
3200,3,-1.5,0.4,1067
3200,3,-1,0.4,1066
3200,3,-0.5,0.2,1065
3200,3,0,0,1062
3200,3,0.3,0,1063
3200,3,0.5,0,1064
3200,3.5,-4,0.4,1083
3200,3.5,-3.5,0.4,1082
3200,3.5,-3,0.4,1081
3200,3.5,-2.5,0.4,1080
3200,3.5,-2,0.4,1079
3200,3.5,-1.5,0.4,1078
3200,3.5,-1,0.4,1077
3200,3.5,-0.5,0.2,1076
3200,3.5,0,0,1073
3200,3.5,0.3,0,1074
3200,3.5,0.5,0,1075
3200,4,-4,0.4,1102
3200,4,-3.5,0.4,1101
3200,4,-3,0.4,1100
3200,4,-2.5,0.4,1099
3200,4,-2,0.4,1098
3200,4,-1.5,0.2,1096
3200,4,-1,0.2,1093
3200,4,-0.5,0,1088
3200,4,0,0,1084
3200,4,0.3,0,1087
3200,4,0.5,0,1089
3200,4.5,-4,0.4,1115
3200,4.5,-3.5,0.4,1114
3200,4.5,-3,0.4,1113
3200,4.5,-2.5,0.4,1112
3200,4.5,-2,0.4,1111
3200,4.5,-1.5,0.4,1110
3200,4.5,-1,0.4,1108
3200,4.5,-0.5,0,1105
3200,4.5,0,0,1103
3200,4.5,0.3,0,1104
3200,4.5,0.5,0,1106
3200,5,-4,0.4,1126
3200,5,-3.5,0.4,1125
3200,5,-3,0.4,1124
3200,5,-2.5,0.4,1123
3200,5,-2,0.4,1122
3200,5,-1.5,0.4,1121
3200,5,-1,0.4,1120
3200,5,-0.5,0.2,1119
3200,5,0,0,1116
3200,5,0.3,0,1117
3200,5,0.5,0,1118
3200,5.5,-4,0.4,1137
3200,5.5,-3.5,0.4,1136
3200,5.5,-3,0.4,1135
3200,5.5,-2.5,0.4,1134
3200,5.5,-2,0.4,1133
3200,5.5,-1.5,0.4,1132
3200,5.5,-1,0.4,1131
3200,5.5,-0.5,0.2,1130
3200,5.5,0,0,1127
3200,5.5,0.3,0,1128
3200,5.5,0.5,0,1129
3200,6,-2,0.4,1144
3200,6,-1.5,0.4,1143
3200,6,-1,0.4,1142
3200,6,-0.5,0.2,1141
3200,6,0,0,1138
3200,6,0.3,0,1139
3200,6,0.5,0,1140
3300,-0.5,-4,0.4,1177
3300,-0.5,-3.5,0.4,1175
3300,-0.5,-3,0.4,1173
3300,-0.5,-2.5,0.4,1171
3300,-0.5,-2,0.4,1169
3300,-0.5,-1.5,0.4,1167
3300,-0.5,-1,0.4,1165
3300,-0.5,-0.5,0.2,1163
3300,-0.5,0,0,1157
3300,-0.5,0.3,0,1159
3300,-0.5,0.5,0,1161
3300,0,-4,0.4,1155
3300,0,-3.5,0.4,1154
3300,0,-3,0.4,1153
3300,0,-2.5,0.4,1152
3300,0,-2,0.4,1151
3300,0,-1.5,0.4,1150
3300,0,-1,0.4,1149
3300,0,-0.5,0.2,1148
3300,0,0,0,1145
3300,0,0.3,0,1146
3300,0,0.5,0,1147
3300,0.5,-4,0.4,1176
3300,0.5,-3.5,0.4,1174
3300,0.5,-3,0.4,1172
3300,0.5,-2.5,0.4,1170
3300,0.5,-2,0.4,1168
3300,0.5,-1.5,0.4,1166
3300,0.5,-1,0.4,1164
3300,0.5,-0.5,0.2,1162
3300,0.5,0,0,1156
3300,0.5,0.3,0,1158
3300,0.5,0.5,0,1160
3300,1,-4,0.4,1188
3300,1,-3.5,0.4,1187
3300,1,-3,0.4,1186
3300,1,-2.5,0.4,1185
3300,1,-2,0.4,1184
3300,1,-1.5,0.4,1183
3300,1,-1,0.4,1182
3300,1,-0.5,0.2,1181
3300,1,0,0,1178
3300,1,0.3,0,1179
3300,1,0.5,0,1180
3300,1.5,-4,0.4,1199
3300,1.5,-3.5,0.4,1198
3300,1.5,-3,0.4,1197
3300,1.5,-2.5,0.4,1196
3300,1.5,-2,0.4,1195
3300,1.5,-1.5,0.4,1194
3300,1.5,-1,0.4,1193
3300,1.5,-0.5,0.2,1192
3300,1.5,0,0,1189
3300,1.5,0.3,0,1190
3300,1.5,0.5,0,1191
3300,2,-4,0.4,1210
3300,2,-3.5,0.4,1209
3300,2,-3,0.4,1208
3300,2,-2.5,0.4,1207
3300,2,-2,0.4,1206
3300,2,-1.5,0.4,1205
3300,2,-1,0.4,1204
3300,2,-0.5,0.2,1203
3300,2,0,0,1200
3300,2,0.3,0,1201
3300,2,0.5,0,1202
3300,2.5,-4,0.4,1221
3300,2.5,-3.5,0.4,1220
3300,2.5,-3,0.4,1219
3300,2.5,-2.5,0.4,1218
3300,2.5,-2,0.4,1217
3300,2.5,-1.5,0.4,1216
3300,2.5,-1,0.4,1215
3300,2.5,-0.5,0.2,1214
3300,2.5,0,0,1211
3300,2.5,0.3,0,1212
3300,2.5,0.5,0,1213
3300,3,-4,0.4,1232
3300,3,-3.5,0.4,1231
3300,3,-3,0.4,1230
3300,3,-2.5,0.4,1229
3300,3,-2,0.4,1228
3300,3,-1.5,0.4,1227
3300,3,-1,0.4,1226
3300,3,-0.5,0.2,1225
3300,3,0,0,1222
3300,3,0.3,0,1223
3300,3,0.5,0,1224
3300,3.5,-4,0.4,1243
3300,3.5,-3.5,0.4,1242
3300,3.5,-3,0.4,1241
3300,3.5,-2.5,0.4,1240
3300,3.5,-2,0.4,1239
3300,3.5,-1.5,0.4,1238
3300,3.5,-1,0.4,1237
3300,3.5,-0.5,0.2,1236
3300,3.5,0,0,1233
3300,3.5,0.3,0,1234
3300,3.5,0.5,0,1235
3300,4,-4,0.4,1255
3300,4,-3.5,0.4,1254
3300,4,-3,0.4,1253
3300,4,-2.5,0.4,1252
3300,4,-2,0.4,1251
3300,4,-1.5,0.4,1250
3300,4,-1,0.4,1249
3300,4,-0.5,0,1246
3300,4,0,0,1244
3300,4,0.3,0,1245
3300,4,0.5,0,1247
3300,4.5,-4,0.4,1267
3300,4.5,-3.5,0.4,1266
3300,4.5,-3,0.4,1265
3300,4.5,-2.5,0.4,1264
3300,4.5,-2,0.4,1263
3300,4.5,-1.5,0.4,1262
3300,4.5,-1,0.4,1261
3300,4.5,-0.5,0,1258
3300,4.5,0,0,1256
3300,4.5,0.3,0,1257
3300,4.5,0.5,0,1259
3300,5,-4,0.4,1278
3300,5,-3.5,0.4,1277
3300,5,-3,0.4,1276
3300,5,-2.5,0.4,1275
3300,5,-2,0.4,1274
3300,5,-1.5,0.4,1273
3300,5,-1,0.4,1272
3300,5,-0.5,0.2,1271
3300,5,0,0,1268
3300,5,0.3,0,1269
3300,5,0.5,0,1270
3300,5.5,-4,0.4,1289
3300,5.5,-3.5,0.4,1288
3300,5.5,-3,0.4,1287
3300,5.5,-2.5,0.4,1286
3300,5.5,-2,0.4,1285
3300,5.5,-1.5,0.4,1284
3300,5.5,-1,0.4,1283
3300,5.5,-0.5,0.2,1282
3300,5.5,0,0,1279
3300,5.5,0.3,0,1280
3300,5.5,0.5,0,1281
3300,6,-2,0.4,1296
3300,6,-1.5,0.4,1295
3300,6,-1,0.4,1294
3300,6,-0.5,0.2,1293
3300,6,0,0,1290
3300,6,0.3,0,1291
3300,6,0.5,0,1292
3400,-0.5,-4,0.4,1329
3400,-0.5,-3.5,0.4,1327
3400,-0.5,-3,0.4,1325
3400,-0.5,-2.5,0.4,1323
3400,-0.5,-2,0.4,1321
3400,-0.5,-1.5,0.4,1319
3400,-0.5,-1,0.4,1317
3400,-0.5,-0.5,0.2,1315
3400,-0.5,0,0,1309
3400,-0.5,0.3,0,1311
3400,-0.5,0.5,0,1313
3400,0,-4,0.4,1307
3400,0,-3.5,0.4,1306
3400,0,-3,0.4,1305
3400,0,-2.5,0.4,1304
3400,0,-2,0.4,1303
3400,0,-1.5,0.4,1302
3400,0,-1,0.4,1301
3400,0,-0.5,0.2,1300
3400,0,0,0,1297
3400,0,0.3,0,1298
3400,0,0.5,0,1299
3400,0.5,-4,0.4,1328
3400,0.5,-3.5,0.4,1326
3400,0.5,-3,0.4,1324
3400,0.5,-2.5,0.4,1322
3400,0.5,-2,0.4,1320
3400,0.5,-1.5,0.4,1318
3400,0.5,-1,0.4,1316
3400,0.5,-0.5,0.2,1314
3400,0.5,0,0,1308
3400,0.5,0.3,0,1310
3400,0.5,0.5,0,1312
3400,1,-4,0.4,1340
3400,1,-3.5,0.4,1339
3400,1,-3,0.4,1338
3400,1,-2.5,0.4,1337
3400,1,-2,0.4,1336
3400,1,-1.5,0.4,1335
3400,1,-1,0.4,1334
3400,1,-0.5,0.2,1333
3400,1,0,0,1330
3400,1,0.3,0,1331
3400,1,0.5,0,1332
3400,1.5,-4,0.4,1351
3400,1.5,-3.5,0.4,1350
3400,1.5,-3,0.4,1349
3400,1.5,-2.5,0.4,1348
3400,1.5,-2,0.4,1347
3400,1.5,-1.5,0.4,1346
3400,1.5,-1,0.4,1345
3400,1.5,-0.5,0.2,1344
3400,1.5,0,0,1341
3400,1.5,0.3,0,1342
3400,1.5,0.5,0,1343
3400,2,-4,0.4,1362
3400,2,-3.5,0.4,1361
3400,2,-3,0.4,1360
3400,2,-2.5,0.4,1359
3400,2,-2,0.4,1358
3400,2,-1.5,0.4,1357
3400,2,-1,0.4,1356
3400,2,-0.5,0.2,1355
3400,2,0,0,1352
3400,2,0.3,0,1353
3400,2,0.5,0,1354
3400,2.5,-4,0.4,1373
3400,2.5,-3.5,0.4,1372
3400,2.5,-3,0.4,1371
3400,2.5,-2.5,0.4,1370
3400,2.5,-2,0.4,1369
3400,2.5,-1.5,0.4,1368
3400,2.5,-1,0.4,1367
3400,2.5,-0.5,0.2,1366
3400,2.5,0,0,1363
3400,2.5,0.3,0,1364
3400,2.5,0.5,0,1365
3400,3,-4,0.4,1384
3400,3,-3.5,0.4,1383
3400,3,-3,0.4,1382
3400,3,-2.5,0.4,1381
3400,3,-2,0.4,1380
3400,3,-1.5,0.4,1379
3400,3,-1,0.4,1378
3400,3,-0.5,0.2,1377
3400,3,0,0,1374
3400,3,0.3,0,1375
3400,3,0.5,0,1376
3400,3.5,-4,0.4,1395
3400,3.5,-3.5,0.4,1394
3400,3.5,-3,0.4,1393
3400,3.5,-2.5,0.4,1392
3400,3.5,-2,0.4,1391
3400,3.5,-1.5,0.4,1390
3400,3.5,-1,0.4,1389
3400,3.5,-0.5,0.2,1388
3400,3.5,0,0,1385
3400,3.5,0.3,0,1386
3400,3.5,0.5,0,1387
3400,4,-4,0.4,1414
3400,4,-3.5,0.4,1413
3400,4,-3,0.4,1412
3400,4,-2.5,0.4,1411
3400,4,-2,0.4,1410
3400,4,-1.5,0.2,1408
3400,4,-1,0.2,1405
3400,4,-0.5,0,1400
3400,4,0,0,1396
3400,4,0.3,0,1399
3400,4,0.5,0,1401
3400,4.5,-4,0.4,1427
3400,4.5,-3.5,0.4,1426
3400,4.5,-3,0.4,1425
3400,4.5,-2.5,0.4,1424
3400,4.5,-2,0.4,1423
3400,4.5,-1.5,0.4,1422
3400,4.5,-1,0.4,1420
3400,4.5,-0.5,0,1417
3400,4.5,0,0,1415
3400,4.5,0.3,0,1416
3400,4.5,0.5,0,1418
3400,5,-4,0.4,1438
3400,5,-3.5,0.4,1437
3400,5,-3,0.4,1436
3400,5,-2.5,0.4,1435
3400,5,-2,0.4,1434
3400,5,-1.5,0.4,1433
3400,5,-1,0.4,1432
3400,5,-0.5,0.2,1431
3400,5,0,0,1428
3400,5,0.3,0,1429
3400,5,0.5,0,1430
3400,5.5,-4,0.4,1449
3400,5.5,-3.5,0.4,1448
3400,5.5,-3,0.4,1447
3400,5.5,-2.5,0.4,1446
3400,5.5,-2,0.4,1445
3400,5.5,-1.5,0.4,1444
3400,5.5,-1,0.4,1443
3400,5.5,-0.5,0.2,1442
3400,5.5,0,0,1439
3400,5.5,0.3,0,1440
3400,5.5,0.5,0,1441
3400,6,-2,0.4,1456
3400,6,-1.5,0.4,1455
3400,6,-1,0.4,1454
3400,6,-0.5,0.2,1453
3400,6,0,0,1450
3400,6,0.3,0,1451
3400,6,0.5,0,1452
3500,-0.5,-4,0.4,1489
3500,-0.5,-3.5,0.4,1487
3500,-0.5,-3,0.4,1485
3500,-0.5,-2.5,0.4,1483
3500,-0.5,-2,0.4,1481
3500,-0.5,-1.5,0.4,1479
3500,-0.5,-1,0.4,1477
3500,-0.5,-0.5,0.2,1475
3500,-0.5,0,0,1469
3500,-0.5,0.3,0,1471
3500,-0.5,0.5,0,1473
3500,0,-4,0.4,1467
3500,0,-3.5,0.4,1466
3500,0,-3,0.4,1465
3500,0,-2.5,0.4,1464
3500,0,-2,0.4,1463
3500,0,-1.5,0.4,1462
3500,0,-1,0.4,1461
3500,0,-0.5,0.2,1460
3500,0,0,0,1457
3500,0,0.3,0,1458
3500,0,0.5,0,1459
3500,0.5,-4,0.4,1488
3500,0.5,-3.5,0.4,1486
3500,0.5,-3,0.4,1484
3500,0.5,-2.5,0.4,1482
3500,0.5,-2,0.4,1480
3500,0.5,-1.5,0.4,1478
3500,0.5,-1,0.4,1476
3500,0.5,-0.5,0.2,1474
3500,0.5,0,0,1468
3500,0.5,0.3,0,1470
3500,0.5,0.5,0,1472
3500,1,-4,0.4,1500
3500,1,-3.5,0.4,1499
3500,1,-3,0.4,1498
3500,1,-2.5,0.4,1497
3500,1,-2,0.4,1496
3500,1,-1.5,0.4,1495
3500,1,-1,0.4,1494
3500,1,-0.5,0.2,1493
3500,1,0,0,1490
3500,1,0.3,0,1491
3500,1,0.5,0,1492
3500,1.5,-4,0.4,1511
3500,1.5,-3.5,0.4,1510
3500,1.5,-3,0.4,1509
3500,1.5,-2.5,0.4,1508
3500,1.5,-2,0.4,1507
3500,1.5,-1.5,0.4,1506
3500,1.5,-1,0.4,1505
3500,1.5,-0.5,0.2,1504
3500,1.5,0,0,1501
3500,1.5,0.3,0,1502
3500,1.5,0.5,0,1503
3500,2,-4,0.4,1522
3500,2,-3.5,0.4,1521
3500,2,-3,0.4,1520
3500,2,-2.5,0.4,1519
3500,2,-2,0.4,1518
3500,2,-1.5,0.4,1517
3500,2,-1,0.4,1516
3500,2,-0.5,0.2,1515
3500,2,0,0,1512
3500,2,0.3,0,1513
3500,2,0.5,0,1514
3500,2.5,-4,0.4,1533
3500,2.5,-3.5,0.4,1532
3500,2.5,-3,0.4,1531
3500,2.5,-2.5,0.4,1530
3500,2.5,-2,0.4,1529
3500,2.5,-1.5,0.4,1528
3500,2.5,-1,0.4,1527
3500,2.5,-0.5,0.2,1526
3500,2.5,0,0,1523
3500,2.5,0.3,0,1524
3500,2.5,0.5,0,1525
3500,3,-4,0.4,1544
3500,3,-3.5,0.4,1543
3500,3,-3,0.4,1542
3500,3,-2.5,0.4,1541
3500,3,-2,0.4,1540
3500,3,-1.5,0.4,1539
3500,3,-1,0.4,1538
3500,3,-0.5,0.2,1537
3500,3,0,0,1534
3500,3,0.3,0,1535
3500,3,0.5,0,1536
3500,3.5,-4,0.4,1555
3500,3.5,-3.5,0.4,1554
3500,3.5,-3,0.4,1553
3500,3.5,-2.5,0.4,1552
3500,3.5,-2,0.4,1551
3500,3.5,-1.5,0.4,1550
3500,3.5,-1,0.4,1549
3500,3.5,-0.5,0.2,1548
3500,3.5,0,0,1545
3500,3.5,0.3,0,1546
3500,3.5,0.5,0,1547
3500,4,-4,0.4,1567
3500,4,-3.5,0.4,1566
3500,4,-3,0.4,1565
3500,4,-2.5,0.4,1564
3500,4,-2,0.4,1563
3500,4,-1.5,0.4,1562
3500,4,-1,0.4,1561
3500,4,-0.5,0,1558
3500,4,0,0,1556
3500,4,0.3,0,1557
3500,4,0.5,0,1559
3500,4.5,-4,0.4,1579
3500,4.5,-3.5,0.4,1578
3500,4.5,-3,0.4,1577
3500,4.5,-2.5,0.4,1576
3500,4.5,-2,0.4,1575
3500,4.5,-1.5,0.4,1574
3500,4.5,-1,0.4,1573
3500,4.5,-0.5,0,1570
3500,4.5,0,0,1568
3500,4.5,0.3,0,1569
3500,4.5,0.5,0,1571
3500,5,-4,0.4,1590
3500,5,-3.5,0.4,1589
3500,5,-3,0.4,1588
3500,5,-2.5,0.4,1587
3500,5,-2,0.4,1586
3500,5,-1.5,0.4,1585
3500,5,-1,0.4,1584
3500,5,-0.5,0.2,1583
3500,5,0,0,1580
3500,5,0.3,0,1581
3500,5,0.5,0,1582
3500,5.5,-4,0.4,1601
3500,5.5,-3.5,0.4,1600
3500,5.5,-3,0.4,1599
3500,5.5,-2.5,0.4,1598
3500,5.5,-2,0.4,1597
3500,5.5,-1.5,0.4,1596
3500,5.5,-1,0.4,1595
3500,5.5,-0.5,0.2,1594
3500,5.5,0,0,1591
3500,5.5,0.3,0,1592
3500,5.5,0.5,0,1593
3500,6,-2,0.4,1608
3500,6,-1.5,0.4,1607
3500,6,-1,0.4,1606
3500,6,-0.5,0.2,1605
3500,6,0,0,1602
3500,6,0.3,0,1603
3500,6,0.5,0,1604
3600,-0.5,-4,0.4,1641
3600,-0.5,-3.5,0.4,1639
3600,-0.5,-3,0.4,1637
3600,-0.5,-2.5,0.4,1635
3600,-0.5,-2,0.4,1633
3600,-0.5,-1.5,0.4,1631
3600,-0.5,-1,0.4,1629
3600,-0.5,-0.5,0.2,1627
3600,-0.5,0,0,1621
3600,-0.5,0.3,0,1623
3600,-0.5,0.5,0,1625
3600,0,-4,0.4,1619
3600,0,-3.5,0.4,1618
3600,0,-3,0.4,1617
3600,0,-2.5,0.4,1616
3600,0,-2,0.4,1615
3600,0,-1.5,0.4,1614
3600,0,-1,0.4,1613
3600,0,-0.5,0.2,1612
3600,0,0,0,1609
3600,0,0.3,0,1610
3600,0,0.5,0,1611
3600,0.5,-4,0.4,1640
3600,0.5,-3.5,0.4,1638
3600,0.5,-3,0.4,1636
3600,0.5,-2.5,0.4,1634
3600,0.5,-2,0.4,1632
3600,0.5,-1.5,0.4,1630
3600,0.5,-1,0.4,1628
3600,0.5,-0.5,0.2,1626
3600,0.5,0,0,1620
3600,0.5,0.3,0,1622
3600,0.5,0.5,0,1624
3600,1,-4,0.4,1652
3600,1,-3.5,0.4,1651
3600,1,-3,0.4,1650
3600,1,-2.5,0.4,1649
3600,1,-2,0.4,1648
3600,1,-1.5,0.4,1647
3600,1,-1,0.4,1646
3600,1,-0.5,0.2,1645
3600,1,0,0,1642
3600,1,0.3,0,1643
3600,1,0.5,0,1644
3600,1.5,-4,0.4,1663
3600,1.5,-3.5,0.4,1662
3600,1.5,-3,0.4,1661
3600,1.5,-2.5,0.4,1660
3600,1.5,-2,0.4,1659
3600,1.5,-1.5,0.4,1658
3600,1.5,-1,0.4,1657
3600,1.5,-0.5,0.2,1656
3600,1.5,0,0,1653
3600,1.5,0.3,0,1654
3600,1.5,0.5,0,1655
3600,2,-4,0.4,1674
3600,2,-3.5,0.4,1673
3600,2,-3,0.4,1672
3600,2,-2.5,0.4,1671
3600,2,-2,0.4,1670
3600,2,-1.5,0.4,1669
3600,2,-1,0.4,1668
3600,2,-0.5,0.2,1667
3600,2,0,0,1664
3600,2,0.3,0,1665
3600,2,0.5,0,1666
3600,2.5,-4,0.4,1685
3600,2.5,-3.5,0.4,1684
3600,2.5,-3,0.4,1683
3600,2.5,-2.5,0.4,1682
3600,2.5,-2,0.4,1681
3600,2.5,-1.5,0.4,1680
3600,2.5,-1,0.4,1679
3600,2.5,-0.5,0.2,1678
3600,2.5,0,0,1675
3600,2.5,0.3,0,1676
3600,2.5,0.5,0,1677
3600,3,-4,0.4,1696
3600,3,-3.5,0.4,1695
3600,3,-3,0.4,1694
3600,3,-2.5,0.4,1693
3600,3,-2,0.4,1692
3600,3,-1.5,0.4,1691
3600,3,-1,0.4,1690
3600,3,-0.5,0.2,1689
3600,3,0,0,1686
3600,3,0.3,0,1687
3600,3,0.5,0,1688
3600,3.5,-4,0.4,1707
3600,3.5,-3.5,0.4,1706
3600,3.5,-3,0.4,1705
3600,3.5,-2.5,0.4,1704
3600,3.5,-2,0.4,1703
3600,3.5,-1.5,0.4,1702
3600,3.5,-1,0.4,1701
3600,3.5,-0.5,0.2,1700
3600,3.5,0,0,1697
3600,3.5,0.3,0,1698
3600,3.5,0.5,0,1699
3600,4,-4,0.4,1726
3600,4,-3.5,0.4,1725
3600,4,-3,0.4,1724
3600,4,-2.5,0.4,1723
3600,4,-2,0.4,1722
3600,4,-1.5,0.2,1720
3600,4,-1,0.2,1717
3600,4,-0.5,0,1712
3600,4,0,0,1708
3600,4,0.3,0,1711
3600,4,0.5,0,1713
3600,4.5,-4,0.4,1739
3600,4.5,-3.5,0.4,1738
3600,4.5,-3,0.4,1737
3600,4.5,-2.5,0.4,1736
3600,4.5,-2,0.4,1735
3600,4.5,-1.5,0.4,1734
3600,4.5,-1,0.4,1732
3600,4.5,-0.5,0,1729
3600,4.5,0,0,1727
3600,4.5,0.3,0,1728
3600,4.5,0.5,0,1730
3600,5,-4,0.4,1750
3600,5,-3.5,0.4,1749
3600,5,-3,0.4,1748
3600,5,-2.5,0.4,1747
3600,5,-2,0.4,1746
3600,5,-1.5,0.4,1745
3600,5,-1,0.4,1744
3600,5,-0.5,0.2,1743
3600,5,0,0,1740
3600,5,0.3,0,1741
3600,5,0.5,0,1742
3600,5.5,-4,0.4,1761
3600,5.5,-3.5,0.4,1760
3600,5.5,-3,0.4,1759
3600,5.5,-2.5,0.4,1758
3600,5.5,-2,0.4,1757
3600,5.5,-1.5,0.4,1756
3600,5.5,-1,0.4,1755
3600,5.5,-0.5,0.2,1754
3600,5.5,0,0,1751
3600,5.5,0.3,0,1752
3600,5.5,0.5,0,1753
3600,6,-2,0.4,1768
3600,6,-1.5,0.4,1767
3600,6,-1,0.4,1766
3600,6,-0.5,0.2,1765
3600,6,0,0,1762
3600,6,0.3,0,1763
3600,6,0.5,0,1764
3700,-0.5,-4,0.4,1801
3700,-0.5,-3.5,0.4,1799
3700,-0.5,-3,0.4,1797
3700,-0.5,-2.5,0.4,1795
3700,-0.5,-2,0.4,1793
3700,-0.5,-1.5,0.4,1791
3700,-0.5,-1,0.4,1789
3700,-0.5,-0.5,0.2,1787
3700,-0.5,0,0,1781
3700,-0.5,0.3,0,1783
3700,-0.5,0.5,0,1785
3700,0,-4,0.4,1779
3700,0,-3.5,0.4,1778
3700,0,-3,0.4,1777
3700,0,-2.5,0.4,1776
3700,0,-2,0.4,1775
3700,0,-1.5,0.4,1774
3700,0,-1,0.4,1773
3700,0,-0.5,0.2,1772
3700,0,0,0,1769
3700,0,0.3,0,1770
3700,0,0.5,0,1771
3700,0.5,-4,0.4,1800
3700,0.5,-3.5,0.4,1798
3700,0.5,-3,0.4,1796
3700,0.5,-2.5,0.4,1794
3700,0.5,-2,0.4,1792
3700,0.5,-1.5,0.4,1790
3700,0.5,-1,0.4,1788
3700,0.5,-0.5,0.2,1786
3700,0.5,0,0,1780
3700,0.5,0.3,0,1782
3700,0.5,0.5,0,1784
3700,1,-4,0.4,1812
3700,1,-3.5,0.4,1811
3700,1,-3,0.4,1810
3700,1,-2.5,0.4,1809
3700,1,-2,0.4,1808
3700,1,-1.5,0.4,1807
3700,1,-1,0.4,1806
3700,1,-0.5,0.2,1805
3700,1,0,0,1802
3700,1,0.3,0,1803
3700,1,0.5,0,1804
3700,1.5,-4,0.4,1823
3700,1.5,-3.5,0.4,1822
3700,1.5,-3,0.4,1821
3700,1.5,-2.5,0.4,1820
3700,1.5,-2,0.4,1819
3700,1.5,-1.5,0.4,1818
3700,1.5,-1,0.4,1817
3700,1.5,-0.5,0.2,1816
3700,1.5,0,0,1813
3700,1.5,0.3,0,1814
3700,1.5,0.5,0,1815
3700,2,-4,0.4,1834
3700,2,-3.5,0.4,1833
3700,2,-3,0.4,1832
3700,2,-2.5,0.4,1831
3700,2,-2,0.4,1830
3700,2,-1.5,0.4,1829
3700,2,-1,0.4,1828
3700,2,-0.5,0.2,1827
3700,2,0,0,1824
3700,2,0.3,0,1825
3700,2,0.5,0,1826
3700,2.5,-4,0.4,1845
3700,2.5,-3.5,0.4,1844
3700,2.5,-3,0.4,1843
3700,2.5,-2.5,0.4,1842
3700,2.5,-2,0.4,1841
3700,2.5,-1.5,0.4,1840
3700,2.5,-1,0.4,1839
3700,2.5,-0.5,0.2,1838
3700,2.5,0,0,1835
3700,2.5,0.3,0,1836
3700,2.5,0.5,0,1837
3700,3,-4,0.4,1856
3700,3,-3.5,0.4,1855
3700,3,-3,0.4,1854
3700,3,-2.5,0.4,1853
3700,3,-2,0.4,1852
3700,3,-1.5,0.4,1851
3700,3,-1,0.4,1850
3700,3,-0.5,0.2,1849
3700,3,0,0,1846
3700,3,0.3,0,1847
3700,3,0.5,0,1848
3700,3.5,-4,0.4,1867
3700,3.5,-3.5,0.4,1866
3700,3.5,-3,0.4,1865
3700,3.5,-2.5,0.4,1864
3700,3.5,-2,0.4,1863
3700,3.5,-1.5,0.4,1862
3700,3.5,-1,0.4,1861
3700,3.5,-0.5,0.2,1860
3700,3.5,0,0,1857
3700,3.5,0.3,0,1858
3700,3.5,0.5,0,1859
3700,4,-4,0.4,1879
3700,4,-3.5,0.4,1878
3700,4,-3,0.4,1877
3700,4,-2.5,0.4,1876
3700,4,-2,0.4,1875
3700,4,-1.5,0.4,1874
3700,4,-1,0.4,1873
3700,4,-0.5,0,1870
3700,4,0,0,1868
3700,4,0.3,0,1869
3700,4,0.5,0,1871
3700,4.5,-4,0.4,1891
3700,4.5,-3.5,0.4,1890
3700,4.5,-3,0.4,1889
3700,4.5,-2.5,0.4,1888
3700,4.5,-2,0.4,1887
3700,4.5,-1.5,0.4,1886
3700,4.5,-1,0.4,1885
3700,4.5,-0.5,0,1882
3700,4.5,0,0,1880
3700,4.5,0.3,0,1881
3700,4.5,0.5,0,1883
3700,5,-4,0.4,1902
3700,5,-3.5,0.4,1901
3700,5,-3,0.4,1900
3700,5,-2.5,0.4,1899
3700,5,-2,0.4,1898
3700,5,-1.5,0.4,1897
3700,5,-1,0.4,1896
3700,5,-0.5,0.2,1895
3700,5,0,0,1892
3700,5,0.3,0,1893
3700,5,0.5,0,1894
3700,5.5,-4,0.4,1913
3700,5.5,-3.5,0.4,1912
3700,5.5,-3,0.4,1911
3700,5.5,-2.5,0.4,1910
3700,5.5,-2,0.4,1909
3700,5.5,-1.5,0.4,1908
3700,5.5,-1,0.4,1907
3700,5.5,-0.5,0.2,1906
3700,5.5,0,0,1903
3700,5.5,0.3,0,1904
3700,5.5,0.5,0,1905
3700,6,-2,0.4,1920
3700,6,-1.5,0.4,1919
3700,6,-1,0.4,1918
3700,6,-0.5,0.2,1917
3700,6,0,0,1914
3700,6,0.3,0,1915
3700,6,0.5,0,1916
3800,-0.5,-4,0.4,1953
3800,-0.5,-3.5,0.4,1951
3800,-0.5,-3,0.4,1949
3800,-0.5,-2.5,0.4,1947
3800,-0.5,-2,0.4,1945
3800,-0.5,-1.5,0.4,1943
3800,-0.5,-1,0.4,1941
3800,-0.5,-0.5,0.2,1939
3800,-0.5,0,0,1933
3800,-0.5,0.3,0,1935
3800,-0.5,0.5,0,1937
3800,0,-4,0.4,1931
3800,0,-3.5,0.4,1930
3800,0,-3,0.4,1929
3800,0,-2.5,0.4,1928
3800,0,-2,0.4,1927
3800,0,-1.5,0.4,1926
3800,0,-1,0.4,1925
3800,0,-0.5,0.2,1924
3800,0,0,0,1921
3800,0,0.3,0,1922
3800,0,0.5,0,1923
3800,0.5,-4,0.4,1952
3800,0.5,-3.5,0.4,1950
3800,0.5,-3,0.4,1948
3800,0.5,-2.5,0.4,1946
3800,0.5,-2,0.4,1944
3800,0.5,-1.5,0.4,1942
3800,0.5,-1,0.4,1940
3800,0.5,-0.5,0.2,1938
3800,0.5,0,0,1932
3800,0.5,0.3,0,1934
3800,0.5,0.5,0,1936
3800,1,-4,0.4,1964
3800,1,-3.5,0.4,1963
3800,1,-3,0.4,1962
3800,1,-2.5,0.4,1961
3800,1,-2,0.4,1960
3800,1,-1.5,0.4,1959
3800,1,-1,0.4,1958
3800,1,-0.5,0.2,1957
3800,1,0,0,1954
3800,1,0.3,0,1955
3800,1,0.5,0,1956
3800,1.5,-4,0.4,1975
3800,1.5,-3.5,0.4,1974
3800,1.5,-3,0.4,1973
3800,1.5,-2.5,0.4,1972
3800,1.5,-2,0.4,1971
3800,1.5,-1.5,0.4,1970
3800,1.5,-1,0.4,1969
3800,1.5,-0.5,0.2,1968
3800,1.5,0,0,1965
3800,1.5,0.3,0,1966
3800,1.5,0.5,0,1967
3800,2,-4,0.4,1986
3800,2,-3.5,0.4,1985
3800,2,-3,0.4,1984
3800,2,-2.5,0.4,1983
3800,2,-2,0.4,1982
3800,2,-1.5,0.4,1981
3800,2,-1,0.4,1980
3800,2,-0.5,0.2,1979
3800,2,0,0,1976
3800,2,0.3,0,1977
3800,2,0.5,0,1978
3800,2.5,-4,0.4,1997
3800,2.5,-3.5,0.4,1996
3800,2.5,-3,0.4,1995
3800,2.5,-2.5,0.4,1994
3800,2.5,-2,0.4,1993
3800,2.5,-1.5,0.4,1992
3800,2.5,-1,0.4,1991
3800,2.5,-0.5,0.2,1990
3800,2.5,0,0,1987
3800,2.5,0.3,0,1988
3800,2.5,0.5,0,1989
3800,3,-4,0.4,2008
3800,3,-3.5,0.4,2007
3800,3,-3,0.4,2006
3800,3,-2.5,0.4,2005
3800,3,-2,0.4,2004
3800,3,-1.5,0.4,2003
3800,3,-1,0.4,2002
3800,3,-0.5,0.2,2001
3800,3,0,0,1998
3800,3,0.3,0,1999
3800,3,0.5,0,2000
3800,3.5,-4,0.4,2019
3800,3.5,-3.5,0.4,2018
3800,3.5,-3,0.4,2017
3800,3.5,-2.5,0.4,2016
3800,3.5,-2,0.4,2015
3800,3.5,-1.5,0.4,2014
3800,3.5,-1,0.4,2013
3800,3.5,-0.5,0.2,2012
3800,3.5,0,0,2009
3800,3.5,0.3,0,2010
3800,3.5,0.5,0,2011
3800,4,-4,0.4,2038
3800,4,-3.5,0.4,2037
3800,4,-3,0.4,2036
3800,4,-2.5,0.4,2035
3800,4,-2,0.4,2034
3800,4,-1.5,0.2,2032
3800,4,-1,0.2,2029
3800,4,-0.5,0,2024
3800,4,0,0,2020
3800,4,0.3,0,2023
3800,4,0.5,0,2025
3800,4.5,-4,0.4,2051
3800,4.5,-3.5,0.4,2050
3800,4.5,-3,0.4,2049
3800,4.5,-2.5,0.4,2048
3800,4.5,-2,0.4,2047
3800,4.5,-1.5,0.4,2046
3800,4.5,-1,0.4,2044
3800,4.5,-0.5,0,2041
3800,4.5,0,0,2039
3800,4.5,0.3,0,2040
3800,4.5,0.5,0,2042
3800,5,-4,0.4,2062
3800,5,-3.5,0.4,2061
3800,5,-3,0.4,2060
3800,5,-2.5,0.4,2059
3800,5,-2,0.4,2058
3800,5,-1.5,0.4,2057
3800,5,-1,0.4,2056
3800,5,-0.5,0.2,2055
3800,5,0,0,2052
3800,5,0.3,0,2053
3800,5,0.5,0,2054
3800,5.5,-4,0.4,2073
3800,5.5,-3.5,0.4,2072
3800,5.5,-3,0.4,2071
3800,5.5,-2.5,0.4,2070
3800,5.5,-2,0.4,2069
3800,5.5,-1.5,0.4,2068
3800,5.5,-1,0.4,2067
3800,5.5,-0.5,0.2,2066
3800,5.5,0,0,2063
3800,5.5,0.3,0,2064
3800,5.5,0.5,0,2065
3800,6,-2,0.4,2080
3800,6,-1.5,0.4,2079
3800,6,-1,0.4,2078
3800,6,-0.5,0.2,2077
3800,6,0,0,2074
3800,6,0.3,0,2075
3800,6,0.5,0,2076
3900,-0.5,-4,0.4,2113
3900,-0.5,-3.5,0.4,2111
3900,-0.5,-3,0.4,2109
3900,-0.5,-2.5,0.4,2107
3900,-0.5,-2,0.4,2105
3900,-0.5,-1.5,0.4,2103
3900,-0.5,-1,0.4,2101
3900,-0.5,-0.5,0.2,2099
3900,-0.5,0,0,2093
3900,-0.5,0.3,0,2095
3900,-0.5,0.5,0,2097
3900,0,-4,0.4,2091
3900,0,-3.5,0.4,2090
3900,0,-3,0.4,2089
3900,0,-2.5,0.4,2088
3900,0,-2,0.4,2087
3900,0,-1.5,0.4,2086
3900,0,-1,0.4,2085
3900,0,-0.5,0.2,2084
3900,0,0,0,2081
3900,0,0.3,0,2082
3900,0,0.5,0,2083
3900,0.5,-4,0.4,2112
3900,0.5,-3.5,0.4,2110
3900,0.5,-3,0.4,2108
3900,0.5,-2.5,0.4,2106
3900,0.5,-2,0.4,2104
3900,0.5,-1.5,0.4,2102
3900,0.5,-1,0.4,2100
3900,0.5,-0.5,0.2,2098
3900,0.5,0,0,2092
3900,0.5,0.3,0,2094
3900,0.5,0.5,0,2096
3900,1,-4,0.4,2124
3900,1,-3.5,0.4,2123
3900,1,-3,0.4,2122
3900,1,-2.5,0.4,2121
3900,1,-2,0.4,2120
3900,1,-1.5,0.4,2119
3900,1,-1,0.4,2118
3900,1,-0.5,0.2,2117
3900,1,0,0,2114
3900,1,0.3,0,2115
3900,1,0.5,0,2116
3900,1.5,-4,0.4,2135
3900,1.5,-3.5,0.4,2134
3900,1.5,-3,0.4,2133
3900,1.5,-2.5,0.4,2132
3900,1.5,-2,0.4,2131
3900,1.5,-1.5,0.4,2130
3900,1.5,-1,0.4,2129
3900,1.5,-0.5,0.2,2128
3900,1.5,0,0,2125
3900,1.5,0.3,0,2126
3900,1.5,0.5,0,2127
3900,2,-4,0.4,2146
3900,2,-3.5,0.4,2145
3900,2,-3,0.4,2144
3900,2,-2.5,0.4,2143
3900,2,-2,0.4,2142
3900,2,-1.5,0.4,2141
3900,2,-1,0.4,2140
3900,2,-0.5,0.2,2139
3900,2,0,0,2136
3900,2,0.3,0,2137
3900,2,0.5,0,2138
3900,2.5,-4,0.4,2157
3900,2.5,-3.5,0.4,2156
3900,2.5,-3,0.4,2155
3900,2.5,-2.5,0.4,2154
3900,2.5,-2,0.4,2153
3900,2.5,-1.5,0.4,2152
3900,2.5,-1,0.4,2151
3900,2.5,-0.5,0.2,2150
3900,2.5,0,0,2147
3900,2.5,0.3,0,2148
3900,2.5,0.5,0,2149
3900,3,-4,0.4,2168
3900,3,-3.5,0.4,2167
3900,3,-3,0.4,2166
3900,3,-2.5,0.4,2165
3900,3,-2,0.4,2164
3900,3,-1.5,0.4,2163
3900,3,-1,0.4,2162
3900,3,-0.5,0.2,2161
3900,3,0,0,2158
3900,3,0.3,0,2159
3900,3,0.5,0,2160
3900,3.5,-4,0.4,2179
3900,3.5,-3.5,0.4,2178
3900,3.5,-3,0.4,2177
3900,3.5,-2.5,0.4,2176
3900,3.5,-2,0.4,2175
3900,3.5,-1.5,0.4,2174
3900,3.5,-1,0.4,2173
3900,3.5,-0.5,0.2,2172
3900,3.5,0,0,2169
3900,3.5,0.3,0,2170
3900,3.5,0.5,0,2171
3900,4,-4,0.4,2191
3900,4,-3.5,0.4,2190
3900,4,-3,0.4,2189
3900,4,-2.5,0.4,2188
3900,4,-2,0.4,2187
3900,4,-1.5,0.4,2186
3900,4,-1,0.4,2185
3900,4,-0.5,0,2182
3900,4,0,0,2180
3900,4,0.3,0,2181
3900,4,0.5,0,2183
3900,4.5,-4,0.4,2203
3900,4.5,-3.5,0.4,2202
3900,4.5,-3,0.4,2201
3900,4.5,-2.5,0.4,2200
3900,4.5,-2,0.4,2199
3900,4.5,-1.5,0.4,2198
3900,4.5,-1,0.4,2197
3900,4.5,-0.5,0,2194
3900,4.5,0,0,2192
3900,4.5,0.3,0,2193
3900,4.5,0.5,0,2195
3900,5,-4,0.4,2214
3900,5,-3.5,0.4,2213
3900,5,-3,0.4,2212
3900,5,-2.5,0.4,2211
3900,5,-2,0.4,2210
3900,5,-1.5,0.4,2209
3900,5,-1,0.4,2208
3900,5,-0.5,0.2,2207
3900,5,0,0,2204
3900,5,0.3,0,2205
3900,5,0.5,0,2206
3900,5.5,-4,0.4,2225
3900,5.5,-3.5,0.4,2224
3900,5.5,-3,0.4,2223
3900,5.5,-2.5,0.4,2222
3900,5.5,-2,0.4,2221
3900,5.5,-1.5,0.4,2220
3900,5.5,-1,0.4,2219
3900,5.5,-0.5,0.2,2218
3900,5.5,0,0,2215
3900,5.5,0.3,0,2216
3900,5.5,0.5,0,2217
3900,6,-2,0.4,2232
3900,6,-1.5,0.4,2231
3900,6,-1,0.4,2230
3900,6,-0.5,0.2,2229
3900,6,0,0,2226
3900,6,0.3,0,2227
3900,6,0.5,0,2228
4000,-0.5,-4,0.4,2265
4000,-0.5,-3.5,0.4,2263
4000,-0.5,-3,0.4,2261
4000,-0.5,-2.5,0.4,2259
4000,-0.5,-2,0.4,2257
4000,-0.5,-1.5,0.4,2255
4000,-0.5,-1,0.4,2253
4000,-0.5,-0.5,0.2,2251
4000,-0.5,0,0,2245
4000,-0.5,0.3,0,2247
4000,-0.5,0.5,0,2249
4000,0,-4,0.4,2243
4000,0,-3.5,0.4,2242
4000,0,-3,0.4,2241
4000,0,-2.5,0.4,2240
4000,0,-2,0.4,2239
4000,0,-1.5,0.4,2238
4000,0,-1,0.4,2237
4000,0,-0.5,0.2,2236
4000,0,0,0,2233
4000,0,0.3,0,2234
4000,0,0.5,0,2235
4000,0.5,-4,0.4,2264
4000,0.5,-3.5,0.4,2262
4000,0.5,-3,0.4,2260
4000,0.5,-2.5,0.4,2258
4000,0.5,-2,0.4,2256
4000,0.5,-1.5,0.4,2254
4000,0.5,-1,0.4,2252
4000,0.5,-0.5,0.2,2250
4000,0.5,0,0,2244
4000,0.5,0.3,0,2246
4000,0.5,0.5,0,2248
4000,1,-4,0.4,2276
4000,1,-3.5,0.4,2275
4000,1,-3,0.4,2274
4000,1,-2.5,0.4,2273
4000,1,-2,0.4,2272
4000,1,-1.5,0.4,2271
4000,1,-1,0.4,2270
4000,1,-0.5,0.2,2269
4000,1,0,0,2266
4000,1,0.3,0,2267
4000,1,0.5,0,2268
4000,1.5,-4,0.4,2287
4000,1.5,-3.5,0.4,2286
4000,1.5,-3,0.4,2285
4000,1.5,-2.5,0.4,2284
4000,1.5,-2,0.4,2283
4000,1.5,-1.5,0.4,2282
4000,1.5,-1,0.4,2281
4000,1.5,-0.5,0.2,2280
4000,1.5,0,0,2277
4000,1.5,0.3,0,2278
4000,1.5,0.5,0,2279
4000,2,-4,0.4,2298
4000,2,-3.5,0.4,2297
4000,2,-3,0.4,2296
4000,2,-2.5,0.4,2295
4000,2,-2,0.4,2294
4000,2,-1.5,0.4,2293
4000,2,-1,0.4,2292
4000,2,-0.5,0.2,2291
4000,2,0,0,2288
4000,2,0.3,0,2289
4000,2,0.5,0,2290
4000,2.5,-4,0.4,2309
4000,2.5,-3.5,0.4,2308
4000,2.5,-3,0.4,2307
4000,2.5,-2.5,0.4,2306
4000,2.5,-2,0.4,2305
4000,2.5,-1.5,0.4,2304
4000,2.5,-1,0.4,2303
4000,2.5,-0.5,0.2,2302
4000,2.5,0,0,2299
4000,2.5,0.3,0,2300
4000,2.5,0.5,0,2301
4000,3,-4,0.4,2320
4000,3,-3.5,0.4,2319
4000,3,-3,0.4,2318
4000,3,-2.5,0.4,2317
4000,3,-2,0.4,2316
4000,3,-1.5,0.4,2315
4000,3,-1,0.4,2314
4000,3,-0.5,0.2,2313
4000,3,0,0,2310
4000,3,0.3,0,2311
4000,3,0.5,0,2312
4000,3.5,-4,0.4,2331
4000,3.5,-3.5,0.4,2330
4000,3.5,-3,0.4,2329
4000,3.5,-2.5,0.4,2328
4000,3.5,-2,0.4,2327
4000,3.5,-1.5,0.4,2326
4000,3.5,-1,0.4,2325
4000,3.5,-0.5,0.2,2324
4000,3.5,0,0,2321
4000,3.5,0.3,0,2322
4000,3.5,0.5,0,2323
4000,4,-4,0.4,2351
4000,4,-3.5,0.4,2350
4000,4,-3,0.4,2349
4000,4,-2.5,0.4,2348
4000,4,-2,0.4,2347
4000,4,-1.5,0.2,2345
4000,4,-1,0.2,2342
4000,4,-0.5,0,2336
4000,4,0,0,2332
4000,4,0.3,0,2335
4000,4,0.5,0,2337
4000,4.5,-4,0.4,2364
4000,4.5,-3.5,0.4,2363
4000,4.5,-3,0.4,2362
4000,4.5,-2.5,0.4,2361
4000,4.5,-2,0.4,2360
4000,4.5,-1.5,0.4,2359
4000,4.5,-1,0.4,2357
4000,4.5,-0.5,0,2354
4000,4.5,0,0,2352
4000,4.5,0.3,0,2353
4000,4.5,0.5,0,2355
4000,5,-4,0.4,2375
4000,5,-3.5,0.4,2374
4000,5,-3,0.4,2373
4000,5,-2.5,0.4,2372
4000,5,-2,0.4,2371
4000,5,-1.5,0.4,2370
4000,5,-1,0.4,2369
4000,5,-0.5,0.2,2368
4000,5,0,0,2365
4000,5,0.3,0,2366
4000,5,0.5,0,2367
4000,5.5,-4,0.4,2386
4000,5.5,-3.5,0.4,2385
4000,5.5,-3,0.4,2384
4000,5.5,-2.5,0.4,2383
4000,5.5,-2,0.4,2382
4000,5.5,-1.5,0.4,2381
4000,5.5,-1,0.4,2380
4000,5.5,-0.5,0.2,2379
4000,5.5,0,0,2376
4000,5.5,0.3,0,2377
4000,5.5,0.5,0,2378
4000,6,-2,0.4,2393
4000,6,-1.5,0.4,2392
4000,6,-1,0.4,2391
4000,6,-0.5,0.2,2390
4000,6,0,0,2387
4000,6,0.3,0,2388
4000,6,0.5,0,2389
4100,-0.5,-4,0.4,2426
4100,-0.5,-3.5,0.4,2424
4100,-0.5,-3,0.4,2422
4100,-0.5,-2.5,0.4,2420
4100,-0.5,-2,0.4,2418
4100,-0.5,-1.5,0.4,2416
4100,-0.5,-1,0.4,2414
4100,-0.5,-0.5,0.2,2412
4100,-0.5,0,0,2406
4100,-0.5,0.3,0,2408
4100,-0.5,0.5,0,2410
4100,0,-4,0.4,2404
4100,0,-3.5,0.4,2403
4100,0,-3,0.4,2402
4100,0,-2.5,0.4,2401
4100,0,-2,0.4,2400
4100,0,-1.5,0.4,2399
4100,0,-1,0.4,2398
4100,0,-0.5,0.2,2397
4100,0,0,0,2394
4100,0,0.3,0,2395
4100,0,0.5,0,2396
4100,0.5,-4,0.4,2425
4100,0.5,-3.5,0.4,2423
4100,0.5,-3,0.4,2421
4100,0.5,-2.5,0.4,2419
4100,0.5,-2,0.4,2417
4100,0.5,-1.5,0.4,2415
4100,0.5,-1,0.4,2413
4100,0.5,-0.5,0.2,2411
4100,0.5,0,0,2405
4100,0.5,0.3,0,2407
4100,0.5,0.5,0,2409
4100,1,-4,0.4,2437
4100,1,-3.5,0.4,2436
4100,1,-3,0.4,2435
4100,1,-2.5,0.4,2434
4100,1,-2,0.4,2433
4100,1,-1.5,0.4,2432
4100,1,-1,0.4,2431
4100,1,-0.5,0.2,2430
4100,1,0,0,2427
4100,1,0.3,0,2428
4100,1,0.5,0,2429
4100,1.5,-4,0.4,2448
4100,1.5,-3.5,0.4,2447
4100,1.5,-3,0.4,2446
4100,1.5,-2.5,0.4,2445
4100,1.5,-2,0.4,2444
4100,1.5,-1.5,0.4,2443
4100,1.5,-1,0.4,2442
4100,1.5,-0.5,0.2,2441
4100,1.5,0,0,2438
4100,1.5,0.3,0,2439
4100,1.5,0.5,0,2440
4100,2,-4,0.4,2459
4100,2,-3.5,0.4,2458
4100,2,-3,0.4,2457
4100,2,-2.5,0.4,2456
4100,2,-2,0.4,2455
4100,2,-1.5,0.4,2454
4100,2,-1,0.4,2453
4100,2,-0.5,0.2,2452
4100,2,0,0,2449
4100,2,0.3,0,2450
4100,2,0.5,0,2451
4100,2.5,-4,0.4,2470
4100,2.5,-3.5,0.4,2469
4100,2.5,-3,0.4,2468
4100,2.5,-2.5,0.4,2467
4100,2.5,-2,0.4,2466
4100,2.5,-1.5,0.4,2465
4100,2.5,-1,0.4,2464
4100,2.5,-0.5,0.2,2463
4100,2.5,0,0,2460
4100,2.5,0.3,0,2461
4100,2.5,0.5,0,2462
4100,3,-4,0.4,2481
4100,3,-3.5,0.4,2480
4100,3,-3,0.4,2479
4100,3,-2.5,0.4,2478
4100,3,-2,0.4,2477
4100,3,-1.5,0.4,2476
4100,3,-1,0.4,2475
4100,3,-0.5,0.2,2474
4100,3,0,0,2471
4100,3,0.3,0,2472
4100,3,0.5,0,2473
4100,3.5,-4,0.4,2492
4100,3.5,-3.5,0.4,2491
4100,3.5,-3,0.4,2490
4100,3.5,-2.5,0.4,2489
4100,3.5,-2,0.4,2488
4100,3.5,-1.5,0.4,2487
4100,3.5,-1,0.4,2486
4100,3.5,-0.5,0.2,2485
4100,3.5,0,0,2482
4100,3.5,0.3,0,2483
4100,3.5,0.5,0,2484
4100,4,-4,0.4,2504
4100,4,-3.5,0.4,2503
4100,4,-3,0.4,2502
4100,4,-2.5,0.4,2501
4100,4,-2,0.4,2500
4100,4,-1.5,0.4,2499
4100,4,-1,0.4,2498
4100,4,-0.5,0,2495
4100,4,0,0,2493
4100,4,0.3,0,2494
4100,4,0.5,0,2496
4100,4.5,-4,0.4,2516
4100,4.5,-3.5,0.4,2515
4100,4.5,-3,0.4,2514
4100,4.5,-2.5,0.4,2513
4100,4.5,-2,0.4,2512
4100,4.5,-1.5,0.4,2511
4100,4.5,-1,0.4,2510
4100,4.5,-0.5,0,2507
4100,4.5,0,0,2505
4100,4.5,0.3,0,2506
4100,4.5,0.5,0,2508
4100,5,-4,0.4,2527
4100,5,-3.5,0.4,2526
4100,5,-3,0.4,2525
4100,5,-2.5,0.4,2524
4100,5,-2,0.4,2523
4100,5,-1.5,0.4,2522
4100,5,-1,0.4,2521
4100,5,-0.5,0.2,2520
4100,5,0,0,2517
4100,5,0.3,0,2518
4100,5,0.5,0,2519
4100,5.5,-4,0.4,2538
4100,5.5,-3.5,0.4,2537
4100,5.5,-3,0.4,2536
4100,5.5,-2.5,0.4,2535
4100,5.5,-2,0.4,2534
4100,5.5,-1.5,0.4,2533
4100,5.5,-1,0.4,2532
4100,5.5,-0.5,0.2,2531
4100,5.5,0,0,2528
4100,5.5,0.3,0,2529
4100,5.5,0.5,0,2530
4200,-0.5,-4,0.4,2571
4200,-0.5,-3.5,0.4,2569
4200,-0.5,-3,0.4,2567
4200,-0.5,-2.5,0.4,2565
4200,-0.5,-2,0.4,2563
4200,-0.5,-1.5,0.4,2561
4200,-0.5,-1,0.4,2559
4200,-0.5,-0.5,0.2,2557
4200,-0.5,0,0,2551
4200,-0.5,0.3,0,2553
4200,-0.5,0.5,0,2555
4200,0,-4,0.4,2549
4200,0,-3.5,0.4,2548
4200,0,-3,0.4,2547
4200,0,-2.5,0.4,2546
4200,0,-2,0.4,2545
4200,0,-1.5,0.4,2544
4200,0,-1,0.4,2543
4200,0,-0.5,0.2,2542
4200,0,0,0,2539
4200,0,0.3,0,2540
4200,0,0.5,0,2541
4200,0.5,-4,0.4,2570
4200,0.5,-3.5,0.4,2568
4200,0.5,-3,0.4,2566
4200,0.5,-2.5,0.4,2564
4200,0.5,-2,0.4,2562
4200,0.5,-1.5,0.4,2560
4200,0.5,-1,0.4,2558
4200,0.5,-0.5,0.2,2556
4200,0.5,0,0,2550
4200,0.5,0.3,0,2552
4200,0.5,0.5,0,2554
4200,1,-4,0.4,2582
4200,1,-3.5,0.4,2581
4200,1,-3,0.4,2580
4200,1,-2.5,0.4,2579
4200,1,-2,0.4,2578
4200,1,-1.5,0.4,2577
4200,1,-1,0.4,2576
4200,1,-0.5,0.2,2575
4200,1,0,0,2572
4200,1,0.3,0,2573
4200,1,0.5,0,2574
4200,1.5,-4,0.4,2593
4200,1.5,-3.5,0.4,2592
4200,1.5,-3,0.4,2591
4200,1.5,-2.5,0.4,2590
4200,1.5,-2,0.4,2589
4200,1.5,-1.5,0.4,2588
4200,1.5,-1,0.4,2587
4200,1.5,-0.5,0.2,2586
4200,1.5,0,0,2583
4200,1.5,0.3,0,2584
4200,1.5,0.5,0,2585
4200,2,-4,0.4,2604
4200,2,-3.5,0.4,2603
4200,2,-3,0.4,2602
4200,2,-2.5,0.4,2601
4200,2,-2,0.4,2600
4200,2,-1.5,0.4,2599
4200,2,-1,0.4,2598
4200,2,-0.5,0.2,2597
4200,2,0,0,2594
4200,2,0.3,0,2595
4200,2,0.5,0,2596
4200,2.5,-4,0.4,2615
4200,2.5,-3.5,0.4,2614
4200,2.5,-3,0.4,2613
4200,2.5,-2.5,0.4,2612
4200,2.5,-2,0.4,2611
4200,2.5,-1.5,0.4,2610
4200,2.5,-1,0.4,2609
4200,2.5,-0.5,0.2,2608
4200,2.5,0,0,2605
4200,2.5,0.3,0,2606
4200,2.5,0.5,0,2607
4200,3,-4,0.4,2626
4200,3,-3.5,0.4,2625
4200,3,-3,0.4,2624
4200,3,-2.5,0.4,2623
4200,3,-2,0.4,2622
4200,3,-1.5,0.4,2621
4200,3,-1,0.4,2620
4200,3,-0.5,0.2,2619
4200,3,0,0,2616
4200,3,0.3,0,2617
4200,3,0.5,0,2618
4200,3.5,-4,0.4,2637
4200,3.5,-3.5,0.4,2636
4200,3.5,-3,0.4,2635
4200,3.5,-2.5,0.4,2634
4200,3.5,-2,0.4,2633
4200,3.5,-1.5,0.4,2632
4200,3.5,-1,0.4,2631
4200,3.5,-0.5,0.2,2630
4200,3.5,0,0,2627
4200,3.5,0.3,0,2628
4200,3.5,0.5,0,2629
4200,4,-4,0.4,2656
4200,4,-3.5,0.4,2655
4200,4,-3,0.4,2654
4200,4,-2.5,0.4,2653
4200,4,-2,0.4,2652
4200,4,-1.5,0.2,2650
4200,4,-1,0.2,2647
4200,4,-0.5,0,2642
4200,4,0,0,2638
4200,4,0.3,0,2641
4200,4,0.5,0,2643
4200,4.5,-4,0.4,2669
4200,4.5,-3.5,0.4,2668
4200,4.5,-3,0.4,2667
4200,4.5,-2.5,0.4,2666
4200,4.5,-2,0.4,2665
4200,4.5,-1.5,0.4,2664
4200,4.5,-1,0.4,2662
4200,4.5,-0.5,0,2659
4200,4.5,0,0,2657
4200,4.5,0.3,0,2658
4200,4.5,0.5,0,2660
4200,5,-4,0.4,2680
4200,5,-3.5,0.4,2679
4200,5,-3,0.4,2678
4200,5,-2.5,0.4,2677
4200,5,-2,0.4,2676
4200,5,-1.5,0.4,2675
4200,5,-1,0.4,2674
4200,5,-0.5,0.2,2673
4200,5,0,0,2670
4200,5,0.3,0,2671
4200,5,0.5,0,2672
4200,5.5,-4,0.4,2691
4200,5.5,-3.5,0.4,2690
4200,5.5,-3,0.4,2689
4200,5.5,-2.5,0.4,2688
4200,5.5,-2,0.4,2687
4200,5.5,-1.5,0.4,2686
4200,5.5,-1,0.4,2685
4200,5.5,-0.5,0.2,2684
4200,5.5,0,0,2681
4200,5.5,0.3,0,2682
4200,5.5,0.5,0,2683
4300,-0.5,-4,0.4,2724
4300,-0.5,-3.5,0.4,2722
4300,-0.5,-3,0.4,2720
4300,-0.5,-2.5,0.4,2718
4300,-0.5,-2,0.4,2716
4300,-0.5,-1.5,0.4,2714
4300,-0.5,-1,0.4,2712
4300,-0.5,-0.5,0.2,2710
4300,-0.5,0,0,2704
4300,-0.5,0.3,0,2706
4300,-0.5,0.5,0,2708
4300,0,-4,0.4,2702
4300,0,-3.5,0.4,2701
4300,0,-3,0.4,2700
4300,0,-2.5,0.4,2699
4300,0,-2,0.4,2698
4300,0,-1.5,0.4,2697
4300,0,-1,0.4,2696
4300,0,-0.5,0.2,2695
4300,0,0,0,2692
4300,0,0.3,0,2693
4300,0,0.5,0,2694
4300,0.5,-4,0.4,2723
4300,0.5,-3.5,0.4,2721
4300,0.5,-3,0.4,2719
4300,0.5,-2.5,0.4,2717
4300,0.5,-2,0.4,2715
4300,0.5,-1.5,0.4,2713
4300,0.5,-1,0.4,2711
4300,0.5,-0.5,0.2,2709
4300,0.5,0,0,2703
4300,0.5,0.3,0,2705
4300,0.5,0.5,0,2707
4300,1,-4,0.4,2735
4300,1,-3.5,0.4,2734
4300,1,-3,0.4,2733
4300,1,-2.5,0.4,2732
4300,1,-2,0.4,2731
4300,1,-1.5,0.4,2730
4300,1,-1,0.4,2729
4300,1,-0.5,0.2,2728
4300,1,0,0,2725
4300,1,0.3,0,2726
4300,1,0.5,0,2727
4300,1.5,-4,0.4,2746
4300,1.5,-3.5,0.4,2745
4300,1.5,-3,0.4,2744
4300,1.5,-2.5,0.4,2743
4300,1.5,-2,0.4,2742
4300,1.5,-1.5,0.4,2741
4300,1.5,-1,0.4,2740
4300,1.5,-0.5,0.2,2739
4300,1.5,0,0,2736
4300,1.5,0.3,0,2737
4300,1.5,0.5,0,2738
4300,2,-4,0.4,2757
4300,2,-3.5,0.4,2756
4300,2,-3,0.4,2755
4300,2,-2.5,0.4,2754
4300,2,-2,0.4,2753
4300,2,-1.5,0.4,2752
4300,2,-1,0.4,2751
4300,2,-0.5,0.2,2750
4300,2,0,0,2747
4300,2,0.3,0,2748
4300,2,0.5,0,2749
4300,2.5,-4,0.4,2768
4300,2.5,-3.5,0.4,2767
4300,2.5,-3,0.4,2766
4300,2.5,-2.5,0.4,2765
4300,2.5,-2,0.4,2764
4300,2.5,-1.5,0.4,2763
4300,2.5,-1,0.4,2762
4300,2.5,-0.5,0.2,2761
4300,2.5,0,0,2758
4300,2.5,0.3,0,2759
4300,2.5,0.5,0,2760
4300,3,-4,0.4,2779
4300,3,-3.5,0.4,2778
4300,3,-3,0.4,2777
4300,3,-2.5,0.4,2776
4300,3,-2,0.4,2775
4300,3,-1.5,0.4,2774
4300,3,-1,0.4,2773
4300,3,-0.5,0.2,2772
4300,3,0,0,2769
4300,3,0.3,0,2770
4300,3,0.5,0,2771
4300,3.5,-4,0.4,2790
4300,3.5,-3.5,0.4,2789
4300,3.5,-3,0.4,2788
4300,3.5,-2.5,0.4,2787
4300,3.5,-2,0.4,2786
4300,3.5,-1.5,0.4,2785
4300,3.5,-1,0.4,2784
4300,3.5,-0.5,0.2,2783
4300,3.5,0,0,2780
4300,3.5,0.3,0,2781
4300,3.5,0.5,0,2782
4300,4,-4,0.4,2802
4300,4,-3.5,0.4,2801
4300,4,-3,0.4,2800
4300,4,-2.5,0.4,2799
4300,4,-2,0.4,2798
4300,4,-1.5,0.4,2797
4300,4,-1,0.4,2796
4300,4,-0.5,0,2793
4300,4,0,0,2791
4300,4,0.3,0,2792
4300,4,0.5,0,2794
4300,4.5,-4,0.4,2814
4300,4.5,-3.5,0.4,2813
4300,4.5,-3,0.4,2812
4300,4.5,-2.5,0.4,2811
4300,4.5,-2,0.4,2810
4300,4.5,-1.5,0.4,2809
4300,4.5,-1,0.4,2808
4300,4.5,-0.5,0,2805
4300,4.5,0,0,2803
4300,4.5,0.3,0,2804
4300,4.5,0.5,0,2806
4300,5,-4,0.4,2825
4300,5,-3.5,0.4,2824
4300,5,-3,0.4,2823
4300,5,-2.5,0.4,2822
4300,5,-2,0.4,2821
4300,5,-1.5,0.4,2820
4300,5,-1,0.4,2819
4300,5,-0.5,0.2,2818
4300,5,0,0,2815
4300,5,0.3,0,2816
4300,5,0.5,0,2817
4300,5.5,-4,0.4,2836
4300,5.5,-3.5,0.4,2835
4300,5.5,-3,0.4,2834
4300,5.5,-2.5,0.4,2833
4300,5.5,-2,0.4,2832
4300,5.5,-1.5,0.4,2831
4300,5.5,-1,0.4,2830
4300,5.5,-0.5,0.2,2829
4300,5.5,0,0,2826
4300,5.5,0.3,0,2827
4300,5.5,0.5,0,2828
4400,-0.5,-4,0.4,2869
4400,-0.5,-3.5,0.4,2867
4400,-0.5,-3,0.4,2865
4400,-0.5,-2.5,0.4,2863
4400,-0.5,-2,0.4,2861
4400,-0.5,-1.5,0.4,2859
4400,-0.5,-1,0.4,2857
4400,-0.5,-0.5,0.2,2855
4400,-0.5,0,0,2849
4400,-0.5,0.3,0,2851
4400,-0.5,0.5,0,2853
4400,0,-4,0.4,2847
4400,0,-3.5,0.4,2846
4400,0,-3,0.4,2845
4400,0,-2.5,0.4,2844
4400,0,-2,0.4,2843
4400,0,-1.5,0.4,2842
4400,0,-1,0.4,2841
4400,0,-0.5,0.2,2840
4400,0,0,0,2837
4400,0,0.3,0,2838
4400,0,0.5,0,2839
4400,0.5,-4,0.4,2868
4400,0.5,-3.5,0.4,2866
4400,0.5,-3,0.4,2864
4400,0.5,-2.5,0.4,2862
4400,0.5,-2,0.4,2860
4400,0.5,-1.5,0.4,2858
4400,0.5,-1,0.4,2856
4400,0.5,-0.5,0.2,2854
4400,0.5,0,0,2848
4400,0.5,0.3,0,2850
4400,0.5,0.5,0,2852
4400,1,-4,0.4,2880
4400,1,-3.5,0.4,2879
4400,1,-3,0.4,2878
4400,1,-2.5,0.4,2877
4400,1,-2,0.4,2876
4400,1,-1.5,0.4,2875
4400,1,-1,0.4,2874
4400,1,-0.5,0.2,2873
4400,1,0,0,2870
4400,1,0.3,0,2871
4400,1,0.5,0,2872
4400,1.5,-4,0.4,2891
4400,1.5,-3.5,0.4,2890
4400,1.5,-3,0.4,2889
4400,1.5,-2.5,0.4,2888
4400,1.5,-2,0.4,2887
4400,1.5,-1.5,0.4,2886
4400,1.5,-1,0.4,2885
4400,1.5,-0.5,0.2,2884
4400,1.5,0,0,2881
4400,1.5,0.3,0,2882
4400,1.5,0.5,0,2883
4400,2,-4,0.4,2902
4400,2,-3.5,0.4,2901
4400,2,-3,0.4,2900
4400,2,-2.5,0.4,2899
4400,2,-2,0.4,2898
4400,2,-1.5,0.4,2897
4400,2,-1,0.4,2896
4400,2,-0.5,0.2,2895
4400,2,0,0,2892
4400,2,0.3,0,2893
4400,2,0.5,0,2894
4400,2.5,-4,0.4,2913
4400,2.5,-3.5,0.4,2912
4400,2.5,-3,0.4,2911
4400,2.5,-2.5,0.4,2910
4400,2.5,-2,0.4,2909
4400,2.5,-1.5,0.4,2908
4400,2.5,-1,0.4,2907
4400,2.5,-0.5,0.2,2906
4400,2.5,0,0,2903
4400,2.5,0.3,0,2904
4400,2.5,0.5,0,2905
4400,3,-4,0.4,2924
4400,3,-3.5,0.4,2923
4400,3,-2.5,0.4,2921
4400,3,-2,0.4,2920
4400,3,-1.5,0.4,2919
4400,3,-1,0.4,2918
4400,3,-0.5,0.2,2917
4400,3,0,0,2914
4400,3,0.3,0,2915
4400,3,0.5,0,2916
4400,3.5,-4,0.4,2935
4400,3.5,-3.5,0.4,2934
4400,3.5,-3,0.4,2933
4400,3.5,-2.5,0.4,2932
4400,3.5,-2,0.4,2931
4400,3.5,-1.5,0.4,2930
4400,3.5,-1,0.4,2929
4400,3.5,-0.5,0.2,2928
4400,3.5,0,0,2925
4400,3.5,0.3,0,2926
4400,3.5,0.5,0,2927
4400,4,-4,0.4,2954
4400,4,-3.5,0.4,2953
4400,4,-3,0.4,2952
4400,4,-2.5,0.4,2951
4400,4,-2,0.4,2950
4400,4,-1.5,0.2,2948
4400,4,-1,0.2,2945
4400,4,-0.5,0,2940
4400,4,0,0,2936
4400,4,0.3,0,2939
4400,4,0.5,0,2941
4400,4.5,-4,0.4,2967
4400,4.5,-3.5,0.4,2966
4400,4.5,-3,0.4,2965
4400,4.5,-2.5,0.4,2964
4400,4.5,-2,0.4,2963
4400,4.5,-1.5,0.4,2962
4400,4.5,-1,0.4,2960
4400,4.5,-0.5,0,2957
4400,4.5,0,0,2955
4400,4.5,0.3,0,2956
4400,4.5,0.5,0,2958
4400,5,-4,0.4,2978
4400,5,-3.5,0.4,2977
4400,5,-3,0.4,2976
4400,5,-2.5,0.4,2975
4400,5,-2,0.4,2974
4400,5,-1.5,0.4,2973
4400,5,-1,0.4,2972
4400,5,-0.5,0.2,2971
4400,5,0,0,2968
4400,5,0.3,0,2969
4400,5,0.5,0,2970
4400,5.5,-4,0.4,2989
4400,5.5,-3.5,0.4,2988
4400,5.5,-3,0.4,2987
4400,5.5,-2.5,0.4,2986
4400,5.5,-2,0.4,2985
4400,5.5,-1.5,0.4,2984
4400,5.5,-1,0.4,2983
4400,5.5,-0.5,0.2,2982
4400,5.5,0,0,2979
4400,5.5,0.3,0,2980
4400,5.5,0.5,0,2981
4500,-0.5,-4,0.4,3022
4500,-0.5,-3.5,0.4,3020
4500,-0.5,-3,0.4,3018
4500,-0.5,-2.5,0.4,3016
4500,-0.5,-2,0.4,3014
4500,-0.5,-1.5,0.4,3012
4500,-0.5,-1,0.4,3010
4500,-0.5,-0.5,0.2,3008
4500,-0.5,0,0,3002
4500,-0.5,0.3,0,3004
4500,-0.5,0.5,0,3006
4500,0,-4,0.4,3000
4500,0,-3.5,0.4,2999
4500,0,-3,0.4,2998
4500,0,-2.5,0.4,2997
4500,0,-2,0.4,2996
4500,0,-1.5,0.4,2995
4500,0,-1,0.4,2994
4500,0,-0.5,0.2,2993
4500,0,0,0,2990
4500,0,0.3,0,2991
4500,0,0.5,0,2992
4500,0.5,-4,0.4,3021
4500,0.5,-3.5,0.4,3019
4500,0.5,-3,0.4,3017
4500,0.5,-2.5,0.4,3015
4500,0.5,-2,0.4,3013
4500,0.5,-1.5,0.4,3011
4500,0.5,-1,0.4,3009
4500,0.5,-0.5,0.2,3007
4500,0.5,0,0,3001
4500,0.5,0.3,0,3003
4500,0.5,0.5,0,3005
4500,1,-4,0.4,3033
4500,1,-3.5,0.4,3032
4500,1,-3,0.4,3031
4500,1,-2.5,0.4,3030
4500,1,-2,0.4,3029
4500,1,-1.5,0.4,3028
4500,1,-1,0.4,3027
4500,1,-0.5,0.2,3026
4500,1,0,0,3023
4500,1,0.3,0,3024
4500,1,0.5,0,3025
4500,1.5,-4,0.4,3044
4500,1.5,-3.5,0.4,3043
4500,1.5,-3,0.4,3042
4500,1.5,-2.5,0.4,3041
4500,1.5,-2,0.4,3040
4500,1.5,-1.5,0.4,3039
4500,1.5,-1,0.4,3038
4500,1.5,-0.5,0.2,3037
4500,1.5,0,0,3034
4500,1.5,0.3,0,3035
4500,1.5,0.5,0,3036
4500,2,-4,0.4,3055
4500,2,-3.5,0.4,3054
4500,2,-3,0.4,3053
4500,2,-2.5,0.4,3052
4500,2,-2,0.4,3051
4500,2,-1.5,0.4,3050
4500,2,-1,0.4,3049
4500,2,-0.5,0.2,3048
4500,2,0,0,3045
4500,2,0.3,0,3046
4500,2,0.5,0,3047
4500,2.5,-4,0.4,3066
4500,2.5,-3.5,0.4,3065
4500,2.5,-3,0.4,3064
4500,2.5,-2.5,0.4,3063
4500,2.5,-2,0.4,3062
4500,2.5,-1.5,0.4,3061
4500,2.5,-1,0.4,3060
4500,2.5,-0.5,0.2,3059
4500,2.5,0,0,3056
4500,2.5,0.3,0,3057
4500,2.5,0.5,0,3058
4500,3,-4,0.4,3077
4500,3,-3.5,0.4,3076
4500,3,-3,0.4,3075
4500,3,-2.5,0.4,3074
4500,3,-2,0.4,3073
4500,3,-1.5,0.4,3072
4500,3,-1,0.4,3071
4500,3,-0.5,0.2,3070
4500,3,0,0,3067
4500,3,0.3,0,3068
4500,3,0.5,0,3069
4500,3.5,-4,0.4,3088
4500,3.5,-3.5,0.4,3087
4500,3.5,-3,0.4,3086
4500,3.5,-2.5,0.4,3085
4500,3.5,-2,0.4,3084
4500,3.5,-1.5,0.4,3083
4500,3.5,-1,0.4,3082
4500,3.5,-0.5,0.2,3081
4500,3.5,0,0,3078
4500,3.5,0.3,0,3079
4500,3.5,0.5,0,3080
4500,4,-4,0.4,3100
4500,4,-3.5,0.4,3099
4500,4,-3,0.4,3098
4500,4,-2.5,0.4,3097
4500,4,-2,0.4,3096
4500,4,-1.5,0.4,3095
4500,4,-1,0.4,3094
4500,4,-0.5,0,3091
4500,4,0,0,3089
4500,4,0.3,0,3090
4500,4,0.5,0,3092
4500,4.5,-4,0.4,3112
4500,4.5,-3.5,0.4,3111
4500,4.5,-3,0.4,3110
4500,4.5,-2.5,0.4,3109
4500,4.5,-2,0.4,3108
4500,4.5,-1.5,0.4,3107
4500,4.5,-1,0.4,3106
4500,4.5,-0.5,0,3103
4500,4.5,0,0,3101
4500,4.5,0.3,0,3102
4500,4.5,0.5,0,3104
4500,5,-4,0.4,3123
4500,5,-3.5,0.4,3122
4500,5,-3,0.4,3121
4500,5,-2.5,0.4,3120
4500,5,-2,0.4,3119
4500,5,-1.5,0.4,3118
4500,5,-1,0.4,3117
4500,5,-0.5,0.2,3116
4500,5,0,0,3113
4500,5,0.3,0,3114
4500,5,0.5,0,3115
4500,5.5,-4,0.4,3134
4500,5.5,-3.5,0.4,3133
4500,5.5,-3,0.4,3132
4500,5.5,-2.5,0.4,3131
4500,5.5,-2,0.4,3130
4500,5.5,-1.5,0.4,3129
4500,5.5,-1,0.4,3128
4500,5.5,-0.5,0.2,3127
4500,5.5,0,0,3124
4500,5.5,0.3,0,3125
4500,5.5,0.5,0,3126
4600,-0.5,-4,0.4,3167
4600,-0.5,-3.5,0.4,3165
4600,-0.5,-3,0.4,3163
4600,-0.5,-2.5,0.4,3161
4600,-0.5,-2,0.4,3159
4600,-0.5,-1.5,0.4,3157
4600,-0.5,-1,0.4,3155
4600,-0.5,-0.5,0.2,3153
4600,-0.5,0,0,3147
4600,-0.5,0.3,0,3149
4600,-0.5,0.5,0,3151
4600,0,-4,0.4,3145
4600,0,-3.5,0.4,3144
4600,0,-3,0.4,3143
4600,0,-2.5,0.4,3142
4600,0,-2,0.4,3141
4600,0,-1.5,0.4,3140
4600,0,-1,0.4,3139
4600,0,-0.5,0.2,3138
4600,0,0,0,3135
4600,0,0.3,0,3136
4600,0,0.5,0,3137
4600,0.5,-4,0.4,3166
4600,0.5,-3.5,0.4,3164
4600,0.5,-3,0.4,3162
4600,0.5,-2.5,0.4,3160
4600,0.5,-2,0.4,3158
4600,0.5,-1.5,0.4,3156
4600,0.5,-1,0.4,3154
4600,0.5,-0.5,0.2,3152
4600,0.5,0,0,3146
4600,0.5,0.3,0,3148
4600,0.5,0.5,0,3150
4600,1,-4,0.4,3178
4600,1,-3.5,0.4,3177
4600,1,-3,0.4,3176
4600,1,-2.5,0.4,3175
4600,1,-2,0.4,3174
4600,1,-1.5,0.4,3173
4600,1,-1,0.4,3172
4600,1,-0.5,0.2,3171
4600,1,0,0,3168
4600,1,0.3,0,3169
4600,1,0.5,0,3170
4600,1.5,-4,0.4,3189
4600,1.5,-3.5,0.4,3188
4600,1.5,-3,0.4,3187
4600,1.5,-2.5,0.4,3186
4600,1.5,-2,0.4,3185
4600,1.5,-1.5,0.4,3184
4600,1.5,-1,0.4,3183
4600,1.5,-0.5,0.2,3182
4600,1.5,0,0,3179
4600,1.5,0.3,0,3180
4600,1.5,0.5,0,3181
4600,2,-4,0.4,3200
4600,2,-3.5,0.4,3199
4600,2,-3,0.4,3198
4600,2,-2.5,0.4,3197
4600,2,-2,0.4,3196
4600,2,-1.5,0.4,3195
4600,2,-1,0.4,3194
4600,2,-0.5,0.2,3193
4600,2,0,0,3190
4600,2,0.3,0,3191
4600,2,0.5,0,3192
4600,2.5,-4,0.4,3211
4600,2.5,-3.5,0.4,3210
4600,2.5,-3,0.4,3209
4600,2.5,-2.5,0.4,3208
4600,2.5,-2,0.4,3207
4600,2.5,-1.5,0.4,3206
4600,2.5,-1,0.4,3205
4600,2.5,-0.5,0.2,3204
4600,2.5,0,0,3201
4600,2.5,0.3,0,3202
4600,2.5,0.5,0,3203
4600,3,-4,0.4,3222
4600,3,-3.5,0.4,3221
4600,3,-3,0.4,3220
4600,3,-2.5,0.4,3219
4600,3,-2,0.4,3218
4600,3,-1.5,0.4,3217
4600,3,-1,0.4,3216
4600,3,-0.5,0.2,3215
4600,3,0,0,3212
4600,3,0.3,0,3213
4600,3,0.5,0,3214
4600,3.5,-4,0.4,3233
4600,3.5,-3.5,0.4,3232
4600,3.5,-3,0.4,3231
4600,3.5,-2.5,0.4,3230
4600,3.5,-2,0.4,3229
4600,3.5,-1.5,0.4,3228
4600,3.5,-1,0.4,3227
4600,3.5,-0.5,0.2,3226
4600,3.5,0,0,3223
4600,3.5,0.3,0,3224
4600,3.5,0.5,0,3225
4600,4,-4,0.4,3252
4600,4,-3.5,0.4,3251
4600,4,-3,0.4,3250
4600,4,-2.5,0.4,3249
4600,4,-2,0.4,3248
4600,4,-1.5,0.2,3246
4600,4,-1,0.2,3243
4600,4,-0.5,0,3238
4600,4,0,0,3234
4600,4,0.3,0,3237
4600,4,0.5,0,3239
4600,4.5,-4,0.4,3265
4600,4.5,-3.5,0.4,3264
4600,4.5,-3,0.4,3263
4600,4.5,-2.5,0.4,3262
4600,4.5,-2,0.4,3261
4600,4.5,-1.5,0.4,3260
4600,4.5,-1,0.4,3258
4600,4.5,-0.5,0,3255
4600,4.5,0,0,3253
4600,4.5,0.3,0,3254
4600,4.5,0.5,0,3256
4600,5,-4,0.4,3276
4600,5,-3.5,0.4,3275
4600,5,-3,0.4,3274
4600,5,-2.5,0.4,3273
4600,5,-2,0.4,3272
4600,5,-1.5,0.4,3271
4600,5,-1,0.4,3270
4600,5,-0.5,0.2,3269
4600,5,0,0,3266
4600,5,0.3,0,3267
4600,5,0.5,0,3268
4600,5.5,-4,0.4,3287
4600,5.5,-3.5,0.4,3286
4600,5.5,-3,0.4,3285
4600,5.5,-2.5,0.4,3284
4600,5.5,-2,0.4,3283
4600,5.5,-1.5,0.4,3282
4600,5.5,-1,0.4,3281
4600,5.5,-0.5,0.2,3280
4600,5.5,0,0,3277
4600,5.5,0.3,0,3278
4600,5.5,0.5,0,3279
4700,-0.5,-4,0.4,3320
4700,-0.5,-3.5,0.4,3318
4700,-0.5,-3,0.4,3316
4700,-0.5,-2.5,0.4,3314
4700,-0.5,-2,0.4,3312
4700,-0.5,-1.5,0.4,3310
4700,-0.5,-1,0.4,3308
4700,-0.5,-0.5,0.2,3306
4700,-0.5,0,0,3300
4700,-0.5,0.3,0,3302
4700,-0.5,0.5,0,3304
4700,0,-4,0.4,3298
4700,0,-3.5,0.4,3297
4700,0,-3,0.4,3296
4700,0,-2.5,0.4,3295
4700,0,-2,0.4,3294
4700,0,-1.5,0.4,3293
4700,0,-1,0.4,3292
4700,0,-0.5,0.2,3291
4700,0,0,0,3288
4700,0,0.3,0,3289
4700,0,0.5,0,3290
4700,0.5,-4,0.4,3319
4700,0.5,-3.5,0.4,3317
4700,0.5,-3,0.4,3315
4700,0.5,-2.5,0.4,3313
4700,0.5,-2,0.4,3311
4700,0.5,-1.5,0.4,3309
4700,0.5,-1,0.4,3307
4700,0.5,-0.5,0.2,3305
4700,0.5,0,0,3299
4700,0.5,0.3,0,3301
4700,0.5,0.5,0,3303
4700,1,-4,0.4,3331
4700,1,-3.5,0.4,3330
4700,1,-3,0.4,3329
4700,1,-2.5,0.4,3328
4700,1,-2,0.4,3327
4700,1,-1.5,0.4,3326
4700,1,-1,0.4,3325
4700,1,-0.5,0.2,3324
4700,1,0,0,3321
4700,1,0.3,0,3322
4700,1,0.5,0,3323
4700,1.5,-4,0.4,3342
4700,1.5,-3.5,0.4,3341
4700,1.5,-3,0.4,3340
4700,1.5,-2.5,0.4,3339
4700,1.5,-2,0.4,3338
4700,1.5,-1.5,0.4,3337
4700,1.5,-1,0.4,3336
4700,1.5,-0.5,0.2,3335
4700,1.5,0,0,3332
4700,1.5,0.3,0,3333
4700,1.5,0.5,0,3334
4700,2,-4,0.4,3353
4700,2,-3.5,0.4,3352
4700,2,-3,0.4,3351
4700,2,-2.5,0.4,3350
4700,2,-2,0.4,3349
4700,2,-1.5,0.4,3348
4700,2,-1,0.4,3347
4700,2,-0.5,0.2,3346
4700,2,0,0,3343
4700,2,0.3,0,3344
4700,2,0.5,0,3345
4700,2.5,-4,0.4,3364
4700,2.5,-3.5,0.4,3363
4700,2.5,-3,0.4,3362
4700,2.5,-2.5,0.4,3361
4700,2.5,-2,0.4,3360
4700,2.5,-1.5,0.4,3359
4700,2.5,-1,0.4,3358
4700,2.5,-0.5,0.2,3357
4700,2.5,0,0,3354
4700,2.5,0.3,0,3355
4700,2.5,0.5,0,3356
4700,3,-4,0.4,3375
4700,3,-3.5,0.4,3374
4700,3,-3,0.4,3373
4700,3,-2.5,0.4,3372
4700,3,-2,0.4,3371
4700,3,-1.5,0.4,3370
4700,3,-1,0.4,3369
4700,3,-0.5,0.2,3368
4700,3,0,0,3365
4700,3,0.3,0,3366
4700,3,0.5,0,3367
4700,3.5,-4,0.4,3386
4700,3.5,-3.5,0.4,3385
4700,3.5,-3,0.4,3384
4700,3.5,-2.5,0.4,3383
4700,3.5,-2,0.4,3382
4700,3.5,-1.5,0.4,3381
4700,3.5,-1,0.4,3380
4700,3.5,-0.5,0.2,3379
4700,3.5,0,0,3376
4700,3.5,0.3,0,3377
4700,3.5,0.5,0,3378
4700,4,-4,0.4,3398
4700,4,-3.5,0.4,3397
4700,4,-3,0.4,3396
4700,4,-2.5,0.4,3395
4700,4,-2,0.4,3394
4700,4,-1.5,0.4,3393
4700,4,-1,0.4,3392
4700,4,-0.5,0,3389
4700,4,0,0,3387
4700,4,0.3,0,3388
4700,4,0.5,0,3390
4700,4.5,-4,0.4,3410
4700,4.5,-3.5,0.4,3409
4700,4.5,-3,0.4,3408
4700,4.5,-2.5,0.4,3407
4700,4.5,-2,0.4,3406
4700,4.5,-1.5,0.4,3405
4700,4.5,-1,0.4,3404
4700,4.5,-0.5,0,3401
4700,4.5,0,0,3399
4700,4.5,0.3,0,3400
4700,4.5,0.5,0,3402
4700,5,-4,0.4,3421
4700,5,-3.5,0.4,3420
4700,5,-3,0.4,3419
4700,5,-2.5,0.4,3418
4700,5,-1.5,0.4,3416
4700,5,-1,0.4,3415
4700,5,-0.5,0.2,3414
4700,5,0,0,3411
4700,5,0.3,0,3412
4700,5,0.5,0,3413
4700,5.5,-4,0.4,3432
4700,5.5,-3.5,0.4,3431
4700,5.5,-3,0.4,3430
4700,5.5,-2.5,0.4,3429
4700,5.5,-2,0.4,3428
4700,5.5,-1.5,0.4,3427
4700,5.5,-1,0.4,3426
4700,5.5,-0.5,0.2,3425
4700,5.5,0,0,3422
4700,5.5,0.3,0,3423
4700,5.5,0.5,0,3424
4800,-0.5,-4,0.4,3465
4800,-0.5,-3.5,0.4,3463
4800,-0.5,-3,0.4,3461
4800,-0.5,-2.5,0.4,3459
4800,-0.5,-2,0.4,3457
4800,-0.5,-1.5,0.4,3455
4800,-0.5,-1,0.4,3453
4800,-0.5,-0.5,0.2,3451
4800,-0.5,0,0,3445
4800,-0.5,0.3,0,3447
4800,-0.5,0.5,0,3449
4800,0,-4,0.4,3443
4800,0,-3.5,0.4,3442
4800,0,-3,0.4,3441
4800,0,-2.5,0.4,3440
4800,0,-2,0.4,3439
4800,0,-1.5,0.4,3438
4800,0,-1,0.4,3437
4800,0,-0.5,0.2,3436
4800,0,0,0,3433
4800,0,0.3,0,3434
4800,0,0.5,0,3435
4800,0.5,-4,0.4,3464
4800,0.5,-3.5,0.4,3462
4800,0.5,-3,0.4,3460
4800,0.5,-2.5,0.4,3458
4800,0.5,-2,0.4,3456
4800,0.5,-1.5,0.4,3454
4800,0.5,-1,0.4,3452
4800,0.5,-0.5,0.2,3450
4800,0.5,0,0,3444
4800,0.5,0.3,0,3446
4800,0.5,0.5,0,3448
4800,1,-4,0.4,3476
4800,1,-3.5,0.4,3475
4800,1,-3,0.4,3474
4800,1,-2.5,0.4,3473
4800,1,-2,0.4,3472
4800,1,-1.5,0.4,3471
4800,1,-1,0.4,3470
4800,1,-0.5,0.2,3469
4800,1,0,0,3466
4800,1,0.3,0,3467
4800,1,0.5,0,3468
4800,1.5,-4,0.4,3487
4800,1.5,-3.5,0.4,3486
4800,1.5,-3,0.4,3485
4800,1.5,-2.5,0.4,3484
4800,1.5,-2,0.4,3483
4800,1.5,-1.5,0.4,3482
4800,1.5,-1,0.4,3481
4800,1.5,-0.5,0.2,3480
4800,1.5,0,0,3477
4800,1.5,0.3,0,3478
4800,1.5,0.5,0,3479
4800,2,-4,0.4,3498
4800,2,-3.5,0.4,3497
4800,2,-3,0.4,3496
4800,2,-2.5,0.4,3495
4800,2,-2,0.4,3494
4800,2,-1.5,0.4,3493
4800,2,-1,0.4,3492
4800,2,-0.5,0.2,3491
4800,2,0,0,3488
4800,2,0.3,0,3489
4800,2,0.5,0,3490
4800,2.5,-4,0.4,3509
4800,2.5,-3.5,0.4,3508
4800,2.5,-3,0.4,3507
4800,2.5,-2.5,0.4,3506
4800,2.5,-2,0.4,3505
4800,2.5,-1.5,0.4,3504
4800,2.5,-1,0.4,3503
4800,2.5,-0.5,0.2,3502
4800,2.5,0,0,3499
4800,2.5,0.3,0,3500
4800,2.5,0.5,0,3501
4800,3,-4,0.4,3520
4800,3,-3.5,0.4,3519
4800,3,-3,0.4,3518
4800,3,-2.5,0.4,3517
4800,3,-2,0.4,3516
4800,3,-1.5,0.4,3515
4800,3,-1,0.4,3514
4800,3,-0.5,0.2,3513
4800,3,0,0,3510
4800,3,0.3,0,3511
4800,3,0.5,0,3512
4800,3.5,-4,0.4,3531
4800,3.5,-3.5,0.4,3530
4800,3.5,-3,0.4,3529
4800,3.5,-2.5,0.4,3528
4800,3.5,-2,0.4,3527
4800,3.5,-1.5,0.4,3526
4800,3.5,-1,0.4,3525
4800,3.5,-0.5,0.2,3524
4800,3.5,0,0,3521
4800,3.5,0.3,0,3522
4800,3.5,0.5,0,3523
4800,4,-4,0.4,3550
4800,4,-3.5,0.4,3549
4800,4,-3,0.4,3548
4800,4,-2.5,0.4,3547
4800,4,-2,0.4,3546
4800,4,-1.5,0.2,3544
4800,4,-1,0.2,3541
4800,4,-0.5,0,3536
4800,4,0,0,3532
4800,4,0.3,0,3535
4800,4,0.5,0,3537
4800,4.5,-4,0.4,3563
4800,4.5,-3.5,0.4,3562
4800,4.5,-3,0.4,3561
4800,4.5,-2.5,0.4,3560
4800,4.5,-2,0.4,3559
4800,4.5,-1.5,0.4,3558
4800,4.5,-1,0.4,3556
4800,4.5,-0.5,0,3553
4800,4.5,0,0,3551
4800,4.5,0.3,0,3552
4800,4.5,0.5,0,3554
4800,5,-4,0.4,3574
4800,5,-3.5,0.4,3573
4800,5,-3,0.4,3572
4800,5,-2.5,0.4,3571
4800,5,-2,0.4,3570
4800,5,-1.5,0.4,3569
4800,5,-1,0.4,3568
4800,5,-0.5,0.2,3567
4800,5,0,0,3564
4800,5,0.3,0,3565
4800,5,0.5,0,3566
4800,5.5,-4,0.4,3585
4800,5.5,-3.5,0.4,3584
4800,5.5,-3,0.4,3583
4800,5.5,-2.5,0.4,3582
4800,5.5,-2,0.4,3581
4800,5.5,-1.5,0.4,3580
4800,5.5,-1,0.4,3579
4800,5.5,-0.5,0.2,3578
4800,5.5,0,0,3575
4800,5.5,0.3,0,3576
4800,5.5,0.5,0,3577
4900,-0.5,-4,0.4,3618
4900,-0.5,-3.5,0.4,3616
4900,-0.5,-3,0.4,3614
4900,-0.5,-2.5,0.4,3612
4900,-0.5,-2,0.4,3610
4900,-0.5,-1.5,0.4,3608
4900,-0.5,-1,0.4,3606
4900,-0.5,-0.5,0.2,3604
4900,-0.5,0,0,3598
4900,-0.5,0.3,0,3600
4900,-0.5,0.5,0,3602
4900,0,-4,0.4,3596
4900,0,-3.5,0.4,3595
4900,0,-3,0.4,3594
4900,0,-2.5,0.4,3593
4900,0,-2,0.4,3592
4900,0,-1.5,0.4,3591
4900,0,-1,0.4,3590
4900,0,-0.5,0.2,3589
4900,0,0,0,3586
4900,0,0.3,0,3587
4900,0,0.5,0,3588
4900,0.5,-4,0.4,3617
4900,0.5,-3.5,0.4,3615
4900,0.5,-3,0.4,3613
4900,0.5,-2.5,0.4,3611
4900,0.5,-2,0.4,3609
4900,0.5,-1.5,0.4,3607
4900,0.5,-1,0.4,3605
4900,0.5,-0.5,0.2,3603
4900,0.5,0,0,3597
4900,0.5,0.3,0,3599
4900,0.5,0.5,0,3601
4900,1,-4,0.4,3629
4900,1,-3.5,0.4,3628
4900,1,-3,0.4,3627
4900,1,-2.5,0.4,3626
4900,1,-2,0.4,3625
4900,1,-1.5,0.4,3624
4900,1,-1,0.4,3623
4900,1,-0.5,0.2,3622
4900,1,0,0,3619
4900,1,0.3,0,3620
4900,1,0.5,0,3621
4900,1.5,-4,0.4,3640
4900,1.5,-3.5,0.4,3639
4900,1.5,-3,0.4,3638
4900,1.5,-2.5,0.4,3637
4900,1.5,-2,0.4,3636
4900,1.5,-1.5,0.4,3635
4900,1.5,-1,0.4,3634
4900,1.5,-0.5,0.2,3633
4900,1.5,0,0,3630
4900,1.5,0.3,0,3631
4900,1.5,0.5,0,3632
4900,2,-4,0.4,3651
4900,2,-3.5,0.4,3650
4900,2,-3,0.4,3649
4900,2,-2.5,0.4,3648
4900,2,-2,0.4,3647
4900,2,-1.5,0.4,3646
4900,2,-1,0.4,3645
4900,2,-0.5,0.2,3644
4900,2,0,0,3641
4900,2,0.3,0,3642
4900,2,0.5,0,3643
4900,2.5,-4,0.4,3662
4900,2.5,-3.5,0.4,3661
4900,2.5,-3,0.4,3660
4900,2.5,-2.5,0.4,3659
4900,2.5,-2,0.4,3658
4900,2.5,-1.5,0.4,3657
4900,2.5,-1,0.4,3656
4900,2.5,-0.5,0.2,3655
4900,2.5,0,0,3652
4900,2.5,0.3,0,3653
4900,2.5,0.5,0,3654
4900,3,-4,0.4,3673
4900,3,-3.5,0.4,3672
4900,3,-3,0.4,3671
4900,3,-2.5,0.4,3670
4900,3,-2,0.4,3669
4900,3,-1.5,0.4,3668
4900,3,-1,0.4,3667
4900,3,-0.5,0.2,3666
4900,3,0,0,3663
4900,3,0.3,0,3664
4900,3,0.5,0,3665
4900,3.5,-4,0.4,3684
4900,3.5,-3.5,0.4,3683
4900,3.5,-3,0.4,3682
4900,3.5,-2.5,0.4,3681
4900,3.5,-2,0.4,3680
4900,3.5,-1.5,0.4,3679
4900,3.5,-1,0.4,3678
4900,3.5,-0.5,0.2,3677
4900,3.5,0,0,3674
4900,3.5,0.3,0,3675
4900,3.5,0.5,0,3676
4900,4,-4,0.4,3696
4900,4,-3.5,0.4,3695
4900,4,-3,0.4,3694
4900,4,-2.5,0.4,3693
4900,4,-2,0.4,3692
4900,4,-1.5,0.4,3691
4900,4,-1,0.4,3690
4900,4,-0.5,0,3687
4900,4,0,0,3685
4900,4,0.3,0,3686
4900,4,0.5,0,3688
4900,4.5,-4,0.4,3708
4900,4.5,-3.5,0.4,3707
4900,4.5,-3,0.4,3706
4900,4.5,-2.5,0.4,3705
4900,4.5,-2,0.4,3704
4900,4.5,-1.5,0.4,3703
4900,4.5,-1,0.4,3702
4900,4.5,-0.5,0,3699
4900,4.5,0,0,3697
4900,4.5,0.3,0,3698
4900,4.5,0.5,0,3700
4900,5,-4,0.4,3719
4900,5,-3.5,0.4,3718
4900,5,-3,0.4,3717
4900,5,-2.5,0.4,3716
4900,5,-2,0.4,3715
4900,5,-1.5,0.4,3714
4900,5,-1,0.4,3713
4900,5,-0.5,0.2,3712
4900,5,0,0,3709
4900,5,0.3,0,3710
4900,5,0.5,0,3711
4900,5.5,-4,0.4,3730
4900,5.5,-3.5,0.4,3729
4900,5.5,-3,0.4,3728
4900,5.5,-2.5,0.4,3727
4900,5.5,-2,0.4,3726
4900,5.5,-1.5,0.4,3725
4900,5.5,-1,0.4,3724
4900,5.5,-0.5,0.2,3723
4900,5.5,0,0,3720
4900,5.5,0.3,0,3721
4900,5.5,0.5,0,3722
5000,-0.5,-4,0.4,3763
5000,-0.5,-3.5,0.4,3761
5000,-0.5,-3,0.4,3759
5000,-0.5,-2.5,0.4,3757
5000,-0.5,-2,0.4,3755
5000,-0.5,-1.5,0.4,3753
5000,-0.5,-1,0.4,3751
5000,-0.5,-0.5,0.2,3749
5000,-0.5,0,0,3743
5000,-0.5,0.3,0,3745
5000,-0.5,0.5,0,3747
5000,0,-4,0.4,3741
5000,0,-3.5,0.4,3740
5000,0,-3,0.4,3739
5000,0,-2.5,0.4,3738
5000,0,-2,0.4,3737
5000,0,-1.5,0.4,3736
5000,0,-1,0.4,3735
5000,0,-0.5,0.2,3734
5000,0,0,0,3731
5000,0,0.3,0,3732
5000,0,0.5,0,3733
5000,0.5,-4,0.4,3762
5000,0.5,-3.5,0.4,3760
5000,0.5,-3,0.4,3758
5000,0.5,-2.5,0.4,3756
5000,0.5,-2,0.4,3754
5000,0.5,-1.5,0.4,3752
5000,0.5,-1,0.4,3750
5000,0.5,-0.5,0.2,3748
5000,0.5,0,0,3742
5000,0.5,0.3,0,3744
5000,0.5,0.5,0,3746
5000,1,-4,0.4,3774
5000,1,-3.5,0.4,3773
5000,1,-3,0.4,3772
5000,1,-2.5,0.4,3771
5000,1,-2,0.4,3770
5000,1,-1.5,0.4,3769
5000,1,-1,0.4,3768
5000,1,-0.5,0.2,3767
5000,1,0,0,3764
5000,1,0.3,0,3765
5000,1,0.5,0,3766
5000,1.5,-4,0.4,3785
5000,1.5,-3.5,0.4,3784
5000,1.5,-3,0.4,3783
5000,1.5,-2.5,0.4,3782
5000,1.5,-2,0.4,3781
5000,1.5,-1.5,0.4,3780
5000,1.5,-1,0.4,3779
5000,1.5,-0.5,0.2,3778
5000,1.5,0,0,3775
5000,1.5,0.3,0,3776
5000,1.5,0.5,0,3777
5000,2,-4,0.4,3796
5000,2,-3.5,0.4,3795
5000,2,-3,0.4,3794
5000,2,-2.5,0.4,3793
5000,2,-2,0.4,3792
5000,2,-1.5,0.4,3791
5000,2,-1,0.4,3790
5000,2,-0.5,0.2,3789
5000,2,0,0,3786
5000,2,0.3,0,3787
5000,2,0.5,0,3788
5000,2.5,-4,0.4,3807
5000,2.5,-3.5,0.4,3806
5000,2.5,-3,0.4,3805
5000,2.5,-2.5,0.4,3804
5000,2.5,-2,0.4,3803
5000,2.5,-1.5,0.4,3802
5000,2.5,-1,0.4,3801
5000,2.5,-0.5,0.2,3800
5000,2.5,0,0,3797
5000,2.5,0.3,0,3798
5000,2.5,0.5,0,3799
5000,3,-4,0.4,3818
5000,3,-3.5,0.4,3817
5000,3,-3,0.4,3816
5000,3,-2.5,0.4,3815
5000,3,-2,0.4,3814
5000,3,-1.5,0.4,3813
5000,3,-1,0.4,3812
5000,3,-0.5,0.2,3811
5000,3,0,0,3808
5000,3,0.3,0,3809
5000,3,0.5,0,3810
5000,3.5,-4,0.4,3829
5000,3.5,-3.5,0.4,3828
5000,3.5,-3,0.4,3827
5000,3.5,-2.5,0.4,3826
5000,3.5,-2,0.4,3825
5000,3.5,-1.5,0.4,3824
5000,3.5,-1,0.4,3823
5000,3.5,-0.5,0.2,3822
5000,3.5,0,0,3819
5000,3.5,0.3,0,3820
5000,3.5,0.5,0,3821
5000,4,-4,0.4,3849
5000,4,-3.5,0.4,3848
5000,4,-3,0.4,3847
5000,4,-2.5,0.4,3846
5000,4,-2,0.4,3845
5000,4,-1.5,0.2,3843
5000,4,-1,0.2,3840
5000,4,-0.5,0,3834
5000,4,0,0,3830
5000,4,0.3,0,3833
5000,4,0.5,0,3835
5000,4.5,-4,0.4,3862
5000,4.5,-3.5,0.4,3861
5000,4.5,-3,0.4,3860
5000,4.5,-2.5,0.4,3859
5000,4.5,-2,0.4,3858
5000,4.5,-1.5,0.4,3857
5000,4.5,-1,0.4,3855
5000,4.5,-0.5,0,3852
5000,4.5,0,0,3850
5000,4.5,0.3,0,3851
5000,4.5,0.5,0,3853
5000,5,-4,0.4,3873
5000,5,-3.5,0.4,3872
5000,5,-3,0.4,3871
5000,5,-2.5,0.4,3870
5000,5,-2,0.4,3869
5000,5,-1.5,0.4,3868
5000,5,-1,0.4,3867
5000,5,-0.5,0.2,3866
5000,5,0,0,3863
5000,5,0.3,0,3864
5000,5,0.5,0,3865
5000,5.5,-4,0.4,3884
5000,5.5,-3.5,0.4,3883
5000,5.5,-3,0.4,3882
5000,5.5,-2.5,0.4,3881
5000,5.5,-2,0.4,3880
5000,5.5,-1.5,0.4,3879
5000,5.5,-1,0.4,3878
5000,5.5,-0.5,0.2,3877
5000,5.5,0,0,3874
5000,5.5,0.3,0,3875
5000,5.5,0.5,0,3876
5100,-0.5,-4,0.4,3917
5100,-0.5,-3.5,0.4,3915
5100,-0.5,-3,0.4,3913
5100,-0.5,-2.5,0.4,3911
5100,-0.5,-2,0.4,3909
5100,-0.5,-1.5,0.4,3907
5100,-0.5,-1,0.4,3905
5100,-0.5,-0.5,0.2,3903
5100,-0.5,0,0,3897
5100,-0.5,0.3,0,3899
5100,-0.5,0.5,0,3901
5100,0,-4,0.4,3895
5100,0,-3.5,0.4,3894
5100,0,-3,0.4,3893
5100,0,-2.5,0.4,3892
5100,0,-2,0.4,3891
5100,0,-1.5,0.4,3890
5100,0,-1,0.4,3889
5100,0,-0.5,0.2,3888
5100,0,0,0,3885
5100,0,0.3,0,3886
5100,0,0.5,0,3887
5100,0.5,-4,0.4,3916
5100,0.5,-3.5,0.4,3914
5100,0.5,-3,0.4,3912
5100,0.5,-2.5,0.4,3910
5100,0.5,-2,0.4,3908
5100,0.5,-1.5,0.4,3906
5100,0.5,-1,0.4,3904
5100,0.5,-0.5,0.2,3902
5100,0.5,0,0,3896
5100,0.5,0.3,0,3898
5100,0.5,0.5,0,3900
5100,1,-4,0.4,3928
5100,1,-3.5,0.4,3927
5100,1,-3,0.4,3926
5100,1,-2.5,0.4,3925
5100,1,-2,0.4,3924
5100,1,-1.5,0.4,3923
5100,1,-1,0.4,3922
5100,1,-0.5,0.2,3921
5100,1,0,0,3918
5100,1,0.3,0,3919
5100,1,0.5,0,3920
5100,1.5,-4,0.4,3939
5100,1.5,-3.5,0.4,3938
5100,1.5,-3,0.4,3937
5100,1.5,-2.5,0.4,3936
5100,1.5,-2,0.4,3935
5100,1.5,-1.5,0.4,3934
5100,1.5,-1,0.4,3933
5100,1.5,-0.5,0.2,3932
5100,1.5,0,0,3929
5100,1.5,0.3,0,3930
5100,1.5,0.5,0,3931
5100,2,-4,0.4,3950
5100,2,-3.5,0.4,3949
5100,2,-3,0.4,3948
5100,2,-2.5,0.4,3947
5100,2,-2,0.4,3946
5100,2,-1.5,0.4,3945
5100,2,-1,0.4,3944
5100,2,-0.5,0.2,3943
5100,2,0,0,3940
5100,2,0.3,0,3941
5100,2,0.5,0,3942
5100,2.5,-4,0.4,3961
5100,2.5,-3.5,0.4,3960
5100,2.5,-3,0.4,3959
5100,2.5,-2.5,0.4,3958
5100,2.5,-2,0.4,3957
5100,2.5,-1.5,0.4,3956
5100,2.5,-1,0.4,3955
5100,2.5,-0.5,0.2,3954
5100,2.5,0,0,3951
5100,2.5,0.3,0,3952
5100,2.5,0.5,0,3953
5100,3,-4,0.4,3972
5100,3,-3.5,0.4,3971
5100,3,-3,0.4,3970
5100,3,-2.5,0.4,3969
5100,3,-2,0.4,3968
5100,3,-1.5,0.4,3967
5100,3,-1,0.4,3966
5100,3,-0.5,0.2,3965
5100,3,0,0,3962
5100,3,0.3,0,3963
5100,3,0.5,0,3964
5100,3.5,-4,0.4,3983
5100,3.5,-3.5,0.4,3982
5100,3.5,-3,0.4,3981
5100,3.5,-2.5,0.4,3980
5100,3.5,-2,0.4,3979
5100,3.5,-1.5,0.4,3978
5100,3.5,-1,0.4,3977
5100,3.5,-0.5,0.2,3976
5100,3.5,0,0,3973
5100,3.5,0.3,0,3974
5100,3.5,0.5,0,3975
5100,4,-4,0.4,3995
5100,4,-3.5,0.4,3994
5100,4,-3,0.4,3993
5100,4,-2.5,0.4,3992
5100,4,-2,0.4,3991
5100,4,-1.5,0.4,3990
5100,4,-1,0.4,3989
5100,4,-0.5,0,3986
5100,4,0,0,3984
5100,4,0.3,0,3985
5100,4,0.5,0,3987
5100,4.5,-4,0.4,4007
5100,4.5,-3.5,0.4,4006
5100,4.5,-3,0.4,4005
5100,4.5,-2.5,0.4,4004
5100,4.5,-2,0.4,4003
5100,4.5,-1.5,0.4,4002
5100,4.5,-1,0.4,4001
5100,4.5,-0.5,0,3998
5100,4.5,0,0,3996
5100,4.5,0.3,0,3997
5100,4.5,0.5,0,3999
5100,5,-4,0.4,4018
5100,5,-3.5,0.4,4017
5100,5,-3,0.4,4016
5100,5,-2.5,0.4,4015
5100,5,-2,0.4,4014
5100,5,-1.5,0.4,4013
5100,5,-1,0.4,4012
5100,5,-0.5,0.2,4011
5100,5,0,0,4008
5100,5,0.3,0,4009
5100,5,0.5,0,4010
5200,-0.5,-4,0.4,4051
5200,-0.5,-3.5,0.4,4049
5200,-0.5,-3,0.4,4047
5200,-0.5,-2.5,0.4,4045
5200,-0.5,-2,0.4,4043
5200,-0.5,-1.5,0.4,4041
5200,-0.5,-1,0.4,4039
5200,-0.5,-0.5,0.2,4037
5200,-0.5,0,0,4031
5200,-0.5,0.3,0,4033
5200,-0.5,0.5,0,4035
5200,0,-4,0.4,4029
5200,0,-3.5,0.4,4028
5200,0,-3,0.4,4027
5200,0,-2.5,0.4,4026
5200,0,-2,0.4,4025
5200,0,-1.5,0.4,4024
5200,0,-1,0.4,4023
5200,0,-0.5,0.2,4022
5200,0,0,0,4019
5200,0,0.3,0,4020
5200,0,0.5,0,4021
5200,0.5,-4,0.4,4050
5200,0.5,-3.5,0.4,4048
5200,0.5,-3,0.4,4046
5200,0.5,-2.5,0.4,4044
5200,0.5,-2,0.4,4042
5200,0.5,-1.5,0.4,4040
5200,0.5,-1,0.4,4038
5200,0.5,-0.5,0.2,4036
5200,0.5,0,0,4030
5200,0.5,0.3,0,4032
5200,0.5,0.5,0,4034
5200,1,-4,0.4,4062
5200,1,-3.5,0.4,4061
5200,1,-3,0.4,4060
5200,1,-2.5,0.4,4059
5200,1,-2,0.4,4058
5200,1,-1.5,0.4,4057
5200,1,-1,0.4,4056
5200,1,-0.5,0.2,4055
5200,1,0,0,4052
5200,1,0.3,0,4053
5200,1,0.5,0,4054
5200,1.5,-4,0.4,4073
5200,1.5,-3.5,0.4,4072
5200,1.5,-3,0.4,4071
5200,1.5,-2.5,0.4,4070
5200,1.5,-2,0.4,4069
5200,1.5,-1.5,0.4,4068
5200,1.5,-1,0.4,4067
5200,1.5,-0.5,0.2,4066
5200,1.5,0,0,4063
5200,1.5,0.3,0,4064
5200,1.5,0.5,0,4065
5200,2,-4,0.4,4084
5200,2,-3.5,0.4,4083
5200,2,-3,0.4,4082
5200,2,-2.5,0.4,4081
5200,2,-2,0.4,4080
5200,2,-1.5,0.4,4079
5200,2,-1,0.4,4078
5200,2,-0.5,0.2,4077
5200,2,0,0,4074
5200,2,0.3,0,4075
5200,2,0.5,0,4076
5200,2.5,-4,0.4,4095
5200,2.5,-3.5,0.4,4094
5200,2.5,-3,0.4,4093
5200,2.5,-2.5,0.4,4092
5200,2.5,-2,0.4,4091
5200,2.5,-1.5,0.4,4090
5200,2.5,-1,0.4,4089
5200,2.5,-0.5,0.2,4088
5200,2.5,0,0,4085
5200,2.5,0.3,0,4086
5200,2.5,0.5,0,4087
5200,3,-4,0.4,4106
5200,3,-3.5,0.4,4105
5200,3,-3,0.4,4104
5200,3,-2.5,0.4,4103
5200,3,-2,0.4,4102
5200,3,-1.5,0.4,4101
5200,3,-1,0.4,4100
5200,3,-0.5,0.2,4099
5200,3,0,0,4096
5200,3,0.3,0,4097
5200,3,0.5,0,4098
5200,3.5,-4,0.4,4117
5200,3.5,-3.5,0.4,4116
5200,3.5,-3,0.4,4115
5200,3.5,-2.5,0.4,4114
5200,3.5,-2,0.4,4113
5200,3.5,-1.5,0.4,4112
5200,3.5,-1,0.4,4111
5200,3.5,-0.5,0.2,4110
5200,3.5,0,0,4107
5200,3.5,0.3,0,4108
5200,3.5,0.5,0,4109
5200,4,-4,0.4,4136
5200,4,-3.5,0.4,4135
5200,4,-3,0.4,4134
5200,4,-2.5,0.4,4133
5200,4,-2,0.4,4132
5200,4,-1.5,0.2,4130
5200,4,-1,0.2,4127
5200,4,-0.5,0,4122
5200,4,0,0,4118
5200,4,0.3,0,4121
5200,4,0.5,0,4123
5200,4.5,-4,0.4,4149
5200,4.5,-3.5,0.4,4148
5200,4.5,-3,0.4,4147
5200,4.5,-2.5,0.4,4146
5200,4.5,-2,0.4,4145
5200,4.5,-1.5,0.4,4144
5200,4.5,-1,0.4,4142
5200,4.5,-0.5,0,4139
5200,4.5,0,0,4137
5200,4.5,0.3,0,4138
5200,4.5,0.5,0,4140
5200,5,-4,0.4,4160
5200,5,-3.5,0.4,4159
5200,5,-3,0.4,4158
5200,5,-2.5,0.4,4157
5200,5,-2,0.4,4156
5200,5,-1.5,0.4,4155
5200,5,-1,0.4,4154
5200,5,-0.5,0.2,4153
5200,5,0,0,4150
5200,5,0.3,0,4151
5200,5,0.5,0,4152
5300,-0.5,-4,0.4,4193
5300,-0.5,-3.5,0.4,4191
5300,-0.5,-3,0.4,4189
5300,-0.5,-2.5,0.4,4187
5300,-0.5,-2,0.4,4185
5300,-0.5,-1.5,0.4,4183
5300,-0.5,-1,0.4,4181
5300,-0.5,-0.5,0.2,4179
5300,-0.5,0,0,4173
5300,-0.5,0.3,0,4175
5300,-0.5,0.5,0,4177
5300,0,-4,0.4,4171
5300,0,-3.5,0.4,4170
5300,0,-3,0.4,4169
5300,0,-2.5,0.4,4168
5300,0,-2,0.4,4167
5300,0,-1.5,0.4,4166
5300,0,-1,0.4,4165
5300,0,-0.5,0.2,4164
5300,0,0,0,4161
5300,0,0.3,0,4162
5300,0,0.5,0,4163
5300,0.5,-4,0.4,4192
5300,0.5,-3.5,0.4,4190
5300,0.5,-3,0.4,4188
5300,0.5,-2.5,0.4,4186
5300,0.5,-2,0.4,4184
5300,0.5,-1.5,0.4,4182
5300,0.5,-1,0.4,4180
5300,0.5,-0.5,0.2,4178
5300,0.5,0,0,4172
5300,0.5,0.3,0,4174
5300,0.5,0.5,0,4176
5300,1,-4,0.4,4204
5300,1,-3.5,0.4,4203
5300,1,-3,0.4,4202
5300,1,-2.5,0.4,4201
5300,1,-2,0.4,4200
5300,1,-1.5,0.4,4199
5300,1,-1,0.4,4198
5300,1,-0.5,0.2,4197
5300,1,0,0,4194
5300,1,0.3,0,4195
5300,1,0.5,0,4196
5300,1.5,-4,0.4,4215
5300,1.5,-3.5,0.4,4214
5300,1.5,-3,0.4,4213
5300,1.5,-2.5,0.4,4212
5300,1.5,-2,0.4,4211
5300,1.5,-1.5,0.4,4210
5300,1.5,-1,0.4,4209
5300,1.5,-0.5,0.2,4208
5300,1.5,0,0,4205
5300,1.5,0.3,0,4206
5300,1.5,0.5,0,4207
5300,2,-4,0.4,4226
5300,2,-3.5,0.4,4225
5300,2,-3,0.4,4224
5300,2,-2.5,0.4,4223
5300,2,-2,0.4,4222
5300,2,-1.5,0.4,4221
5300,2,-1,0.4,4220
5300,2,-0.5,0.2,4219
5300,2,0,0,4216
5300,2,0.3,0,4217
5300,2,0.5,0,4218
5300,2.5,-4,0.4,4237
5300,2.5,-3.5,0.4,4236
5300,2.5,-3,0.4,4235
5300,2.5,-2.5,0.4,4234
5300,2.5,-2,0.4,4233
5300,2.5,-1.5,0.4,4232
5300,2.5,-1,0.4,4231
5300,2.5,-0.5,0.2,4230
5300,2.5,0,0,4227
5300,2.5,0.3,0,4228
5300,2.5,0.5,0,4229
5300,3,-4,0.4,4248
5300,3,-3.5,0.4,4247
5300,3,-3,0.4,4246
5300,3,-2.5,0.4,4245
5300,3,-2,0.4,4244
5300,3,-1.5,0.4,4243
5300,3,-1,0.4,4242
5300,3,-0.5,0.2,4241
5300,3,0,0,4238
5300,3,0.3,0,4239
5300,3,0.5,0,4240
5300,3.5,-4,0.4,4259
5300,3.5,-3.5,0.4,4258
5300,3.5,-3,0.4,4257
5300,3.5,-2.5,0.4,4256
5300,3.5,-2,0.4,4255
5300,3.5,-1.5,0.4,4254
5300,3.5,-1,0.4,4253
5300,3.5,-0.5,0.2,4252
5300,3.5,0,0,4249
5300,3.5,0.3,0,4250
5300,3.5,0.5,0,4251
5300,4,-4,0.4,4271
5300,4,-3.5,0.4,4270
5300,4,-3,0.4,4269
5300,4,-2.5,0.4,4268
5300,4,-2,0.4,4267
5300,4,-1.5,0.4,4266
5300,4,-1,0.4,4265
5300,4,-0.5,0,4262
5300,4,0,0,4260
5300,4,0.3,0,4261
5300,4,0.5,0,4263
5300,4.5,-4,0.4,4283
5300,4.5,-3.5,0.4,4282
5300,4.5,-3,0.4,4281
5300,4.5,-2.5,0.4,4280
5300,4.5,-2,0.4,4279
5300,4.5,-1.5,0.4,4278
5300,4.5,-1,0.4,4277
5300,4.5,-0.5,0,4274
5300,4.5,0,0,4272
5300,4.5,0.3,0,4273
5300,4.5,0.5,0,4275
5300,5,-4,0.4,4294
5300,5,-3.5,0.4,4293
5300,5,-3,0.4,4292
5300,5,-2.5,0.4,4291
5300,5,-2,0.4,4290
5300,5,-1.5,0.4,4289
5300,5,-1,0.4,4288
5300,5,-0.5,0.2,4287
5300,5,0,0,4284
5300,5,0.3,0,4285
5300,5,0.5,0,4286
5400,-0.5,-4,0.4,4327
5400,-0.5,-3.5,0.4,4325
5400,-0.5,-3,0.4,4323
5400,-0.5,-2.5,0.4,4321
5400,-0.5,-2,0.4,4319
5400,-0.5,-1.5,0.4,4317
5400,-0.5,-1,0.4,4315
5400,-0.5,-0.5,0.2,4313
5400,-0.5,0,0,4307
5400,-0.5,0.3,0,4309
5400,-0.5,0.5,0,4311
5400,0,-4,0.4,4305
5400,0,-3.5,0.4,4304
5400,0,-3,0.4,4303
5400,0,-2.5,0.4,4302
5400,0,-2,0.4,4301
5400,0,-1.5,0.4,4300
5400,0,-1,0.4,4299
5400,0,-0.5,0.2,4298
5400,0,0,0,4295
5400,0,0.3,0,4296
5400,0,0.5,0,4297
5400,0.5,-4,0.4,4326
5400,0.5,-3.5,0.4,4324
5400,0.5,-3,0.4,4322
5400,0.5,-2.5,0.4,4320
5400,0.5,-2,0.4,4318
5400,0.5,-1.5,0.4,4316
5400,0.5,-1,0.4,4314
5400,0.5,-0.5,0.2,4312
5400,0.5,0,0,4306
5400,0.5,0.3,0,4308
5400,0.5,0.5,0,4310
5400,1,-4,0.4,4338
5400,1,-3.5,0.4,4337
5400,1,-3,0.4,4336
5400,1,-2.5,0.4,4335
5400,1,-2,0.4,4334
5400,1,-1.5,0.4,4333
5400,1,-1,0.4,4332
5400,1,-0.5,0.2,4331
5400,1,0,0,4328
5400,1,0.3,0,4329
5400,1,0.5,0,4330
5400,1.5,-4,0.4,4349
5400,1.5,-3.5,0.4,4348
5400,1.5,-3,0.4,4347
5400,1.5,-2.5,0.4,4346
5400,1.5,-2,0.4,4345
5400,1.5,-1.5,0.4,4344
5400,1.5,-1,0.4,4343
5400,1.5,-0.5,0.2,4342
5400,1.5,0,0,4339
5400,1.5,0.3,0,4340
5400,1.5,0.5,0,4341
5400,2,-4,0.4,4360
5400,2,-3.5,0.4,4359
5400,2,-3,0.4,4358
5400,2,-2.5,0.4,4357
5400,2,-2,0.4,4356
5400,2,-1.5,0.4,4355
5400,2,-1,0.4,4354
5400,2,-0.5,0.2,4353
5400,2,0,0,4350
5400,2,0.3,0,4351
5400,2,0.5,0,4352
5400,2.5,-4,0.4,4371
5400,2.5,-3.5,0.4,4370
5400,2.5,-3,0.4,4369
5400,2.5,-2.5,0.4,4368
5400,2.5,-2,0.4,4367
5400,2.5,-1.5,0.4,4366
5400,2.5,-1,0.4,4365
5400,2.5,-0.5,0.2,4364
5400,2.5,0,0,4361
5400,2.5,0.3,0,4362
5400,2.5,0.5,0,4363
5400,3,-4,0.4,4382
5400,3,-3.5,0.4,4381
5400,3,-3,0.4,4380
5400,3,-2.5,0.4,4379
5400,3,-2,0.4,4378
5400,3,-1.5,0.4,4377
5400,3,-1,0.4,4376
5400,3,-0.5,0.2,4375
5400,3,0,0,4372
5400,3,0.3,0,4373
5400,3,0.5,0,4374
5400,3.5,-4,0.4,4393
5400,3.5,-3.5,0.4,4392
5400,3.5,-3,0.4,4391
5400,3.5,-2.5,0.4,4390
5400,3.5,-2,0.4,4389
5400,3.5,-1.5,0.4,4388
5400,3.5,-1,0.4,4387
5400,3.5,-0.5,0.2,4386
5400,3.5,0,0,4383
5400,3.5,0.3,0,4384
5400,3.5,0.5,0,4385
5400,4,-4,0.4,4412
5400,4,-3.5,0.4,4411
5400,4,-3,0.4,4410
5400,4,-2.5,0.4,4409
5400,4,-2,0.4,4408
5400,4,-1.5,0.2,4406
5400,4,-1,0.2,4403
5400,4,-0.5,0,4398
5400,4,0,0,4394
5400,4,0.3,0,4397
5400,4,0.5,0,4399
5400,4.5,-4,0.4,4425
5400,4.5,-3.5,0.4,4424
5400,4.5,-3,0.4,4423
5400,4.5,-2.5,0.4,4422
5400,4.5,-2,0.4,4421
5400,4.5,-1.5,0.4,4420
5400,4.5,-1,0.4,4418
5400,4.5,-0.5,0,4415
5400,4.5,0,0,4413
5400,4.5,0.3,0,4414
5400,4.5,0.5,0,4416
5400,5,-4,0.4,4436
5400,5,-3.5,0.4,4435
5400,5,-3,0.4,4434
5400,5,-2.5,0.4,4433
5400,5,-2,0.4,4432
5400,5,-1.5,0.4,4431
5400,5,-1,0.4,4430
5400,5,-0.5,0.2,4429
5400,5,0,0,4426
5400,5,0.3,0,4427
5400,5,0.5,0,4428
5500,-0.5,-4,0.4,4469
5500,-0.5,-3.5,0.4,4467
5500,-0.5,-3,0.4,4465
5500,-0.5,-2.5,0.4,4463
5500,-0.5,-2,0.4,4461
5500,-0.5,-1.5,0.4,4459
5500,-0.5,-1,0.4,4457
5500,-0.5,-0.5,0.2,4455
5500,-0.5,0,0,4449
5500,-0.5,0.3,0,4451
5500,-0.5,0.5,0,4453
5500,0,-4,0.4,4447
5500,0,-3.5,0.4,4446
5500,0,-3,0.4,4445
5500,0,-2.5,0.4,4444
5500,0,-2,0.4,4443
5500,0,-1.5,0.4,4442
5500,0,-1,0.4,4441
5500,0,-0.5,0.2,4440
5500,0,0,0,4437
5500,0,0.3,0,4438
5500,0,0.5,0,4439
5500,0.5,-4,0.4,4468
5500,0.5,-3.5,0.4,4466
5500,0.5,-3,0.4,4464
5500,0.5,-2.5,0.4,4462
5500,0.5,-2,0.4,4460
5500,0.5,-1.5,0.4,4458
5500,0.5,-1,0.4,4456
5500,0.5,-0.5,0.2,4454
5500,0.5,0,0,4448
5500,0.5,0.3,0,4450
5500,0.5,0.5,0,4452
5500,1,-4,0.4,4480
5500,1,-3.5,0.4,4479
5500,1,-3,0.4,4478
5500,1,-2.5,0.4,4477
5500,1,-2,0.4,4476
5500,1,-1.5,0.4,4475
5500,1,-1,0.4,4474
5500,1,-0.5,0.2,4473
5500,1,0,0,4470
5500,1,0.3,0,4471
5500,1,0.5,0,4472
5500,1.5,-4,0.4,4491
5500,1.5,-3.5,0.4,4490
5500,1.5,-3,0.4,4489
5500,1.5,-2.5,0.4,4488
5500,1.5,-2,0.4,4487
5500,1.5,-1.5,0.4,4486
5500,1.5,-1,0.4,4485
5500,1.5,-0.5,0.2,4484
5500,1.5,0,0,4481
5500,1.5,0.3,0,4482
5500,1.5,0.5,0,4483
5500,2,-4,0.4,4502
5500,2,-3.5,0.4,4501
5500,2,-3,0.4,4500
5500,2,-2.5,0.4,4499
5500,2,-2,0.4,4498
5500,2,-1.5,0.4,4497
5500,2,-1,0.4,4496
5500,2,-0.5,0.2,4495
5500,2,0,0,4492
5500,2,0.3,0,4493
5500,2,0.5,0,4494
5500,2.5,-4,0.4,4513
5500,2.5,-3.5,0.4,4512
5500,2.5,-3,0.4,4511
5500,2.5,-2.5,0.4,4510
5500,2.5,-2,0.4,4509
5500,2.5,-1.5,0.4,4508
5500,2.5,-1,0.4,4507
5500,2.5,-0.5,0.2,4506
5500,2.5,0,0,4503
5500,2.5,0.3,0,4504
5500,2.5,0.5,0,4505
5500,3,-4,0.4,4524
5500,3,-3.5,0.4,4523
5500,3,-3,0.4,4522
5500,3,-2.5,0.4,4521
5500,3,-2,0.4,4520
5500,3,-1.5,0.4,4519
5500,3,-1,0.4,4518
5500,3,-0.5,0.2,4517
5500,3,0,0,4514
5500,3,0.3,0,4515
5500,3,0.5,0,4516
5500,3.5,-4,0.4,4535
5500,3.5,-3.5,0.4,4534
5500,3.5,-3,0.4,4533
5500,3.5,-2.5,0.4,4532
5500,3.5,-2,0.4,4531
5500,3.5,-1.5,0.4,4530
5500,3.5,-1,0.4,4529
5500,3.5,-0.5,0.2,4528
5500,3.5,0,0,4525
5500,3.5,0.3,0,4526
5500,3.5,0.5,0,4527
5500,4,-4,0.4,4547
5500,4,-3.5,0.4,4546
5500,4,-3,0.4,4545
5500,4,-2.5,0.4,4544
5500,4,-2,0.4,4543
5500,4,-1.5,0.4,4542
5500,4,-1,0.4,4541
5500,4,-0.5,0,4538
5500,4,0,0,4536
5500,4,0.3,0,4537
5500,4,0.5,0,4539
5500,4.5,-4,0.4,4559
5500,4.5,-3.5,0.4,4558
5500,4.5,-3,0.4,4557
5500,4.5,-2.5,0.4,4556
5500,4.5,-2,0.4,4555
5500,4.5,-1.5,0.4,4554
5500,4.5,-1,0.4,4553
5500,4.5,-0.5,0,4550
5500,4.5,0,0,4548
5500,4.5,0.3,0,4549
5500,4.5,0.5,0,4551
5500,5,-4,0.4,4570
5500,5,-3.5,0.4,4569
5500,5,-3,0.4,4568
5500,5,-2.5,0.4,4567
5500,5,-2,0.4,4566
5500,5,-1.5,0.4,4565
5500,5,-1,0.4,4564
5500,5,-0.5,0.2,4563
5500,5,0,0,4560
5500,5,0.3,0,4561
5500,5,0.5,0,4562
5600,-0.5,-4,0.4,4603
5600,-0.5,-3.5,0.4,4601
5600,-0.5,-3,0.4,4599
5600,-0.5,-2.5,0.4,4597
5600,-0.5,-2,0.4,4595
5600,-0.5,-1.5,0.4,4593
5600,-0.5,-1,0.4,4591
5600,-0.5,-0.5,0.2,4589
5600,-0.5,0,0,4583
5600,-0.5,0.3,0,4585
5600,-0.5,0.5,0,4587
5600,0,-4,0.4,4581
5600,0,-3.5,0.4,4580
5600,0,-3,0.4,4579
5600,0,-2.5,0.4,4578
5600,0,-2,0.4,4577
5600,0,-1.5,0.4,4576
5600,0,-1,0.4,4575
5600,0,-0.5,0.2,4574
5600,0,0,0,4571
5600,0,0.3,0,4572
5600,0,0.5,0,4573
5600,0.5,-4,0.4,4602
5600,0.5,-3.5,0.4,4600
5600,0.5,-3,0.4,4598
5600,0.5,-2.5,0.4,4596
5600,0.5,-2,0.4,4594
5600,0.5,-1.5,0.4,4592
5600,0.5,-1,0.4,4590
5600,0.5,-0.5,0.2,4588
5600,0.5,0,0,4582
5600,0.5,0.3,0,4584
5600,0.5,0.5,0,4586
5600,1,-4,0.4,4614
5600,1,-3.5,0.4,4613
5600,1,-3,0.4,4612
5600,1,-2.5,0.4,4611
5600,1,-2,0.4,4610
5600,1,-1.5,0.4,4609
5600,1,-1,0.4,4608
5600,1,-0.5,0.2,4607
5600,1,0,0,4604
5600,1,0.3,0,4605
5600,1,0.5,0,4606
5600,1.5,-4,0.4,4625
5600,1.5,-3.5,0.4,4624
5600,1.5,-3,0.4,4623
5600,1.5,-2.5,0.4,4622
5600,1.5,-2,0.4,4621
5600,1.5,-1.5,0.4,4620
5600,1.5,-1,0.4,4619
5600,1.5,-0.5,0.2,4618
5600,1.5,0,0,4615
5600,1.5,0.3,0,4616
5600,1.5,0.5,0,4617
5600,2,-4,0.4,4636
5600,2,-3.5,0.4,4635
5600,2,-3,0.4,4634
5600,2,-2.5,0.4,4633
5600,2,-2,0.4,4632
5600,2,-1.5,0.4,4631
5600,2,-1,0.4,4630
5600,2,-0.5,0.2,4629
5600,2,0,0,4626
5600,2,0.3,0,4627
5600,2,0.5,0,4628
5600,2.5,-4,0.4,4647
5600,2.5,-3.5,0.4,4646
5600,2.5,-3,0.4,4645
5600,2.5,-2.5,0.4,4644
5600,2.5,-2,0.4,4643
5600,2.5,-1.5,0.4,4642
5600,2.5,-1,0.4,4641
5600,2.5,-0.5,0.2,4640
5600,2.5,0,0,4637
5600,2.5,0.3,0,4638
5600,2.5,0.5,0,4639
5600,3,-4,0.4,4658
5600,3,-3.5,0.4,4657
5600,3,-3,0.4,4656
5600,3,-2.5,0.4,4655
5600,3,-2,0.4,4654
5600,3,-1.5,0.4,4653
5600,3,-1,0.4,4652
5600,3,-0.5,0.2,4651
5600,3,0,0,4648
5600,3,0.3,0,4649
5600,3,0.5,0,4650
5600,3.5,-4,0.4,4669
5600,3.5,-3.5,0.4,4668
5600,3.5,-3,0.4,4667
5600,3.5,-2.5,0.4,4666
5600,3.5,-2,0.4,4665
5600,3.5,-1.5,0.4,4664
5600,3.5,-1,0.4,4663
5600,3.5,-0.5,0.2,4662
5600,3.5,0,0,4659
5600,3.5,0.3,0,4660
5600,3.5,0.5,0,4661
5600,4,-4,0.4,4688
5600,4,-3.5,0.4,4687
5600,4,-3,0.4,4686
5600,4,-2.5,0.4,4685
5600,4,-2,0.4,4684
5600,4,-1.5,0.2,4682
5600,4,-1,0.2,4679
5600,4,-0.5,0,4674
5600,4,0,0,4670
5600,4,0.3,0,4673
5600,4,0.5,0,4675
5600,4.5,-4,0.4,4701
5600,4.5,-3.5,0.4,4700
5600,4.5,-3,0.4,4699
5600,4.5,-2.5,0.4,4698
5600,4.5,-2,0.4,4697
5600,4.5,-1.5,0.4,4696
5600,4.5,-1,0.4,4694
5600,4.5,-0.5,0,4691
5600,4.5,0,0,4689
5600,4.5,0.3,0,4690
5600,4.5,0.5,0,4692
5600,5,-4,0.4,4712
5600,5,-3.5,0.4,4711
5600,5,-3,0.4,4710
5600,5,-2.5,0.4,4709
5600,5,-2,0.4,4708
5600,5,-1.5,0.4,4707
5600,5,-1,0.4,4706
5600,5,-0.5,0.2,4705
5600,5,0,0,4702
5600,5,0.3,0,4703
5600,5,0.5,0,4704
5700,-0.5,-4,0.4,4745
5700,-0.5,-3.5,0.4,4743
5700,-0.5,-3,0.4,4741
5700,-0.5,-2.5,0.4,4739
5700,-0.5,-2,0.4,4737
5700,-0.5,-1.5,0.4,4735
5700,-0.5,-1,0.4,4733
5700,-0.5,-0.5,0.2,4731
5700,-0.5,0,0,4725
5700,-0.5,0.3,0,4727
5700,-0.5,0.5,0,4729
5700,0,-4,0.4,4723
5700,0,-3.5,0.4,4722
5700,0,-3,0.4,4721
5700,0,-2.5,0.4,4720
5700,0,-2,0.4,4719
5700,0,-1.5,0.4,4718
5700,0,-1,0.4,4717
5700,0,-0.5,0.2,4716
5700,0,0,0,4713
5700,0,0.3,0,4714
5700,0,0.5,0,4715
5700,0.5,-4,0.4,4744
5700,0.5,-3.5,0.4,4742
5700,0.5,-3,0.4,4740
5700,0.5,-2.5,0.4,4738
5700,0.5,-2,0.4,4736
5700,0.5,-1.5,0.4,4734
5700,0.5,-1,0.4,4732
5700,0.5,-0.5,0.2,4730
5700,0.5,0,0,4724
5700,0.5,0.3,0,4726
5700,0.5,0.5,0,4728
5700,1,-4,0.4,4756
5700,1,-3.5,0.4,4755
5700,1,-3,0.4,4754
5700,1,-2.5,0.4,4753
5700,1,-2,0.4,4752
5700,1,-1.5,0.4,4751
5700,1,-1,0.4,4750
5700,1,-0.5,0.2,4749
5700,1,0,0,4746
5700,1,0.3,0,4747
5700,1,0.5,0,4748
5700,1.5,-4,0.4,4767
5700,1.5,-3.5,0.4,4766
5700,1.5,-3,0.4,4765
5700,1.5,-2.5,0.4,4764
5700,1.5,-2,0.4,4763
5700,1.5,-1.5,0.4,4762
5700,1.5,-1,0.4,4761
5700,1.5,-0.5,0.2,4760
5700,1.5,0,0,4757
5700,1.5,0.3,0,4758
5700,1.5,0.5,0,4759
5700,2,-4,0.4,4778
5700,2,-3.5,0.4,4777
5700,2,-3,0.4,4776
5700,2,-2.5,0.4,4775
5700,2,-2,0.4,4774
5700,2,-1.5,0.4,4773
5700,2,-1,0.4,4772
5700,2,-0.5,0.2,4771
5700,2,0,0,4768
5700,2,0.3,0,4769
5700,2,0.5,0,4770
5700,2.5,-4,0.4,4789
5700,2.5,-3.5,0.4,4788
5700,2.5,-3,0.4,4787
5700,2.5,-2.5,0.4,4786
5700,2.5,-2,0.4,4785
5700,2.5,-1.5,0.4,4784
5700,2.5,-1,0.4,4783
5700,2.5,-0.5,0.2,4782
5700,2.5,0,0,4779
5700,2.5,0.3,0,4780
5700,2.5,0.5,0,4781
5700,3,-4,0.4,4800
5700,3,-3.5,0.4,4799
5700,3,-3,0.4,4798
5700,3,-2.5,0.4,4797
5700,3,-2,0.4,4796
5700,3,-1.5,0.4,4795
5700,3,-1,0.4,4794
5700,3,-0.5,0.2,4793
5700,3,0,0,4790
5700,3,0.3,0,4791
5700,3,0.5,0,4792
5700,3.5,-4,0.4,4811
5700,3.5,-3.5,0.4,4810
5700,3.5,-3,0.4,4809
5700,3.5,-2.5,0.4,4808
5700,3.5,-2,0.4,4807
5700,3.5,-1.5,0.4,4806
5700,3.5,-1,0.4,4805
5700,3.5,-0.5,0.2,4804
5700,3.5,0,0,4801
5700,3.5,0.3,0,4802
5700,3.5,0.5,0,4803
5700,4,-4,0.4,4823
5700,4,-3.5,0.4,4822
5700,4,-3,0.4,4821
5700,4,-2.5,0.4,4820
5700,4,-2,0.4,4819
5700,4,-1.5,0.4,4818
5700,4,-1,0.4,4817
5700,4,-0.5,0,4814
5700,4,0,0,4812
5700,4,0.3,0,4813
5700,4,0.5,0,4815
5700,4.5,-4,0.4,4835
5700,4.5,-3.5,0.4,4834
5700,4.5,-3,0.4,4833
5700,4.5,-2.5,0.4,4832
5700,4.5,-2,0.4,4831
5700,4.5,-1.5,0.4,4830
5700,4.5,-1,0.4,4829
5700,4.5,-0.5,0,4826
5700,4.5,0,0,4824
5700,4.5,0.3,0,4825
5700,4.5,0.5,0,4827
5700,5,-4,0.4,4846
5700,5,-3.5,0.4,4845
5700,5,-3,0.4,4844
5700,5,-2.5,0.4,4843
5700,5,-2,0.4,4842
5700,5,-1.5,0.4,4841
5700,5,-1,0.4,4840
5700,5,-0.5,0.2,4839
5700,5,0,0,4836
5700,5,0.3,0,4837
5700,5,0.5,0,4838
5800,-0.5,-4,0.4,4879
5800,-0.5,-3.5,0.4,4877
5800,-0.5,-3,0.4,4875
5800,-0.5,-2.5,0.4,4873
5800,-0.5,-2,0.4,4871
5800,-0.5,-1.5,0.4,4869
5800,-0.5,-1,0.4,4867
5800,-0.5,-0.5,0.2,4865
5800,-0.5,0,0,4859
5800,-0.5,0.3,0,4861
5800,-0.5,0.5,0,4863
5800,0,-4,0.4,4857
5800,0,-3.5,0.4,4856
5800,0,-3,0.4,4855
5800,0,-2.5,0.4,4854
5800,0,-2,0.4,4853
5800,0,-1.5,0.4,4852
5800,0,-1,0.4,4851
5800,0,-0.5,0.2,4850
5800,0,0,0,4847
5800,0,0.3,0,4848
5800,0,0.5,0,4849
5800,0.5,-4,0.4,4878
5800,0.5,-3.5,0.4,4876
5800,0.5,-3,0.4,4874
5800,0.5,-2.5,0.4,4872
5800,0.5,-2,0.4,4870
5800,0.5,-1.5,0.4,4868
5800,0.5,-1,0.4,4866
5800,0.5,-0.5,0.2,4864
5800,0.5,0,0,4858
5800,0.5,0.3,0,4860
5800,0.5,0.5,0,4862
5800,1,-4,0.4,4890
5800,1,-3.5,0.4,4889
5800,1,-3,0.4,4888
5800,1,-2.5,0.4,4887
5800,1,-2,0.4,4886
5800,1,-1.5,0.4,4885
5800,1,-1,0.4,4884
5800,1,-0.5,0.2,4883
5800,1,0,0,4880
5800,1,0.3,0,4881
5800,1,0.5,0,4882
5800,1.5,-4,0.4,4901
5800,1.5,-3.5,0.4,4900
5800,1.5,-3,0.4,4899
5800,1.5,-2.5,0.4,4898
5800,1.5,-2,0.4,4897
5800,1.5,-1.5,0.4,4896
5800,1.5,-1,0.4,4895
5800,1.5,-0.5,0.2,4894
5800,1.5,0,0,4891
5800,1.5,0.3,0,4892
5800,1.5,0.5,0,4893
5800,2,-4,0.4,4912
5800,2,-3.5,0.4,4911
5800,2,-3,0.4,4910
5800,2,-2.5,0.4,4909
5800,2,-2,0.4,4908
5800,2,-1.5,0.4,4907
5800,2,-1,0.4,4906
5800,2,-0.5,0.2,4905
5800,2,0,0,4902
5800,2,0.3,0,4903
5800,2,0.5,0,4904
5800,2.5,-4,0.4,4923
5800,2.5,-3.5,0.4,4922
5800,2.5,-3,0.4,4921
5800,2.5,-2.5,0.4,4920
5800,2.5,-2,0.4,4919
5800,2.5,-1.5,0.4,4918
5800,2.5,-1,0.4,4917
5800,2.5,-0.5,0.2,4916
5800,2.5,0,0,4913
5800,2.5,0.3,0,4914
5800,2.5,0.5,0,4915
5800,3,-4,0.4,4934
5800,3,-3.5,0.4,4933
5800,3,-3,0.4,4932
5800,3,-2.5,0.4,4931
5800,3,-2,0.4,4930
5800,3,-1.5,0.4,4929
5800,3,-1,0.4,4928
5800,3,-0.5,0.2,4927
5800,3,0,0,4924
5800,3,0.3,0,4925
5800,3,0.5,0,4926
5800,3.5,-4,0.4,4945
5800,3.5,-3.5,0.4,4944
5800,3.5,-3,0.4,4943
5800,3.5,-2.5,0.4,4942
5800,3.5,-2,0.4,4941
5800,3.5,-1.5,0.4,4940
5800,3.5,-1,0.4,4939
5800,3.5,-0.5,0.2,4938
5800,3.5,0,0,4935
5800,3.5,0.3,0,4936
5800,3.5,0.5,0,4937
5800,4,-4,0.4,4964
5800,4,-3.5,0.4,4963
5800,4,-3,0.4,4962
5800,4,-2.5,0.4,4961
5800,4,-2,0.4,4960
5800,4,-1.5,0.2,4958
5800,4,-1,0.2,4955
5800,4,-0.5,0,4950
5800,4,0,0,4946
5800,4,0.3,0,4949
5800,4,0.5,0,4951
5800,4.5,-4,0.4,4977
5800,4.5,-3.5,0.4,4976
5800,4.5,-3,0.4,4975
5800,4.5,-2.5,0.4,4974
5800,4.5,-2,0.4,4973
5800,4.5,-1.5,0.4,4972
5800,4.5,-1,0.4,4970
5800,4.5,-0.5,0,4967
5800,4.5,0,0,4965
5800,4.5,0.3,0,4966
5800,4.5,0.5,0,4968
5800,5,-4,0.4,4988
5800,5,-3.5,0.4,4987
5800,5,-3,0.4,4986
5800,5,-2.5,0.4,4985
5800,5,-2,0.4,4984
5800,5,-1.5,0.4,4983
5800,5,-1,0.4,4982
5800,5,-0.5,0.2,4981
5800,5,0,0,4978
5800,5,0.3,0,4979
5800,5,0.5,0,4980
5900,-0.5,-4,0.4,5021
5900,-0.5,-3.5,0.4,5019
5900,-0.5,-3,0.4,5017
5900,-0.5,-2.5,0.4,5015
5900,-0.5,-2,0.4,5013
5900,-0.5,-1.5,0.4,5011
5900,-0.5,-1,0.4,5009
5900,-0.5,-0.5,0.2,5007
5900,-0.5,0,0,5001
5900,-0.5,0.3,0,5003
5900,-0.5,0.5,0,5005
5900,0,-4,0.4,4999
5900,0,-3.5,0.4,4998
5900,0,-3,0.4,4997
5900,0,-2.5,0.4,4996
5900,0,-2,0.4,4995
5900,0,-1.5,0.4,4994
5900,0,-1,0.4,4993
5900,0,-0.5,0.2,4992
5900,0,0,0,4989
5900,0,0.3,0,4990
5900,0,0.5,0,4991
5900,0.5,-4,0.4,5020
5900,0.5,-3.5,0.4,5018
5900,0.5,-3,0.4,5016
5900,0.5,-2.5,0.4,5014
5900,0.5,-2,0.4,5012
5900,0.5,-1.5,0.4,5010
5900,0.5,-1,0.4,5008
5900,0.5,-0.5,0.2,5006
5900,0.5,0,0,5000
5900,0.5,0.3,0,5002
5900,0.5,0.5,0,5004
5900,1,-4,0.4,5032
5900,1,-3.5,0.4,5031
5900,1,-3,0.4,5030
5900,1,-2.5,0.4,5029
5900,1,-2,0.4,5028
5900,1,-1.5,0.4,5027
5900,1,-1,0.4,5026
5900,1,-0.5,0.2,5025
5900,1,0,0,5022
5900,1,0.3,0,5023
5900,1,0.5,0,5024
5900,1.5,-4,0.4,5043
5900,1.5,-3.5,0.4,5042
5900,1.5,-3,0.4,5041
5900,1.5,-2.5,0.4,5040
5900,1.5,-2,0.4,5039
5900,1.5,-1.5,0.4,5038
5900,1.5,-1,0.4,5037
5900,1.5,-0.5,0.2,5036
5900,1.5,0,0,5033
5900,1.5,0.3,0,5034
5900,1.5,0.5,0,5035
5900,2,-4,0.4,5054
5900,2,-3.5,0.4,5053
5900,2,-3,0.4,5052
5900,2,-2.5,0.4,5051
5900,2,-2,0.4,5050
5900,2,-1.5,0.4,5049
5900,2,-1,0.4,5048
5900,2,-0.5,0.2,5047
5900,2,0,0,5044
5900,2,0.3,0,5045
5900,2,0.5,0,5046
5900,2.5,-4,0.4,5065
5900,2.5,-3.5,0.4,5064
5900,2.5,-3,0.4,5063
5900,2.5,-2.5,0.4,5062
5900,2.5,-2,0.4,5061
5900,2.5,-1.5,0.4,5060
5900,2.5,-1,0.4,5059
5900,2.5,-0.5,0.2,5058
5900,2.5,0,0,5055
5900,2.5,0.3,0,5056
5900,2.5,0.5,0,5057
5900,3,-4,0.4,5076
5900,3,-3.5,0.4,5075
5900,3,-3,0.4,5074
5900,3,-2.5,0.4,5073
5900,3,-2,0.4,5072
5900,3,-1.5,0.4,5071
5900,3,-1,0.4,5070
5900,3,-0.5,0.2,5069
5900,3,0,0,5066
5900,3,0.3,0,5067
5900,3,0.5,0,5068
5900,3.5,-4,0.4,5087
5900,3.5,-3.5,0.4,5086
5900,3.5,-3,0.4,5085
5900,3.5,-2.5,0.4,5084
5900,3.5,-2,0.4,5083
5900,3.5,-1.5,0.4,5082
5900,3.5,-1,0.4,5081
5900,3.5,-0.5,0.2,5080
5900,3.5,0,0,5077
5900,3.5,0.3,0,5078
5900,3.5,0.5,0,5079
5900,4,-4,0.4,5099
5900,4,-3.5,0.4,5098
5900,4,-3,0.4,5097
5900,4,-2.5,0.4,5096
5900,4,-2,0.4,5095
5900,4,-1.5,0.4,5094
5900,4,-1,0.4,5093
5900,4,-0.5,0,5090
5900,4,0,0,5088
5900,4,0.3,0,5089
5900,4,0.5,0,5091
5900,4.5,-4,0.4,5111
5900,4.5,-3.5,0.4,5110
5900,4.5,-3,0.4,5109
5900,4.5,-2.5,0.4,5108
5900,4.5,-2,0.4,5107
5900,4.5,-1.5,0.4,5106
5900,4.5,-1,0.4,5105
5900,4.5,-0.5,0,5102
5900,4.5,0,0,5100
5900,4.5,0.3,0,5101
5900,4.5,0.5,0,5103
5900,5,-4,0.4,5122
5900,5,-3.5,0.4,5121
5900,5,-3,0.4,5120
5900,5,-2.5,0.4,5119
5900,5,-2,0.4,5118
5900,5,-1.5,0.4,5117
5900,5,-1,0.4,5116
5900,5,-0.5,0.2,5115
5900,5,0,0,5112
5900,5,0.3,0,5113
5900,5,0.5,0,5114
6000,-0.5,-4,0.4,5155
6000,-0.5,-3.5,0.4,5153
6000,-0.5,-3,0.4,5151
6000,-0.5,-2.5,0.4,5149
6000,-0.5,-2,0.4,5147
6000,-0.5,-1.5,0.4,5145
6000,-0.5,-1,0.4,5143
6000,-0.5,-0.5,0.2,5141
6000,-0.5,0,0,5135
6000,-0.5,0.3,0,5137
6000,-0.5,0.5,0,5139
6000,0,-4,0.4,5133
6000,0,-3.5,0.4,5132
6000,0,-3,0.4,5131
6000,0,-2.5,0.4,5130
6000,0,-2,0.4,5129
6000,0,-1.5,0.4,5128
6000,0,-1,0.4,5127
6000,0,-0.5,0.2,5126
6000,0,0,0,5123
6000,0,0.3,0,5124
6000,0,0.5,0,5125
6000,0.5,-4,0.4,5154
6000,0.5,-3.5,0.4,5152
6000,0.5,-3,0.4,5150
6000,0.5,-2.5,0.4,5148
6000,0.5,-2,0.4,5146
6000,0.5,-1.5,0.4,5144
6000,0.5,-1,0.4,5142
6000,0.5,-0.5,0.2,5140
6000,0.5,0,0,5134
6000,0.5,0.3,0,5136
6000,0.5,0.5,0,5138
6000,1,-4,0.4,5166
6000,1,-3.5,0.4,5165
6000,1,-3,0.4,5164
6000,1,-2.5,0.4,5163
6000,1,-2,0.4,5162
6000,1,-1.5,0.4,5161
6000,1,-1,0.4,5160
6000,1,-0.5,0.2,5159
6000,1,0,0,5156
6000,1,0.3,0,5157
6000,1,0.5,0,5158
6000,1.5,-4,0.4,5177
6000,1.5,-3.5,0.4,5176
6000,1.5,-3,0.4,5175
6000,1.5,-2.5,0.4,5174
6000,1.5,-2,0.4,5173
6000,1.5,-1.5,0.4,5172
6000,1.5,-1,0.4,5171
6000,1.5,-0.5,0.2,5170
6000,1.5,0,0,5167
6000,1.5,0.3,0,5168
6000,1.5,0.5,0,5169
6000,2,-4,0.4,5188
6000,2,-3.5,0.4,5187
6000,2,-3,0.4,5186
6000,2,-2.5,0.4,5185
6000,2,-2,0.4,5184
6000,2,-1.5,0.4,5183
6000,2,-1,0.4,5182
6000,2,-0.5,0.2,5181
6000,2,0,0,5178
6000,2,0.3,0,5179
6000,2,0.5,0,5180
6000,2.5,-4,0.4,5199
6000,2.5,-3.5,0.4,5198
6000,2.5,-3,0.4,5197
6000,2.5,-2.5,0.4,5196
6000,2.5,-2,0.4,5195
6000,2.5,-1.5,0.4,5194
6000,2.5,-1,0.4,5193
6000,2.5,-0.5,0.2,5192
6000,2.5,0,0,5189
6000,2.5,0.3,0,5190
6000,2.5,0.5,0,5191
6000,3,-4,0.4,5210
6000,3,-3.5,0.4,5209
6000,3,-3,0.4,5208
6000,3,-2.5,0.4,5207
6000,3,-2,0.4,5206
6000,3,-1.5,0.4,5205
6000,3,-1,0.4,5204
6000,3,-0.5,0.2,5203
6000,3,0,0,5200
6000,3,0.3,0,5201
6000,3,0.5,0,5202
6000,3.5,-4,0.4,5221
6000,3.5,-3.5,0.4,5220
6000,3.5,-3,0.4,5219
6000,3.5,-2.5,0.4,5218
6000,3.5,-2,0.4,5217
6000,3.5,-1.5,0.4,5216
6000,3.5,-1,0.4,5215
6000,3.5,-0.5,0.2,5214
6000,3.5,0,0,5211
6000,3.5,0.3,0,5212
6000,3.5,0.5,0,5213
6000,4,-4,0.4,5241
6000,4,-3.5,0.4,5240
6000,4,-3,0.4,5239
6000,4,-2.5,0.4,5238
6000,4,-2,0.4,5237
6000,4,-1.5,0.2,5235
6000,4,-1,0.2,5232
6000,4,-0.5,0,5226
6000,4,0,0,5222
6000,4,0.3,0,5225
6000,4,0.5,0,5227
6000,4.5,-4,0.4,5254
6000,4.5,-3.5,0.4,5253
6000,4.5,-3,0.4,5252
6000,4.5,-2.5,0.4,5251
6000,4.5,-2,0.4,5250
6000,4.5,-1.5,0.4,5249
6000,4.5,-1,0.4,5247
6000,4.5,-0.5,0,5244
6000,4.5,0,0,5242
6000,4.5,0.3,0,5243
6000,4.5,0.5,0,5245
6000,5,-4,0.4,5265
6000,5,-3.5,0.4,5264
6000,5,-3,0.4,5263
6000,5,-2.5,0.4,5262
6000,5,-2,0.4,5261
6000,5,-1.5,0.4,5260
6000,5,-1,0.4,5259
6000,5,-0.5,0.2,5258
6000,5,0,0,5255
6000,5,0.3,0,5256
6000,5,0.5,0,5257
6100,-0.5,-4,0.4,5298
6100,-0.5,-3.5,0.4,5296
6100,-0.5,-3,0.4,5294
6100,-0.5,-2.5,0.4,5292
6100,-0.5,-2,0.4,5290
6100,-0.5,-1.5,0.4,5288
6100,-0.5,-1,0.4,5286
6100,-0.5,-0.5,0.2,5284
6100,-0.5,0,0,5278
6100,-0.5,0.3,0,5280
6100,-0.5,0.5,0,5282
6100,0,-4,0.4,5276
6100,0,-3.5,0.4,5275
6100,0,-3,0.4,5274
6100,0,-2.5,0.4,5273
6100,0,-2,0.4,5272
6100,0,-1.5,0.4,5271
6100,0,-1,0.4,5270
6100,0,-0.5,0.2,5269
6100,0,0,0,5266
6100,0,0.3,0,5267
6100,0,0.5,0,5268
6100,0.5,-4,0.4,5297
6100,0.5,-3.5,0.4,5295
6100,0.5,-3,0.4,5293
6100,0.5,-2.5,0.4,5291
6100,0.5,-2,0.4,5289
6100,0.5,-1.5,0.4,5287
6100,0.5,-1,0.4,5285
6100,0.5,-0.5,0.2,5283
6100,0.5,0,0,5277
6100,0.5,0.3,0,5279
6100,0.5,0.5,0,5281
6100,1,-4,0.4,5309
6100,1,-3.5,0.4,5308
6100,1,-3,0.4,5307
6100,1,-2.5,0.4,5306
6100,1,-2,0.4,5305
6100,1,-1.5,0.4,5304
6100,1,-1,0.4,5303
6100,1,-0.5,0.2,5302
6100,1,0,0,5299
6100,1,0.3,0,5300
6100,1,0.5,0,5301
6100,1.5,-4,0.4,5320
6100,1.5,-3.5,0.4,5319
6100,1.5,-3,0.4,5318
6100,1.5,-2.5,0.4,5317
6100,1.5,-2,0.4,5316
6100,1.5,-1.5,0.4,5315
6100,1.5,-1,0.4,5314
6100,1.5,-0.5,0.2,5313
6100,1.5,0,0,5310
6100,1.5,0.3,0,5311
6100,1.5,0.5,0,5312
6100,2,-4,0.4,5331
6100,2,-3.5,0.4,5330
6100,2,-3,0.4,5329
6100,2,-2.5,0.4,5328
6100,2,-2,0.4,5327
6100,2,-1.5,0.4,5326
6100,2,-1,0.4,5325
6100,2,-0.5,0.2,5324
6100,2,0,0,5321
6100,2,0.3,0,5322
6100,2,0.5,0,5323
6100,2.5,-4,0.4,5342
6100,2.5,-3.5,0.4,5341
6100,2.5,-3,0.4,5340
6100,2.5,-2.5,0.4,5339
6100,2.5,-2,0.4,5338
6100,2.5,-1.5,0.4,5337
6100,2.5,-1,0.4,5336
6100,2.5,-0.5,0.2,5335
6100,2.5,0,0,5332
6100,2.5,0.3,0,5333
6100,2.5,0.5,0,5334
6100,3,-4,0.4,5353
6100,3,-3.5,0.4,5352
6100,3,-3,0.4,5351
6100,3,-2.5,0.4,5350
6100,3,-2,0.4,5349
6100,3,-1.5,0.4,5348
6100,3,-1,0.4,5347
6100,3,-0.5,0.2,5346
6100,3,0,0,5343
6100,3,0.3,0,5344
6100,3,0.5,0,5345
6100,3.5,-4,0.4,5364
6100,3.5,-3.5,0.4,5363
6100,3.5,-3,0.4,5362
6100,3.5,-2.5,0.4,5361
6100,3.5,-2,0.4,5360
6100,3.5,-1.5,0.4,5359
6100,3.5,-1,0.4,5358
6100,3.5,-0.5,0.2,5357
6100,3.5,0,0,5354
6100,3.5,0.3,0,5355
6100,3.5,0.5,0,5356
6100,4,-4,0.4,5376
6100,4,-3.5,0.4,5375
6100,4,-3,0.4,5374
6100,4,-2.5,0.4,5373
6100,4,-2,0.4,5372
6100,4,-1.5,0.4,5371
6100,4,-1,0.4,5370
6100,4,-0.5,0,5367
6100,4,0,0,5365
6100,4,0.3,0,5366
6100,4,0.5,0,5368
6100,4.5,-4,0.4,5388
6100,4.5,-3.5,0.4,5387
6100,4.5,-3,0.4,5386
6100,4.5,-2.5,0.4,5385
6100,4.5,-2,0.4,5384
6100,4.5,-1.5,0.4,5383
6100,4.5,-1,0.4,5382
6100,4.5,-0.5,0,5379
6100,4.5,0,0,5377
6100,4.5,0.3,0,5378
6100,4.5,0.5,0,5380
6100,5,-4,0.4,5399
6100,5,-3.5,0.4,5398
6100,5,-3,0.4,5397
6100,5,-2.5,0.4,5396
6100,5,-2,0.4,5395
6100,5,-1.5,0.4,5394
6100,5,-1,0.4,5393
6100,5,-0.5,0.2,5392
6100,5,0,0,5389
6100,5,0.3,0,5390
6100,5,0.5,0,5391
6200,-0.5,-4,0.4,5432
6200,-0.5,-3.5,0.4,5430
6200,-0.5,-3,0.4,5428
6200,-0.5,-2.5,0.4,5426
6200,-0.5,-2,0.4,5424
6200,-0.5,-1.5,0.4,5422
6200,-0.5,-1,0.4,5420
6200,-0.5,-0.5,0.2,5418
6200,-0.5,0,0,5412
6200,-0.5,0.3,0,5414
6200,-0.5,0.5,0,5416
6200,0,-4,0.4,5410
6200,0,-3.5,0.4,5409
6200,0,-3,0.4,5408
6200,0,-2.5,0.4,5407
6200,0,-2,0.4,5406
6200,0,-1.5,0.4,5405
6200,0,-1,0.4,5404
6200,0,-0.5,0.2,5403
6200,0,0,0,5400
6200,0,0.3,0,5401
6200,0,0.5,0,5402
6200,0.5,-4,0.4,5431
6200,0.5,-3.5,0.4,5429
6200,0.5,-3,0.4,5427
6200,0.5,-2.5,0.4,5425
6200,0.5,-2,0.4,5423
6200,0.5,-1.5,0.4,5421
6200,0.5,-1,0.4,5419
6200,0.5,-0.5,0.2,5417
6200,0.5,0,0,5411
6200,0.5,0.3,0,5413
6200,0.5,0.5,0,5415
6200,1,-4,0.4,5443
6200,1,-3.5,0.4,5442
6200,1,-3,0.4,5441
6200,1,-2.5,0.4,5440
6200,1,-2,0.4,5439
6200,1,-1.5,0.4,5438
6200,1,-1,0.4,5437
6200,1,-0.5,0.2,5436
6200,1,0,0,5433
6200,1,0.3,0,5434
6200,1,0.5,0,5435
6200,1.5,-4,0.4,5454
6200,1.5,-3.5,0.4,5453
6200,1.5,-3,0.4,5452
6200,1.5,-2.5,0.4,5451
6200,1.5,-2,0.4,5450
6200,1.5,-1.5,0.4,5449
6200,1.5,-1,0.4,5448
6200,1.5,-0.5,0.2,5447
6200,1.5,0,0,5444
6200,1.5,0.3,0,5445
6200,1.5,0.5,0,5446
6200,2,-4,0.4,5465
6200,2,-3.5,0.4,5464
6200,2,-3,0.4,5463
6200,2,-2.5,0.4,5462
6200,2,-2,0.4,5461
6200,2,-1.5,0.4,5460
6200,2,-1,0.4,5459
6200,2,-0.5,0.2,5458
6200,2,0,0,5455
6200,2,0.3,0,5456
6200,2,0.5,0,5457
6200,2.5,-4,0.4,5476
6200,2.5,-3.5,0.4,5475
6200,2.5,-3,0.4,5474
6200,2.5,-2.5,0.4,5473
6200,2.5,-2,0.4,5472
6200,2.5,-1.5,0.4,5471
6200,2.5,-1,0.4,5470
6200,2.5,-0.5,0.2,5469
6200,2.5,0,0,5466
6200,2.5,0.3,0,5467
6200,2.5,0.5,0,5468
6200,3,-4,0.4,5487
6200,3,-3.5,0.4,5486
6200,3,-3,0.4,5485
6200,3,-2.5,0.4,5484
6200,3,-2,0.4,5483
6200,3,-1.5,0.4,5482
6200,3,-1,0.4,5481
6200,3,-0.5,0.2,5480
6200,3,0,0,5477
6200,3,0.3,0,5478
6200,3,0.5,0,5479
6200,3.5,-4,0.4,5498
6200,3.5,-3.5,0.4,5497
6200,3.5,-3,0.4,5496
6200,3.5,-2.5,0.4,5495
6200,3.5,-2,0.4,5494
6200,3.5,-1.5,0.4,5493
6200,3.5,-1,0.4,5492
6200,3.5,-0.5,0.2,5491
6200,3.5,0,0,5488
6200,3.5,0.3,0,5489
6200,3.5,0.5,0,5490
6200,4,-4,0.4,5517
6200,4,-3.5,0.4,5516
6200,4,-3,0.4,5515
6200,4,-2.5,0.4,5514
6200,4,-2,0.4,5513
6200,4,-1.5,0.2,5511
6200,4,-1,0.2,5508
6200,4,-0.5,0,5503
6200,4,0,0,5499
6200,4,0.3,0,5502
6200,4,0.5,0,5504
6200,4.5,-4,0.4,5530
6200,4.5,-3.5,0.4,5529
6200,4.5,-3,0.4,5528
6200,4.5,-2.5,0.4,5527
6200,4.5,-2,0.4,5526
6200,4.5,-1.5,0.4,5525
6200,4.5,-1,0.4,5523
6200,4.5,-0.5,0,5520
6200,4.5,0,0,5518
6200,4.5,0.3,0,5519
6200,4.5,0.5,0,5521
6200,5,-4,0.4,5541
6200,5,-3.5,0.4,5540
6200,5,-3,0.4,5539
6200,5,-2.5,0.4,5538
6200,5,-2,0.4,5537
6200,5,-1.5,0.4,5536
6200,5,-1,0.4,5535
6200,5,-0.5,0.2,5534
6200,5,0,0,5531
6200,5,0.3,0,5532
6200,5,0.5,0,5533
6300,-0.5,-4,0.4,5574
6300,-0.5,-3.5,0.4,5572
6300,-0.5,-3,0.4,5570
6300,-0.5,-2.5,0.4,5568
6300,-0.5,-2,0.4,5566
6300,-0.5,-1.5,0.4,5564
6300,-0.5,-1,0.4,5562
6300,-0.5,-0.5,0.2,5560
6300,-0.5,0,0,5554
6300,-0.5,0.3,0,5556
6300,-0.5,0.5,0,5558
6300,0,-4,0.4,5552
6300,0,-3.5,0.4,5551
6300,0,-3,0.4,5550
6300,0,-2.5,0.4,5549
6300,0,-2,0.4,5548
6300,0,-1.5,0.4,5547
6300,0,-1,0.4,5546
6300,0,-0.5,0.2,5545
6300,0,0,0,5542
6300,0,0.3,0,5543
6300,0,0.5,0,5544
6300,0.5,-4,0.4,5573
6300,0.5,-3.5,0.4,5571
6300,0.5,-3,0.4,5569
6300,0.5,-2.5,0.4,5567
6300,0.5,-2,0.4,5565
6300,0.5,-1.5,0.4,5563
6300,0.5,-1,0.4,5561
6300,0.5,-0.5,0.2,5559
6300,0.5,0,0,5553
6300,0.5,0.3,0,5555
6300,0.5,0.5,0,5557
6300,1,-4,0.4,5585
6300,1,-3.5,0.4,5584
6300,1,-3,0.4,5583
6300,1,-2.5,0.4,5582
6300,1,-2,0.4,5581
6300,1,-1.5,0.4,5580
6300,1,-1,0.4,5579
6300,1,-0.5,0.2,5578
6300,1,0,0,5575
6300,1,0.3,0,5576
6300,1,0.5,0,5577
6300,1.5,-4,0.4,5596
6300,1.5,-3.5,0.4,5595
6300,1.5,-3,0.4,5594
6300,1.5,-2.5,0.4,5593
6300,1.5,-2,0.4,5592
6300,1.5,-1.5,0.4,5591
6300,1.5,-1,0.4,5590
6300,1.5,-0.5,0.2,5589
6300,1.5,0,0,5586
6300,1.5,0.3,0,5587
6300,1.5,0.5,0,5588
6300,2,-4,0.4,5607
6300,2,-3.5,0.4,5606
6300,2,-3,0.4,5605
6300,2,-2.5,0.4,5604
6300,2,-2,0.4,5603
6300,2,-1.5,0.4,5602
6300,2,-1,0.4,5601
6300,2,-0.5,0.2,5600
6300,2,0,0,5597
6300,2,0.3,0,5598
6300,2,0.5,0,5599
6300,2.5,-4,0.4,5618
6300,2.5,-3.5,0.4,5617
6300,2.5,-3,0.4,5616
6300,2.5,-2.5,0.4,5615
6300,2.5,-2,0.4,5614
6300,2.5,-1.5,0.4,5613
6300,2.5,-1,0.4,5612
6300,2.5,-0.5,0.2,5611
6300,2.5,0,0,5608
6300,2.5,0.3,0,5609
6300,2.5,0.5,0,5610
6300,3,-4,0.4,5629
6300,3,-3.5,0.4,5628
6300,3,-3,0.4,5627
6300,3,-2.5,0.4,5626
6300,3,-2,0.4,5625
6300,3,-1.5,0.4,5624
6300,3,-1,0.4,5623
6300,3,-0.5,0.2,5622
6300,3,0,0,5619
6300,3,0.3,0,5620
6300,3,0.5,0,5621
6300,3.5,-4,0.4,5640
6300,3.5,-3.5,0.4,5639
6300,3.5,-3,0.4,5638
6300,3.5,-2.5,0.4,5637
6300,3.5,-2,0.4,5636
6300,3.5,-1.5,0.4,5635
6300,3.5,-1,0.4,5634
6300,3.5,-0.5,0.2,5633
6300,3.5,0,0,5630
6300,3.5,0.3,0,5631
6300,3.5,0.5,0,5632
6300,4,-4,0.4,5652
6300,4,-3.5,0.4,5651
6300,4,-3,0.4,5650
6300,4,-2.5,0.4,5649
6300,4,-2,0.4,5648
6300,4,-1.5,0.4,5647
6300,4,-1,0.4,5646
6300,4,-0.5,0,5643
6300,4,0,0,5641
6300,4,0.3,0,5642
6300,4,0.5,0,5644
6300,4.5,-4,0.4,5664
6300,4.5,-3.5,0.4,5663
6300,4.5,-3,0.4,5662
6300,4.5,-2.5,0.4,5661
6300,4.5,-2,0.4,5660
6300,4.5,-1.5,0.4,5659
6300,4.5,-1,0.4,5658
6300,4.5,-0.5,0,5655
6300,4.5,0,0,5653
6300,4.5,0.3,0,5654
6300,4.5,0.5,0,5656
6300,5,-4,0.4,5675
6300,5,-3.5,0.4,5674
6300,5,-3,0.4,5673
6300,5,-2.5,0.4,5672
6300,5,-2,0.4,5671
6300,5,-1.5,0.4,5670
6300,5,-1,0.4,5669
6300,5,-0.5,0.2,5668
6300,5,0,0,5665
6300,5,0.3,0,5666
6300,5,0.5,0,5667
6400,-0.5,-4,0.4,5708
6400,-0.5,-3.5,0.4,5706
6400,-0.5,-3,0.4,5704
6400,-0.5,-2.5,0.4,5702
6400,-0.5,-2,0.4,5700
6400,-0.5,-1.5,0.4,5698
6400,-0.5,-1,0.4,5696
6400,-0.5,-0.5,0.2,5694
6400,-0.5,0,0,5688
6400,-0.5,0.3,0,5690
6400,-0.5,0.5,0,5692
6400,0,-4,0.4,5686
6400,0,-3.5,0.4,5685
6400,0,-3,0.4,5684
6400,0,-2.5,0.4,5683
6400,0,-2,0.4,5682
6400,0,-1.5,0.4,5681
6400,0,-1,0.4,5680
6400,0,-0.5,0.2,5679
6400,0,0,0,5676
6400,0,0.3,0,5677
6400,0,0.5,0,5678
6400,0.5,-4,0.4,5707
6400,0.5,-3.5,0.4,5705
6400,0.5,-3,0.4,5703
6400,0.5,-2.5,0.4,5701
6400,0.5,-2,0.4,5699
6400,0.5,-1.5,0.4,5697
6400,0.5,-1,0.4,5695
6400,0.5,-0.5,0.2,5693
6400,0.5,0,0,5687
6400,0.5,0.3,0,5689
6400,0.5,0.5,0,5691
6400,1,-4,0.4,5719
6400,1,-3.5,0.4,5718
6400,1,-3,0.4,5717
6400,1,-2.5,0.4,5716
6400,1,-2,0.4,5715
6400,1,-1.5,0.4,5714
6400,1,-1,0.4,5713
6400,1,-0.5,0.2,5712
6400,1,0,0,5709
6400,1,0.3,0,5710
6400,1,0.5,0,5711
6400,1.5,-4,0.4,5730
6400,1.5,-3.5,0.4,5729
6400,1.5,-3,0.4,5728
6400,1.5,-2.5,0.4,5727
6400,1.5,-2,0.4,5726
6400,1.5,-1.5,0.4,5725
6400,1.5,-1,0.4,5724
6400,1.5,-0.5,0.2,5723
6400,1.5,0,0,5720
6400,1.5,0.3,0,5721
6400,1.5,0.5,0,5722
6400,2,-4,0.4,5741
6400,2,-3.5,0.4,5740
6400,2,-3,0.4,5739
6400,2,-2.5,0.4,5738
6400,2,-2,0.4,5737
6400,2,-1.5,0.4,5736
6400,2,-1,0.4,5735
6400,2,-0.5,0.2,5734
6400,2,0,0,5731
6400,2,0.3,0,5732
6400,2,0.5,0,5733
6400,2.5,-4,0.4,5752
6400,2.5,-3.5,0.4,5751
6400,2.5,-3,0.4,5750
6400,2.5,-2.5,0.4,5749
6400,2.5,-2,0.4,5748
6400,2.5,-1.5,0.4,5747
6400,2.5,-1,0.4,5746
6400,2.5,-0.5,0.2,5745
6400,2.5,0,0,5742
6400,2.5,0.3,0,5743
6400,2.5,0.5,0,5744
6400,3,-4,0.4,5763
6400,3,-3.5,0.4,5762
6400,3,-3,0.4,5761
6400,3,-2.5,0.4,5760
6400,3,-2,0.4,5759
6400,3,-1.5,0.4,5758
6400,3,-1,0.4,5757
6400,3,-0.5,0.2,5756
6400,3,0,0,5753
6400,3,0.3,0,5754
6400,3,0.5,0,5755
6400,3.5,-4,0.4,5774
6400,3.5,-3.5,0.4,5773
6400,3.5,-3,0.4,5772
6400,3.5,-2.5,0.4,5771
6400,3.5,-2,0.4,5770
6400,3.5,-1.5,0.4,5769
6400,3.5,-1,0.4,5768
6400,3.5,-0.5,0.2,5767
6400,3.5,0,0,5764
6400,3.5,0.3,0,5765
6400,3.5,0.5,0,5766
6400,4,-4,0.4,5793
6400,4,-3.5,0.4,5792
6400,4,-3,0.4,5791
6400,4,-2.5,0.4,5790
6400,4,-2,0.4,5789
6400,4,-1.5,0.2,5787
6400,4,-1,0.2,5784
6400,4,-0.5,0,5779
6400,4,0,0,5775
6400,4,0.3,0,5778
6400,4,0.5,0,5780
6400,4.5,-4,0.4,5806
6400,4.5,-3.5,0.4,5805
6400,4.5,-3,0.4,5804
6400,4.5,-2.5,0.4,5803
6400,4.5,-2,0.4,5802
6400,4.5,-1.5,0.4,5801
6400,4.5,-1,0.4,5799
6400,4.5,-0.5,0,5796
6400,4.5,0,0,5794
6400,4.5,0.3,0,5795
6400,4.5,0.5,0,5797
6400,5,-4,0.4,5817
6400,5,-3.5,0.4,5816
6400,5,-3,0.4,5815
6400,5,-2.5,0.4,5814
6400,5,-2,0.4,5813
6400,5,-1.5,0.4,5812
6400,5,-1,0.4,5811
6400,5,-0.5,0.2,5810
6400,5,0,0,5807
6400,5,0.3,0,5808
6400,5,0.5,0,5809
6500,-0.5,-4,0.4,5850
6500,-0.5,-3.5,0.4,5848
6500,-0.5,-3,0.4,5846
6500,-0.5,-2.5,0.4,5844
6500,-0.5,-2,0.4,5842
6500,-0.5,-1.5,0.4,5840
6500,-0.5,-1,0.4,5838
6500,-0.5,-0.5,0.2,5836
6500,-0.5,0,0,5830
6500,-0.5,0.3,0,5832
6500,-0.5,0.5,0,5834
6500,0,-4,0.4,5828
6500,0,-3.5,0.4,5827
6500,0,-3,0.4,5826
6500,0,-2.5,0.4,5825
6500,0,-2,0.4,5824
6500,0,-1.5,0.4,5823
6500,0,-1,0.4,5822
6500,0,-0.5,0.2,5821
6500,0,0,0,5818
6500,0,0.3,0,5819
6500,0,0.5,0,5820
6500,0.5,-4,0.4,5849
6500,0.5,-3.5,0.4,5847
6500,0.5,-3,0.4,5845
6500,0.5,-2.5,0.4,5843
6500,0.5,-2,0.4,5841
6500,0.5,-1.5,0.4,5839
6500,0.5,-1,0.4,5837
6500,0.5,-0.5,0.2,5835
6500,0.5,0,0,5829
6500,0.5,0.3,0,5831
6500,0.5,0.5,0,5833
6500,1,-4,0.4,5861
6500,1,-3.5,0.4,5860
6500,1,-3,0.4,5859
6500,1,-2.5,0.4,5858
6500,1,-2,0.4,5857
6500,1,-1.5,0.4,5856
6500,1,-1,0.4,5855
6500,1,-0.5,0.2,5854
6500,1,0,0,5851
6500,1,0.3,0,5852
6500,1,0.5,0,5853
6500,1.5,-4,0.4,5872
6500,1.5,-3.5,0.4,5871
6500,1.5,-3,0.4,5870
6500,1.5,-2.5,0.4,5869
6500,1.5,-2,0.4,5868
6500,1.5,-1.5,0.4,5867
6500,1.5,-1,0.4,5866
6500,1.5,-0.5,0.2,5865
6500,1.5,0,0,5862
6500,1.5,0.3,0,5863
6500,1.5,0.5,0,5864
6500,2,-4,0.4,5883
6500,2,-3.5,0.4,5882
6500,2,-3,0.4,5881
6500,2,-2.5,0.4,5880
6500,2,-2,0.4,5879
6500,2,-1.5,0.4,5878
6500,2,-1,0.4,5877
6500,2,-0.5,0.2,5876
6500,2,0,0,5873
6500,2,0.3,0,5874
6500,2,0.5,0,5875
6500,2.5,-4,0.4,5894
6500,2.5,-3.5,0.4,5893
6500,2.5,-3,0.4,5892
6500,2.5,-2.5,0.4,5891
6500,2.5,-2,0.4,5890
6500,2.5,-1.5,0.4,5889
6500,2.5,-1,0.4,5888
6500,2.5,-0.5,0.2,5887
6500,2.5,0,0,5884
6500,2.5,0.3,0,5885
6500,2.5,0.5,0,5886
6500,3,-4,0.4,5905
6500,3,-3.5,0.4,5904
6500,3,-3,0.4,5903
6500,3,-2.5,0.4,5902
6500,3,-2,0.4,5901
6500,3,-1.5,0.4,5900
6500,3,-1,0.4,5899
6500,3,-0.5,0.2,5898
6500,3,0,0,5895
6500,3,0.3,0,5896
6500,3,0.5,0,5897
6500,3.5,-4,0.4,5916
6500,3.5,-3.5,0.4,5915
6500,3.5,-3,0.4,5914
6500,3.5,-2.5,0.4,5913
6500,3.5,-2,0.4,5912
6500,3.5,-1.5,0.4,5911
6500,3.5,-1,0.4,5910
6500,3.5,-0.5,0.2,5909
6500,3.5,0,0,5906
6500,3.5,0.3,0,5907
6500,3.5,0.5,0,5908
6500,4,-4,0.4,5928
6500,4,-3.5,0.4,5927
6500,4,-3,0.4,5926
6500,4,-2.5,0.4,5925
6500,4,-2,0.4,5924
6500,4,-1.5,0.4,5923
6500,4,-1,0.4,5922
6500,4,-0.5,0,5919
6500,4,0,0,5917
6500,4,0.3,0,5918
6500,4,0.5,0,5920
6500,4.5,-4,0.4,5940
6500,4.5,-3.5,0.4,5939
6500,4.5,-3,0.4,5938
6500,4.5,-2.5,0.4,5937
6500,4.5,-2,0.4,5936
6500,4.5,-1.5,0.4,5935
6500,4.5,-1,0.4,5934
6500,4.5,-0.5,0,5931
6500,4.5,0,0,5929
6500,4.5,0.3,0,5930
6500,4.5,0.5,0,5932
6500,5,-4,0.4,5951
6500,5,-3.5,0.4,5950
6500,5,-3,0.4,5949
6500,5,-2.5,0.4,5948
6500,5,-2,0.4,5947
6500,5,-1.5,0.4,5946
6500,5,-1,0.4,5945
6500,5,-0.5,0.2,5944
6500,5,0,0,5941
6500,5,0.3,0,5942
6500,5,0.5,0,5943
6600,-0.5,-4,0.4,5984
6600,-0.5,-3.5,0.4,5982
6600,-0.5,-3,0.4,5980
6600,-0.5,-2.5,0.4,5978
6600,-0.5,-2,0.4,5976
6600,-0.5,-1.5,0.4,5974
6600,-0.5,-1,0.4,5972
6600,-0.5,-0.5,0.2,5970
6600,-0.5,0,0,5964
6600,-0.5,0.3,0,5966
6600,-0.5,0.5,0,5968
6600,0,-4,0.4,5962
6600,0,-3.5,0.4,5961
6600,0,-3,0.4,5960
6600,0,-2.5,0.4,5959
6600,0,-2,0.4,5958
6600,0,-1.5,0.4,5957
6600,0,-1,0.4,5956
6600,0,-0.5,0.2,5955
6600,0,0,0,5952
6600,0,0.3,0,5953
6600,0,0.5,0,5954
6600,0.5,-4,0.4,5983
6600,0.5,-3.5,0.4,5981
6600,0.5,-3,0.4,5979
6600,0.5,-2.5,0.4,5977
6600,0.5,-2,0.4,5975
6600,0.5,-1.5,0.4,5973
6600,0.5,-1,0.4,5971
6600,0.5,-0.5,0.2,5969
6600,0.5,0,0,5963
6600,0.5,0.3,0,5965
6600,0.5,0.5,0,5967
6600,1,-4,0.4,5995
6600,1,-3.5,0.4,5994
6600,1,-3,0.4,5993
6600,1,-2.5,0.4,5992
6600,1,-2,0.4,5991
6600,1,-1.5,0.4,5990
6600,1,-1,0.4,5989
6600,1,-0.5,0.2,5988
6600,1,0,0,5985
6600,1,0.3,0,5986
6600,1,0.5,0,5987
6600,1.5,-4,0.4,6006
6600,1.5,-3.5,0.4,6005
6600,1.5,-3,0.4,6004
6600,1.5,-2.5,0.4,6003
6600,1.5,-2,0.4,6002
6600,1.5,-1.5,0.4,6001
6600,1.5,-1,0.4,6000
6600,1.5,-0.5,0.2,5999
6600,1.5,0,0,5996
6600,1.5,0.3,0,5997
6600,1.5,0.5,0,5998
6600,2,-4,0.4,6017
6600,2,-3.5,0.4,6016
6600,2,-3,0.4,6015
6600,2,-2.5,0.4,6014
6600,2,-2,0.4,6013
6600,2,-1.5,0.4,6012
6600,2,-1,0.4,6011
6600,2,-0.5,0.2,6010
6600,2,0,0,6007
6600,2,0.3,0,6008
6600,2,0.5,0,6009
6600,2.5,-4,0.4,6028
6600,2.5,-3.5,0.4,6027
6600,2.5,-3,0.4,6026
6600,2.5,-2.5,0.4,6025
6600,2.5,-2,0.4,6024
6600,2.5,-1.5,0.4,6023
6600,2.5,-1,0.4,6022
6600,2.5,-0.5,0.2,6021
6600,2.5,0,0,6018
6600,2.5,0.3,0,6019
6600,2.5,0.5,0,6020
6600,3,-4,0.4,6039
6600,3,-3.5,0.4,6038
6600,3,-3,0.4,6037
6600,3,-2.5,0.4,6036
6600,3,-2,0.4,6035
6600,3,-1.5,0.4,6034
6600,3,-1,0.4,6033
6600,3,-0.5,0.2,6032
6600,3,0,0,6029
6600,3,0.3,0,6030
6600,3,0.5,0,6031
6600,3.5,-4,0.4,6050
6600,3.5,-3.5,0.4,6049
6600,3.5,-3,0.4,6048
6600,3.5,-2.5,0.4,6047
6600,3.5,-2,0.4,6046
6600,3.5,-1.5,0.4,6045
6600,3.5,-1,0.4,6044
6600,3.5,-0.5,0.2,6043
6600,3.5,0,0,6040
6600,3.5,0.3,0,6041
6600,3.5,0.5,0,6042
6600,4,-4,0.4,6069
6600,4,-3.5,0.4,6068
6600,4,-3,0.4,6067
6600,4,-2.5,0.4,6066
6600,4,-2,0.4,6065
6600,4,-1.5,0.2,6063
6600,4,-1,0.2,6060
6600,4,-0.5,0,6055
6600,4,0,0,6051
6600,4,0.3,0,6054
6600,4,0.5,0,6056
6600,4.5,-4,0.4,6082
6600,4.5,-3.5,0.4,6081
6600,4.5,-3,0.4,6080
6600,4.5,-2.5,0.4,6079
6600,4.5,-2,0.4,6078
6600,4.5,-1.5,0.4,6077
6600,4.5,-1,0.4,6075
6600,4.5,-0.5,0,6072
6600,4.5,0,0,6070
6600,4.5,0.3,0,6071
6600,4.5,0.5,0,6073
6600,5,-4,0.4,6093
6600,5,-3.5,0.4,6092
6600,5,-3,0.4,6091
6600,5,-2.5,0.4,6090
6600,5,-2,0.4,6089
6600,5,-1.5,0.4,6088
6600,5,-1,0.4,6087
6600,5,-0.5,0.2,6086
6600,5,0,0,6083
6600,5,0.3,0,6084
6600,5,0.5,0,6085
6700,-0.5,-4,0.4,6126
6700,-0.5,-3.5,0.4,6124
6700,-0.5,-3,0.4,6122
6700,-0.5,-2.5,0.4,6120
6700,-0.5,-2,0.4,6118
6700,-0.5,-1.5,0.4,6116
6700,-0.5,-1,0.4,6114
6700,-0.5,-0.5,0.2,6112
6700,-0.5,0,0,6106
6700,-0.5,0.3,0,6108
6700,-0.5,0.5,0,6110
6700,0,-4,0.4,6104
6700,0,-3.5,0.4,6103
6700,0,-3,0.4,6102
6700,0,-2.5,0.4,6101
6700,0,-2,0.4,6100
6700,0,-1.5,0.4,6099
6700,0,-1,0.4,6098
6700,0,-0.5,0.2,6097
6700,0,0,0,6094
6700,0,0.3,0,6095
6700,0,0.5,0,6096
6700,0.5,-4,0.4,6125
6700,0.5,-3.5,0.4,6123
6700,0.5,-3,0.4,6121
6700,0.5,-2.5,0.4,6119
6700,0.5,-2,0.4,6117
6700,0.5,-1.5,0.4,6115
6700,0.5,-1,0.4,6113
6700,0.5,-0.5,0.2,6111
6700,0.5,0,0,6105
6700,0.5,0.3,0,6107
6700,0.5,0.5,0,6109
6700,1,-4,0.4,6137
6700,1,-3.5,0.4,6136
6700,1,-3,0.4,6135
6700,1,-2.5,0.4,6134
6700,1,-2,0.4,6133
6700,1,-1.5,0.4,6132
6700,1,-1,0.4,6131
6700,1,-0.5,0.2,6130
6700,1,0,0,6127
6700,1,0.3,0,6128
6700,1,0.5,0,6129
6700,1.5,-4,0.4,6148
6700,1.5,-3.5,0.4,6147
6700,1.5,-3,0.4,6146
6700,1.5,-2.5,0.4,6145
6700,1.5,-2,0.4,6144
6700,1.5,-1.5,0.4,6143
6700,1.5,-1,0.4,6142
6700,1.5,-0.5,0.2,6141
6700,1.5,0,0,6138
6700,1.5,0.3,0,6139
6700,1.5,0.5,0,6140
6700,2,-4,0.4,6159
6700,2,-3.5,0.4,6158
6700,2,-3,0.4,6157
6700,2,-2.5,0.4,6156
6700,2,-2,0.4,6155
6700,2,-1.5,0.4,6154
6700,2,-1,0.4,6153
6700,2,-0.5,0.2,6152
6700,2,0,0,6149
6700,2,0.3,0,6150
6700,2,0.5,0,6151
6700,2.5,-4,0.4,6170
6700,2.5,-3.5,0.4,6169
6700,2.5,-3,0.4,6168
6700,2.5,-2.5,0.4,6167
6700,2.5,-2,0.4,6166
6700,2.5,-1.5,0.4,6165
6700,2.5,-1,0.4,6164
6700,2.5,-0.5,0.2,6163
6700,2.5,0,0,6160
6700,2.5,0.3,0,6161
6700,2.5,0.5,0,6162
6700,3,-4,0.4,6181
6700,3,-3.5,0.4,6180
6700,3,-3,0.4,6179
6700,3,-2.5,0.4,6178
6700,3,-2,0.4,6177
6700,3,-1.5,0.4,6176
6700,3,-1,0.4,6175
6700,3,-0.5,0.2,6174
6700,3,0,0,6171
6700,3,0.3,0,6172
6700,3,0.5,0,6173
6700,3.5,-4,0.4,6192
6700,3.5,-3.5,0.4,6191
6700,3.5,-3,0.4,6190
6700,3.5,-2.5,0.4,6189
6700,3.5,-2,0.4,6188
6700,3.5,-1.5,0.4,6187
6700,3.5,-1,0.4,6186
6700,3.5,-0.5,0.2,6185
6700,3.5,0,0,6182
6700,3.5,0.3,0,6183
6700,3.5,0.5,0,6184
6700,4,-4,0.4,6204
6700,4,-3.5,0.4,6203
6700,4,-3,0.4,6202
6700,4,-2.5,0.4,6201
6700,4,-2,0.4,6200
6700,4,-1.5,0.4,6199
6700,4,-1,0.4,6198
6700,4,-0.5,0,6195
6700,4,0,0,6193
6700,4,0.3,0,6194
6700,4,0.5,0,6196
6700,4.5,-4,0.4,6216
6700,4.5,-3.5,0.4,6215
6700,4.5,-3,0.4,6214
6700,4.5,-2.5,0.4,6213
6700,4.5,-2,0.4,6212
6700,4.5,-1.5,0.4,6211
6700,4.5,-1,0.4,6210
6700,4.5,-0.5,0,6207
6700,4.5,0,0,6205
6700,4.5,0.3,0,6206
6700,4.5,0.5,0,6208
6700,5,-4,0.4,6227
6700,5,-3.5,0.4,6226
6700,5,-3,0.4,6225
6700,5,-2.5,0.4,6224
6700,5,-2,0.4,6223
6700,5,-1.5,0.4,6222
6700,5,-1,0.4,6221
6700,5,-0.5,0.2,6220
6700,5,0,0,6217
6700,5,0.3,0,6218
6700,5,0.5,0,6219
6800,-0.5,-4,0.4,6260
6800,-0.5,-3.5,0.4,6258
6800,-0.5,-3,0.4,6256
6800,-0.5,-2.5,0.4,6254
6800,-0.5,-2,0.4,6252
6800,-0.5,-1.5,0.4,6250
6800,-0.5,-1,0.4,6248
6800,-0.5,-0.5,0.2,6246
6800,-0.5,0,0,6240
6800,-0.5,0.3,0,6242
6800,-0.5,0.5,0,6244
6800,0,-4,0.4,6238
6800,0,-3.5,0.4,6237
6800,0,-3,0.4,6236
6800,0,-2.5,0.4,6235
6800,0,-2,0.4,6234
6800,0,-1.5,0.4,6233
6800,0,-1,0.4,6232
6800,0,-0.5,0.2,6231
6800,0,0,0,6228
6800,0,0.3,0,6229
6800,0,0.5,0,6230
6800,0.5,-4,0.4,6259
6800,0.5,-3.5,0.4,6257
6800,0.5,-3,0.4,6255
6800,0.5,-2.5,0.4,6253
6800,0.5,-2,0.4,6251
6800,0.5,-1.5,0.4,6249
6800,0.5,-1,0.4,6247
6800,0.5,-0.5,0.2,6245
6800,0.5,0,0,6239
6800,0.5,0.3,0,6241
6800,0.5,0.5,0,6243
6800,1,-4,0.4,6271
6800,1,-3.5,0.4,6270
6800,1,-3,0.4,6269
6800,1,-2.5,0.4,6268
6800,1,-2,0.4,6267
6800,1,-1.5,0.4,6266
6800,1,-1,0.4,6265
6800,1,-0.5,0.2,6264
6800,1,0,0,6261
6800,1,0.3,0,6262
6800,1,0.5,0,6263
6800,1.5,-4,0.4,6282
6800,1.5,-3.5,0.4,6281
6800,1.5,-3,0.4,6280
6800,1.5,-2.5,0.4,6279
6800,1.5,-2,0.4,6278
6800,1.5,-1.5,0.4,6277
6800,1.5,-1,0.4,6276
6800,1.5,-0.5,0.2,6275
6800,1.5,0,0,6272
6800,1.5,0.3,0,6273
6800,1.5,0.5,0,6274
6800,2,-4,0.4,6293
6800,2,-3.5,0.4,6292
6800,2,-3,0.4,6291
6800,2,-2.5,0.4,6290
6800,2,-2,0.4,6289
6800,2,-1.5,0.4,6288
6800,2,-1,0.4,6287
6800,2,-0.5,0.2,6286
6800,2,0,0,6283
6800,2,0.3,0,6284
6800,2,0.5,0,6285
6800,2.5,-4,0.4,6304
6800,2.5,-3.5,0.4,6303
6800,2.5,-3,0.4,6302
6800,2.5,-2.5,0.4,6301
6800,2.5,-2,0.4,6300
6800,2.5,-1.5,0.4,6299
6800,2.5,-1,0.4,6298
6800,2.5,-0.5,0.2,6297
6800,2.5,0,0,6294
6800,2.5,0.3,0,6295
6800,2.5,0.5,0,6296
6800,3,-4,0.4,6315
6800,3,-3.5,0.4,6314
6800,3,-3,0.4,6313
6800,3,-2.5,0.4,6312
6800,3,-2,0.4,6311
6800,3,-1.5,0.4,6310
6800,3,-1,0.4,6309
6800,3,-0.5,0.2,6308
6800,3,0,0,6305
6800,3,0.3,0,6306
6800,3,0.5,0,6307
6800,3.5,-4,0.4,6326
6800,3.5,-3.5,0.4,6325
6800,3.5,-3,0.4,6324
6800,3.5,-2.5,0.4,6323
6800,3.5,-2,0.4,6322
6800,3.5,-1.5,0.4,6321
6800,3.5,-1,0.4,6320
6800,3.5,-0.5,0.2,6319
6800,3.5,0,0,6316
6800,3.5,0.3,0,6317
6800,3.5,0.5,0,6318
6800,4,-4,0.4,6345
6800,4,-3.5,0.4,6344
6800,4,-3,0.4,6343
6800,4,-2.5,0.4,6342
6800,4,-2,0.4,6341
6800,4,-1.5,0.2,6339
6800,4,-1,0.2,6336
6800,4,-0.5,0,6331
6800,4,0,0,6327
6800,4,0.3,0,6330
6800,4,0.5,0,6332
6800,4.5,-4,0.4,6358
6800,4.5,-3.5,0.4,6357
6800,4.5,-3,0.4,6356
6800,4.5,-2.5,0.4,6355
6800,4.5,-2,0.4,6354
6800,4.5,-1.5,0.4,6353
6800,4.5,-1,0.4,6351
6800,4.5,-0.5,0,6348
6800,4.5,0,0,6346
6800,4.5,0.3,0,6347
6800,4.5,0.5,0,6349
6800,5,-4,0.4,6369
6800,5,-3.5,0.4,6368
6800,5,-3,0.4,6367
6800,5,-2.5,0.4,6366
6800,5,-2,0.4,6365
6800,5,-1.5,0.4,6364
6800,5,-1,0.4,6363
6800,5,-0.5,0.2,6362
6800,5,0,0,6359
6800,5,0.3,0,6360
6800,5,0.5,0,6361
6900,-0.5,-4,0.4,6402
6900,-0.5,-3.5,0.4,6400
6900,-0.5,-3,0.4,6398
6900,-0.5,-2.5,0.4,6396
6900,-0.5,-2,0.4,6394
6900,-0.5,-1.5,0.4,6392
6900,-0.5,-1,0.4,6390
6900,-0.5,-0.5,0.2,6388
6900,-0.5,0,0,6382
6900,-0.5,0.3,0,6384
6900,-0.5,0.5,0,6386
6900,0,-4,0.4,6380
6900,0,-3.5,0.4,6379
6900,0,-3,0.4,6378
6900,0,-2.5,0.4,6377
6900,0,-2,0.4,6376
6900,0,-1.5,0.4,6375
6900,0,-1,0.4,6374
6900,0,-0.5,0.2,6373
6900,0,0,0,6370
6900,0,0.3,0,6371
6900,0,0.5,0,6372
6900,0.5,-4,0.4,6401
6900,0.5,-3.5,0.4,6399
6900,0.5,-3,0.4,6397
6900,0.5,-2.5,0.4,6395
6900,0.5,-2,0.4,6393
6900,0.5,-1.5,0.4,6391
6900,0.5,-1,0.4,6389
6900,0.5,-0.5,0.2,6387
6900,0.5,0,0,6381
6900,0.5,0.3,0,6383
6900,0.5,0.5,0,6385
6900,1,-4,0.4,6413
6900,1,-3.5,0.4,6412
6900,1,-3,0.4,6411
6900,1,-2.5,0.4,6410
6900,1,-2,0.4,6409
6900,1,-1.5,0.4,6408
6900,1,-1,0.4,6407
6900,1,-0.5,0.2,6406
6900,1,0,0,6403
6900,1,0.3,0,6404
6900,1,0.5,0,6405
6900,1.5,-4,0.4,6424
6900,1.5,-3.5,0.4,6423
6900,1.5,-3,0.4,6422
6900,1.5,-2.5,0.4,6421
6900,1.5,-2,0.4,6420
6900,1.5,-1.5,0.4,6419
6900,1.5,-1,0.4,6418
6900,1.5,-0.5,0.2,6417
6900,1.5,0,0,6414
6900,1.5,0.3,0,6415
6900,1.5,0.5,0,6416
6900,2,-4,0.4,6435
6900,2,-3.5,0.4,6434
6900,2,-3,0.4,6433
6900,2,-2.5,0.4,6432
6900,2,-2,0.4,6431
6900,2,-1.5,0.4,6430
6900,2,-1,0.4,6429
6900,2,-0.5,0.2,6428
6900,2,0,0,6425
6900,2,0.3,0,6426
6900,2,0.5,0,6427
6900,2.5,-4,0.4,6446
6900,2.5,-3.5,0.4,6445
6900,2.5,-3,0.4,6444
6900,2.5,-2.5,0.4,6443
6900,2.5,-2,0.4,6442
6900,2.5,-1.5,0.4,6441
6900,2.5,-1,0.4,6440
6900,2.5,-0.5,0.2,6439
6900,2.5,0,0,6436
6900,2.5,0.3,0,6437
6900,2.5,0.5,0,6438
6900,3,-4,0.4,6457
6900,3,-3.5,0.4,6456
6900,3,-3,0.4,6455
6900,3,-2.5,0.4,6454
6900,3,-2,0.4,6453
6900,3,-1.5,0.4,6452
6900,3,-1,0.4,6451
6900,3,-0.5,0.2,6450
6900,3,0,0,6447
6900,3,0.3,0,6448
6900,3,0.5,0,6449
6900,3.5,-4,0.4,6468
6900,3.5,-3.5,0.4,6467
6900,3.5,-3,0.4,6466
6900,3.5,-2.5,0.4,6465
6900,3.5,-2,0.4,6464
6900,3.5,-1.5,0.4,6463
6900,3.5,-1,0.4,6462
6900,3.5,-0.5,0.2,6461
6900,3.5,0,0,6458
6900,3.5,0.3,0,6459
6900,3.5,0.5,0,6460
6900,4,-4,0.4,6480
6900,4,-3.5,0.4,6479
6900,4,-3,0.4,6478
6900,4,-2.5,0.4,6477
6900,4,-2,0.4,6476
6900,4,-1.5,0.4,6475
6900,4,-1,0.4,6474
6900,4,-0.5,0,6471
6900,4,0,0,6469
6900,4,0.3,0,6470
6900,4,0.5,0,6472
6900,4.5,-4,0.4,6492
6900,4.5,-3.5,0.4,6491
6900,4.5,-3,0.4,6490
6900,4.5,-2.5,0.4,6489
6900,4.5,-2,0.4,6488
6900,4.5,-1.5,0.4,6487
6900,4.5,-1,0.4,6486
6900,4.5,-0.5,0,6483
6900,4.5,0,0,6481
6900,4.5,0.3,0,6482
6900,4.5,0.5,0,6484
6900,5,-4,0.4,6503
6900,5,-3.5,0.4,6502
6900,5,-3,0.4,6501
6900,5,-2.5,0.4,6500
6900,5,-2,0.4,6499
6900,5,-1.5,0.4,6498
6900,5,-1,0.4,6497
6900,5,-0.5,0.2,6496
6900,5,0,0,6493
6900,5,0.3,0,6494
6900,5,0.5,0,6495
7000,-0.5,-4,0.4,6536
7000,-0.5,-3.5,0.4,6534
7000,-0.5,-3,0.4,6532
7000,-0.5,-2.5,0.4,6530
7000,-0.5,-2,0.4,6528
7000,-0.5,-1.5,0.4,6526
7000,-0.5,-1,0.4,6524
7000,-0.5,-0.5,0.2,6522
7000,-0.5,0,0,6516
7000,-0.5,0.3,0,6518
7000,-0.5,0.5,0,6520
7000,0,-4,0.4,6514
7000,0,-3.5,0.4,6513
7000,0,-3,0.4,6512
7000,0,-2.5,0.4,6511
7000,0,-2,0.4,6510
7000,0,-1.5,0.4,6509
7000,0,-0.5,0.2,6507
7000,0,0,0,6504
7000,0,0.3,0,6505
7000,0,0.5,0,6506
7000,0.5,-4,0.4,6535
7000,0.5,-3.5,0.4,6533
7000,0.5,-3,0.4,6531
7000,0.5,-2.5,0.4,6529
7000,0.5,-2,0.4,6527
7000,0.5,-1.5,0.4,6525
7000,0.5,-1,0.4,6523
7000,0.5,-0.5,0.2,6521
7000,0.5,0,0,6515
7000,0.5,0.3,0,6517
7000,0.5,0.5,0,6519
7000,1,-4,0.4,6547
7000,1,-3.5,0.4,6546
7000,1,-3,0.4,6545
7000,1,-2.5,0.4,6544
7000,1,-2,0.4,6543
7000,1,-1.5,0.4,6542
7000,1,-1,0.4,6541
7000,1,-0.5,0.2,6540
7000,1,0,0,6537
7000,1,0.3,0,6538
7000,1,0.5,0,6539
7000,1.5,-4,0.4,6558
7000,1.5,-3.5,0.4,6557
7000,1.5,-3,0.4,6556
7000,1.5,-2.5,0.4,6555
7000,1.5,-2,0.4,6554
7000,1.5,-1.5,0.4,6553
7000,1.5,-1,0.4,6552
7000,1.5,-0.5,0.2,6551
7000,1.5,0,0,6548
7000,1.5,0.3,0,6549
7000,1.5,0.5,0,6550
7000,2,-4,0.4,6569
7000,2,-3.5,0.4,6568
7000,2,-3,0.4,6567
7000,2,-2.5,0.4,6566
7000,2,-2,0.4,6565
7000,2,-1.5,0.4,6564
7000,2,-1,0.4,6563
7000,2,-0.5,0.2,6562
7000,2,0,0,6559
7000,2,0.3,0,6560
7000,2,0.5,0,6561
7000,2.5,-4,0.4,6580
7000,2.5,-3.5,0.4,6579
7000,2.5,-3,0.4,6578
7000,2.5,-2.5,0.4,6577
7000,2.5,-2,0.4,6576
7000,2.5,-1.5,0.4,6575
7000,2.5,-1,0.4,6574
7000,2.5,-0.5,0.2,6573
7000,2.5,0,0,6570
7000,2.5,0.3,0,6571
7000,2.5,0.5,0,6572
7000,3,-4,0.4,6591
7000,3,-3.5,0.4,6590
7000,3,-3,0.4,6589
7000,3,-2.5,0.4,6588
7000,3,-2,0.4,6587
7000,3,-1.5,0.4,6586
7000,3,-1,0.4,6585
7000,3,-0.5,0.2,6584
7000,3,0,0,6581
7000,3,0.3,0,6582
7000,3,0.5,0,6583
7000,3.5,-4,0.4,6602
7000,3.5,-3.5,0.4,6601
7000,3.5,-3,0.4,6600
7000,3.5,-2.5,0.4,6599
7000,3.5,-2,0.4,6598
7000,3.5,-1.5,0.4,6597
7000,3.5,-1,0.4,6596
7000,3.5,-0.5,0.2,6595
7000,3.5,0,0,6592
7000,3.5,0.3,0,6593
7000,3.5,0.5,0,6594
7000,4,-4,0.4,6622
7000,4,-3.5,0.4,6621
7000,4,-3,0.4,6620
7000,4,-2.5,0.4,6619
7000,4,-2,0.4,6618
7000,4,-1.5,0.2,6616
7000,4,-1,0.2,6613
7000,4,-0.5,0,6607
7000,4,0,0,6603
7000,4,0.3,0,6606
7000,4,0.5,0,6608
7000,4.5,-4,0.4,6635
7000,4.5,-3.5,0.4,6634
7000,4.5,-3,0.4,6633
7000,4.5,-2.5,0.4,6632
7000,4.5,-2,0.4,6631
7000,4.5,-1.5,0.4,6630
7000,4.5,-1,0.4,6628
7000,4.5,-0.5,0,6625
7000,4.5,0,0,6623
7000,4.5,0.3,0,6624
7000,4.5,0.5,0,6626
7000,5,-4,0.4,6646
7000,5,-3.5,0.4,6645
7000,5,-3,0.4,6644
7000,5,-2.5,0.4,6643
7000,5,-2,0.4,6642
7000,5,-1.5,0.4,6641
7000,5,-1,0.4,6640
7000,5,-0.5,0.2,6639
7000,5,0,0,6636
7000,5,0.3,0,6637
7000,5,0.5,0,6638
7200,0,-4,0.4,6657
7200,0,-3.5,0.4,6656
7200,0,-3,0.4,6655
7200,0,-2.5,0.4,6654
7200,0,-2,0.4,6653
7200,0,-1.5,0.4,6652
7200,0,-1,0.4,6651
7200,0,-0.5,0.2,6650
7200,0,0,0,6647
7200,0,0.3,0,6648
7200,0,0.5,0,6649
7200,0.5,-4,0.4,6668
7200,0.5,-3.5,0.4,6667
7200,0.5,-3,0.4,6666
7200,0.5,-2.5,0.4,6665
7200,0.5,-2,0.4,6664
7200,0.5,-1.5,0.4,6663
7200,0.5,-1,0.4,6662
7200,0.5,-0.5,0.2,6661
7200,0.5,0,0,6658
7200,0.5,0.3,0,6659
7200,0.5,0.5,0,6660
7200,1,-4,0.4,6679
7200,1,-3.5,0.4,6678
7200,1,-3,0.4,6677
7200,1,-2.5,0.4,6676
7200,1,-2,0.4,6675
7200,1,-1.5,0.4,6674
7200,1,-1,0.4,6673
7200,1,-0.5,0.2,6672
7200,1,0,0,6669
7200,1,0.3,0,6670
7200,1,0.5,0,6671
7200,1.5,-4,0.4,6690
7200,1.5,-3.5,0.4,6689
7200,1.5,-3,0.4,6688
7200,1.5,-2.5,0.4,6687
7200,1.5,-2,0.4,6686
7200,1.5,-1.5,0.4,6685
7200,1.5,-1,0.4,6684
7200,1.5,-0.5,0.2,6683
7200,1.5,0,0,6680
7200,1.5,0.3,0,6681
7200,1.5,0.5,0,6682
7200,2,-4,0.4,6701
7200,2,-3.5,0.4,6700
7200,2,-3,0.4,6699
7200,2,-2.5,0.4,6698
7200,2,-2,0.4,6697
7200,2,-1.5,0.4,6696
7200,2,-1,0.4,6695
7200,2,-0.5,0.2,6694
7200,2,0,0,6691
7200,2,0.3,0,6692
7200,2,0.5,0,6693
7200,2.5,-4,0.4,6712
7200,2.5,-3.5,0.4,6711
7200,2.5,-3,0.4,6710
7200,2.5,-2.5,0.4,6709
7200,2.5,-2,0.4,6708
7200,2.5,-1.5,0.4,6707
7200,2.5,-1,0.4,6706
7200,2.5,-0.5,0.2,6705
7200,2.5,0,0,6702
7200,2.5,0.3,0,6703
7200,2.5,0.5,0,6704
7200,3,-4,0.4,6723
7200,3,-3.5,0.4,6722
7200,3,-3,0.4,6721
7200,3,-2.5,0.4,6720
7200,3,-2,0.4,6719
7200,3,-1.5,0.4,6718
7200,3,-1,0.4,6717
7200,3,-0.5,0.2,6716
7200,3,0,0,6713
7200,3,0.3,0,6714
7200,3,0.5,0,6715
7200,3.5,-4,0.4,6734
7200,3.5,-3.5,0.4,6733
7200,3.5,-3,0.4,6732
7200,3.5,-2.5,0.4,6731
7200,3.5,-2,0.4,6730
7200,3.5,-1.5,0.4,6729
7200,3.5,-1,0.4,6728
7200,3.5,-0.5,0.2,6727
7200,3.5,0,0,6724
7200,3.5,0.3,0,6725
7200,3.5,0.5,0,6726
7200,4,-4,0.4,6753
7200,4,-3.5,0.4,6752
7200,4,-3,0.4,6751
7200,4,-2.5,0.4,6750
7200,4,-2,0.4,6749
7200,4,-1.5,0.2,6747
7200,4,-1,0.2,6744
7200,4,-0.5,0,6739
7200,4,0,0,6735
7200,4,0.3,0,6738
7200,4,0.5,0,6740
7200,4.5,-4,0.4,6766
7200,4.5,-3.5,0.4,6765
7200,4.5,-3,0.4,6764
7200,4.5,-2.5,0.4,6763
7200,4.5,-2,0.4,6762
7200,4.5,-1.5,0.4,6761
7200,4.5,-1,0.4,6759
7200,4.5,-0.5,0,6756
7200,4.5,0,0,6754
7200,4.5,0.3,0,6755
7200,4.5,0.5,0,6757
7200,5,-4,0.4,6777
7200,5,-3.5,0.4,6776
7200,5,-3,0.4,6775
7200,5,-2.5,0.4,6774
7200,5,-2,0.4,6773
7200,5,-1.5,0.4,6772
7200,5,-1,0.4,6771
7200,5,-0.5,0.2,6770
7200,5,0,0,6767
7200,5,0.3,0,6768
7200,5,0.5,0,6769
7400,0,-4,0.4,6788
7400,0,-3.5,0.4,6787
7400,0,-3,0.4,6786
7400,0,-2.5,0.4,6785
7400,0,-2,0.4,6784
7400,0,-1.5,0.4,6783
7400,0,-1,0.4,6782
7400,0,-0.5,0.2,6781
7400,0,0,0,6778
7400,0,0.3,0,6779
7400,0,0.5,0,6780
7400,0.5,-4,0.4,6799
7400,0.5,-3.5,0.4,6798
7400,0.5,-3,0.4,6797
7400,0.5,-2.5,0.4,6796
7400,0.5,-2,0.4,6795
7400,0.5,-1.5,0.4,6794
7400,0.5,-1,0.4,6793
7400,0.5,-0.5,0.2,6792
7400,0.5,0,0,6789
7400,0.5,0.3,0,6790
7400,0.5,0.5,0,6791
7400,1,-4,0.4,6810
7400,1,-3.5,0.4,6809
7400,1,-3,0.4,6808
7400,1,-2.5,0.4,6807
7400,1,-2,0.4,6806
7400,1,-1.5,0.4,6805
7400,1,-1,0.4,6804
7400,1,-0.5,0.2,6803
7400,1,0,0,6800
7400,1,0.3,0,6801
7400,1,0.5,0,6802
7400,1.5,-4,0.4,6821
7400,1.5,-3.5,0.4,6820
7400,1.5,-3,0.4,6819
7400,1.5,-2.5,0.4,6818
7400,1.5,-2,0.4,6817
7400,1.5,-1.5,0.4,6816
7400,1.5,-1,0.4,6815
7400,1.5,-0.5,0.2,6814
7400,1.5,0,0,6811
7400,1.5,0.3,0,6812
7400,1.5,0.5,0,6813
7400,2,-4,0.4,6832
7400,2,-3.5,0.4,6831
7400,2,-3,0.4,6830
7400,2,-2.5,0.4,6829
7400,2,-2,0.4,6828
7400,2,-1.5,0.4,6827
7400,2,-1,0.4,6826
7400,2,-0.5,0.2,6825
7400,2,0,0,6822
7400,2,0.3,0,6823
7400,2,0.5,0,6824
7400,2.5,-4,0.4,6843
7400,2.5,-3.5,0.4,6842
7400,2.5,-3,0.4,6841
7400,2.5,-2.5,0.4,6840
7400,2.5,-2,0.4,6839
7400,2.5,-1.5,0.4,6838
7400,2.5,-1,0.4,6837
7400,2.5,-0.5,0.2,6836
7400,2.5,0,0,6833
7400,2.5,0.3,0,6834
7400,2.5,0.5,0,6835
7400,3,-4,0.4,6854
7400,3,-3.5,0.4,6853
7400,3,-3,0.4,6852
7400,3,-2.5,0.4,6851
7400,3,-2,0.4,6850
7400,3,-1.5,0.4,6849
7400,3,-1,0.4,6848
7400,3,-0.5,0.2,6847
7400,3,0,0,6844
7400,3,0.3,0,6845
7400,3,0.5,0,6846
7400,3.5,-4,0.4,6865
7400,3.5,-3.5,0.4,6864
7400,3.5,-3,0.4,6863
7400,3.5,-2.5,0.4,6862
7400,3.5,-2,0.4,6861
7400,3.5,-1.5,0.4,6860
7400,3.5,-1,0.4,6859
7400,3.5,-0.5,0.2,6858
7400,3.5,0,0,6855
7400,3.5,0.3,0,6856
7400,3.5,0.5,0,6857
7400,4,-4,0.4,6877
7400,4,-3.5,0.4,6876
7400,4,-3,0.4,6875
7400,4,-2.5,0.4,6874
7400,4,-2,0.4,6873
7400,4,-1.5,0.4,6872
7400,4,-1,0.4,6871
7400,4,-0.5,0,6868
7400,4,0,0,6866
7400,4,0.3,0,6867
7400,4,0.5,0,6869
7400,4.5,-4,0.4,6889
7400,4.5,-3.5,0.4,6888
7400,4.5,-3,0.4,6887
7400,4.5,-2.5,0.4,6886
7400,4.5,-2,0.4,6885
7400,4.5,-1.5,0.4,6884
7400,4.5,-1,0.4,6883
7400,4.5,-0.5,0,6880
7400,4.5,0,0,6878
7400,4.5,0.3,0,6879
7400,4.5,0.5,0,6881
7400,5,-4,0.4,6900
7400,5,-3.5,0.4,6899
7400,5,-3,0.4,6898
7400,5,-2.5,0.4,6897
7400,5,-2,0.4,6896
7400,5,-1.5,0.4,6895
7400,5,-1,0.4,6894
7400,5,-0.5,0.2,6893
7400,5,0,0,6890
7400,5,0.3,0,6891
7400,5,0.5,0,6892
7600,0,-4,0.4,6911
7600,0,-3.5,0.4,6910
7600,0,-3,0.4,6909
7600,0,-2.5,0.4,6908
7600,0,-2,0.4,6907
7600,0,-1.5,0.4,6906
7600,0,-1,0.4,6905
7600,0,-0.5,0.2,6904
7600,0,0,0,6901
7600,0,0.3,0,6902
7600,0,0.5,0,6903
7600,0.5,-4,0.4,6922
7600,0.5,-3.5,0.4,6921
7600,0.5,-3,0.4,6920
7600,0.5,-2.5,0.4,6919
7600,0.5,-2,0.4,6918
7600,0.5,-1.5,0.4,6917
7600,0.5,-1,0.4,6916
7600,0.5,-0.5,0.2,6915
7600,0.5,0,0,6912
7600,0.5,0.3,0,6913
7600,0.5,0.5,0,6914
7600,1,-4,0.4,6933
7600,1,-3.5,0.4,6932
7600,1,-3,0.4,6931
7600,1,-2.5,0.4,6930
7600,1,-2,0.4,6929
7600,1,-1.5,0.4,6928
7600,1,-1,0.4,6927
7600,1,-0.5,0.2,6926
7600,1,0,0,6923
7600,1,0.3,0,6924
7600,1,0.5,0,6925
7600,1.5,-4,0.4,6944
7600,1.5,-3.5,0.4,6943
7600,1.5,-3,0.4,6942
7600,1.5,-2.5,0.4,6941
7600,1.5,-2,0.4,6940
7600,1.5,-1.5,0.4,6939
7600,1.5,-1,0.4,6938
7600,1.5,-0.5,0.2,6937
7600,1.5,0,0,6934
7600,1.5,0.3,0,6935
7600,1.5,0.5,0,6936
7600,2,-4,0.4,6955
7600,2,-3.5,0.4,6954
7600,2,-3,0.4,6953
7600,2,-2.5,0.4,6952
7600,2,-2,0.4,6951
7600,2,-1.5,0.4,6950
7600,2,-1,0.4,6949
7600,2,-0.5,0.2,6948
7600,2,0,0,6945
7600,2,0.3,0,6946
7600,2,0.5,0,6947
7600,2.5,-4,0.4,6966
7600,2.5,-3.5,0.4,6965
7600,2.5,-3,0.4,6964
7600,2.5,-2.5,0.4,6963
7600,2.5,-2,0.4,6962
7600,2.5,-1.5,0.4,6961
7600,2.5,-1,0.4,6960
7600,2.5,-0.5,0.2,6959
7600,2.5,0,0,6956
7600,2.5,0.3,0,6957
7600,2.5,0.5,0,6958
7600,3,-4,0.4,6977
7600,3,-3.5,0.4,6976
7600,3,-3,0.4,6975
7600,3,-2.5,0.4,6974
7600,3,-2,0.4,6973
7600,3,-1.5,0.4,6972
7600,3,-1,0.4,6971
7600,3,-0.5,0.2,6970
7600,3,0,0,6967
7600,3,0.3,0,6968
7600,3,0.5,0,6969
7600,3.5,-4,0.4,6988
7600,3.5,-3.5,0.4,6987
7600,3.5,-3,0.4,6986
7600,3.5,-2.5,0.4,6985
7600,3.5,-2,0.4,6984
7600,3.5,-1.5,0.4,6983
7600,3.5,-1,0.4,6982
7600,3.5,-0.5,0.2,6981
7600,3.5,0,0,6978
7600,3.5,0.3,0,6979
7600,3.5,0.5,0,6980
7600,4,-4,0.4,7007
7600,4,-3.5,0.4,7006
7600,4,-3,0.4,7005
7600,4,-2.5,0.4,7004
7600,4,-2,0.4,7003
7600,4,-1.5,0.2,7001
7600,4,-1,0.2,6998
7600,4,-0.5,0,6993
7600,4,0,0,6989
7600,4,0.3,0,6992
7600,4,0.5,0,6994
7600,4.5,-4,0.4,7020
7600,4.5,-3.5,0.4,7019
7600,4.5,-3,0.4,7018
7600,4.5,-2.5,0.4,7017
7600,4.5,-2,0.4,7016
7600,4.5,-1.5,0.4,7015
7600,4.5,-1,0.4,7013
7600,4.5,-0.5,0,7010
7600,4.5,0,0,7008
7600,4.5,0.3,0,7009
7600,4.5,0.5,0,7011
7600,5,-4,0.4,7031
7600,5,-3.5,0.4,7030
7600,5,-3,0.4,7029
7600,5,-2.5,0.4,7028
7600,5,-2,0.4,7027
7600,5,-1.5,0.4,7026
7600,5,-1,0.4,7025
7600,5,-0.5,0.2,7024
7600,5,0,0,7021
7600,5,0.3,0,7022
7600,5,0.5,0,7023
7800,0,-4,0.4,7042
7800,0,-3.5,0.4,7041
7800,0,-3,0.4,7040
7800,0,-2.5,0.4,7039
7800,0,-2,0.4,7038
7800,0,-1.5,0.4,7037
7800,0,-1,0.4,7036
7800,0,-0.5,0.2,7035
7800,0,0,0,7032
7800,0,0.3,0,7033
7800,0,0.5,0,7034
7800,0.5,-4,0.4,7053
7800,0.5,-3.5,0.4,7052
7800,0.5,-3,0.4,7051
7800,0.5,-2.5,0.4,7050
7800,0.5,-2,0.4,7049
7800,0.5,-1.5,0.4,7048
7800,0.5,-1,0.4,7047
7800,0.5,-0.5,0.2,7046
7800,0.5,0,0,7043
7800,0.5,0.3,0,7044
7800,0.5,0.5,0,7045
7800,1,-4,0.4,7064
7800,1,-3.5,0.4,7063
7800,1,-3,0.4,7062
7800,1,-2.5,0.4,7061
7800,1,-2,0.4,7060
7800,1,-1.5,0.4,7059
7800,1,-1,0.4,7058
7800,1,-0.5,0.2,7057
7800,1,0,0,7054
7800,1,0.3,0,7055
7800,1,0.5,0,7056
7800,1.5,-4,0.4,7075
7800,1.5,-3.5,0.4,7074
7800,1.5,-3,0.4,7073
7800,1.5,-2.5,0.4,7072
7800,1.5,-2,0.4,7071
7800,1.5,-1.5,0.4,7070
7800,1.5,-1,0.4,7069
7800,1.5,-0.5,0.2,7068
7800,1.5,0,0,7065
7800,1.5,0.3,0,7066
7800,1.5,0.5,0,7067
7800,2,-4,0.4,7086
7800,2,-3.5,0.4,7085
7800,2,-3,0.4,7084
7800,2,-2.5,0.4,7083
7800,2,-2,0.4,7082
7800,2,-1.5,0.4,7081
7800,2,-1,0.4,7080
7800,2,-0.5,0.2,7079
7800,2,0,0,7076
7800,2,0.5,0,7078
7800,2.5,-4,0.4,7097
7800,2.5,-3.5,0.4,7096
7800,2.5,-3,0.4,7095
7800,2.5,-2.5,0.4,7094
7800,2.5,-2,0.4,7093
7800,2.5,-1.5,0.4,7092
7800,2.5,-1,0.4,7091
7800,2.5,-0.5,0.2,7090
7800,2.5,0,0,7087
7800,2.5,0.3,0,7088
7800,2.5,0.5,0,7089
7800,3,-4,0.4,7108
7800,3,-3.5,0.4,7107
7800,3,-3,0.4,7106
7800,3,-2.5,0.4,7105
7800,3,-2,0.4,7104
7800,3,-1.5,0.4,7103
7800,3,-1,0.4,7102
7800,3,-0.5,0.2,7101
7800,3,0,0,7098
7800,3,0.3,0,7099
7800,3,0.5,0,7100
7800,3.5,-4,0.4,7119
7800,3.5,-3.5,0.4,7118
7800,3.5,-3,0.4,7117
7800,3.5,-2.5,0.4,7116
7800,3.5,-2,0.4,7115
7800,3.5,-1.5,0.4,7114
7800,3.5,-1,0.4,7113
7800,3.5,-0.5,0.2,7112
7800,3.5,0,0,7109
7800,3.5,0.3,0,7110
7800,3.5,0.5,0,7111
7800,4,-4,0.4,7131
7800,4,-3.5,0.4,7130
7800,4,-3,0.4,7129
7800,4,-2.5,0.4,7128
7800,4,-2,0.4,7127
7800,4,-1.5,0.4,7126
7800,4,-1,0.4,7125
7800,4,-0.5,0,7122
7800,4,0,0,7120
7800,4,0.3,0,7121
7800,4,0.5,0,7123
7800,4.5,-4,0.4,7143
7800,4.5,-3.5,0.4,7142
7800,4.5,-3,0.4,7141
7800,4.5,-2.5,0.4,7140
7800,4.5,-2,0.4,7139
7800,4.5,-1.5,0.4,7138
7800,4.5,-1,0.4,7137
7800,4.5,-0.5,0,7134
7800,4.5,0,0,7132
7800,4.5,0.3,0,7133
7800,4.5,0.5,0,7135
7800,5,-4,0.4,7154
7800,5,-3.5,0.4,7153
7800,5,-3,0.4,7152
7800,5,-2.5,0.4,7151
7800,5,-2,0.4,7150
7800,5,-1.5,0.4,7149
7800,5,-1,0.4,7148
7800,5,-0.5,0.2,7147
7800,5,0,0,7144
7800,5,0.3,0,7145
7800,5,0.5,0,7146
8000,0,-4,0.4,7165
8000,0,-3.5,0.4,7164
8000,0,-3,0.4,7163
8000,0,-2.5,0.4,7162
8000,0,-2,0.4,7161
8000,0,-1.5,0.4,7160
8000,0,-1,0.4,7159
8000,0,-0.5,0.2,7158
8000,0,0,0,7155
8000,0,0.3,0,7156
8000,0,0.5,0,7157
8000,0.5,-4,0.4,7176
8000,0.5,-3.5,0.4,7175
8000,0.5,-3,0.4,7174
8000,0.5,-2.5,0.4,7173
8000,0.5,-2,0.4,7172
8000,0.5,-1.5,0.4,7171
8000,0.5,-1,0.4,7170
8000,0.5,-0.5,0.2,7169
8000,0.5,0,0,7166
8000,0.5,0.3,0,7167
8000,0.5,0.5,0,7168
8000,1,-4,0.4,7187
8000,1,-3.5,0.4,7186
8000,1,-3,0.4,7185
8000,1,-2.5,0.4,7184
8000,1,-2,0.4,7183
8000,1,-1.5,0.4,7182
8000,1,-1,0.4,7181
8000,1,-0.5,0.2,7180
8000,1,0,0,7177
8000,1,0.3,0,7178
8000,1,0.5,0,7179
8000,1.5,-4,0.4,7198
8000,1.5,-3.5,0.4,7197
8000,1.5,-3,0.4,7196
8000,1.5,-2.5,0.4,7195
8000,1.5,-2,0.4,7194
8000,1.5,-1.5,0.4,7193
8000,1.5,-1,0.4,7192
8000,1.5,-0.5,0.2,7191
8000,1.5,0,0,7188
8000,1.5,0.3,0,7189
8000,1.5,0.5,0,7190
8000,2,-4,0.4,7209
8000,2,-3.5,0.4,7208
8000,2,-3,0.4,7207
8000,2,-2.5,0.4,7206
8000,2,-2,0.4,7205
8000,2,-1.5,0.4,7204
8000,2,-1,0.4,7203
8000,2,-0.5,0.2,7202
8000,2,0,0,7199
8000,2,0.3,0,7200
8000,2,0.5,0,7201
8000,2.5,-4,0.4,7220
8000,2.5,-3.5,0.4,7219
8000,2.5,-3,0.4,7218
8000,2.5,-2.5,0.4,7217
8000,2.5,-2,0.4,7216
8000,2.5,-1.5,0.4,7215
8000,2.5,-1,0.4,7214
8000,2.5,-0.5,0.2,7213
8000,2.5,0,0,7210
8000,2.5,0.3,0,7211
8000,2.5,0.5,0,7212
8000,3,-4,0.4,7231
8000,3,-3.5,0.4,7230
8000,3,-3,0.4,7229
8000,3,-2.5,0.4,7228
8000,3,-2,0.4,7227
8000,3,-1.5,0.4,7226
8000,3,-1,0.4,7225
8000,3,-0.5,0.2,7224
8000,3,0,0,7221
8000,3,0.3,0,7222
8000,3,0.5,0,7223
8000,3.5,-4,0.4,7242
8000,3.5,-3.5,0.4,7241
8000,3.5,-3,0.4,7240
8000,3.5,-2.5,0.4,7239
8000,3.5,-2,0.4,7238
8000,3.5,-1.5,0.4,7237
8000,3.5,-1,0.4,7236
8000,3.5,-0.5,0.2,7235
8000,3.5,0,0,7232
8000,3.5,0.3,0,7233
8000,3.5,0.5,0,7234
8000,4,-4,0.4,7262
8000,4,-3.5,0.4,7261
8000,4,-3,0.4,7260
8000,4,-2.5,0.4,7259
8000,4,-2,0.4,7258
8000,4,-1.5,0.2,7256
8000,4,-1,0.2,7253
8000,4,-0.5,0,7247
8000,4,0,0,7243
8000,4,0.3,0,7246
8000,4,0.5,0,7248
8000,4.5,-4,0.4,7275
8000,4.5,-3.5,0.4,7274
8000,4.5,-3,0.4,7273
8000,4.5,-2.5,0.4,7272
8000,4.5,-2,0.4,7271
8000,4.5,-1.5,0.4,7270
8000,4.5,-1,0.4,7268
8000,4.5,-0.5,0,7265
8000,4.5,0,0,7263
8000,4.5,0.3,0,7264
8000,4.5,0.5,0,7266
8000,5,-4,0.4,7286
8000,5,-3.5,0.4,7285
8000,5,-3,0.4,7284
8000,5,-2.5,0.4,7283
8000,5,-2,0.4,7282
8000,5,-1.5,0.4,7281
8000,5,-1,0.4,7280
8000,5,-0.5,0.2,7279
8000,5,0,0,7276
8000,5,0.3,0,7277
8000,5,0.5,0,7278
8200,0,-4,0.4,7297
8200,0,-3.5,0.4,7296
8200,0,-3,0.4,7295
8200,0,-2.5,0.4,7294
8200,0,-2,0.4,7293
8200,0,-1.5,0.4,7292
8200,0,-1,0.4,7291
8200,0,-0.5,0.2,7290
8200,0,0,0,7287
8200,0,0.3,0,7288
8200,0,0.5,0,7289
8200,0.5,-4,0.4,7308
8200,0.5,-3.5,0.4,7307
8200,0.5,-3,0.4,7306
8200,0.5,-2.5,0.4,7305
8200,0.5,-2,0.4,7304
8200,0.5,-1.5,0.4,7303
8200,0.5,-1,0.4,7302
8200,0.5,-0.5,0.2,7301
8200,0.5,0,0,7298
8200,0.5,0.3,0,7299
8200,0.5,0.5,0,7300
8200,1,-4,0.4,7319
8200,1,-3.5,0.4,7318
8200,1,-3,0.4,7317
8200,1,-2.5,0.4,7316
8200,1,-2,0.4,7315
8200,1,-1.5,0.4,7314
8200,1,-1,0.4,7313
8200,1,-0.5,0.2,7312
8200,1,0,0,7309
8200,1,0.3,0,7310
8200,1,0.5,0,7311
8200,1.5,-4,0.4,7330
8200,1.5,-3.5,0.4,7329
8200,1.5,-3,0.4,7328
8200,1.5,-2.5,0.4,7327
8200,1.5,-2,0.4,7326
8200,1.5,-1.5,0.4,7325
8200,1.5,-1,0.4,7324
8200,1.5,-0.5,0.2,7323
8200,1.5,0,0,7320
8200,1.5,0.3,0,7321
8200,1.5,0.5,0,7322
8200,2,-4,0.4,7341
8200,2,-3.5,0.4,7340
8200,2,-3,0.4,7339
8200,2,-2.5,0.4,7338
8200,2,-2,0.4,7337
8200,2,-1.5,0.4,7336
8200,2,-1,0.4,7335
8200,2,-0.5,0.2,7334
8200,2,0,0,7331
8200,2,0.3,0,7332
8200,2,0.5,0,7333
8200,2.5,-4,0.4,7352
8200,2.5,-3.5,0.4,7351
8200,2.5,-3,0.4,7350
8200,2.5,-2.5,0.4,7349
8200,2.5,-2,0.4,7348
8200,2.5,-1.5,0.4,7347
8200,2.5,-1,0.4,7346
8200,2.5,-0.5,0.2,7345
8200,2.5,0,0,7342
8200,2.5,0.3,0,7343
8200,2.5,0.5,0,7344
8200,3,-4,0.4,7363
8200,3,-3.5,0.4,7362
8200,3,-3,0.4,7361
8200,3,-2.5,0.4,7360
8200,3,-2,0.4,7359
8200,3,-1.5,0.4,7358
8200,3,-1,0.4,7357
8200,3,-0.5,0.2,7356
8200,3,0,0,7353
8200,3,0.3,0,7354
8200,3,0.5,0,7355
8200,3.5,-4,0.4,7374
8200,3.5,-3.5,0.4,7373
8200,3.5,-3,0.4,7372
8200,3.5,-2.5,0.4,7371
8200,3.5,-2,0.4,7370
8200,3.5,-1.5,0.4,7369
8200,3.5,-1,0.4,7368
8200,3.5,-0.5,0.2,7367
8200,3.5,0,0,7364
8200,3.5,0.3,0,7365
8200,3.5,0.5,0,7366
8200,4,-4,0.4,7386
8200,4,-3.5,0.4,7385
8200,4,-3,0.4,7384
8200,4,-2.5,0.4,7383
8200,4,-2,0.4,7382
8200,4,-1.5,0.4,7381
8200,4,-1,0.4,7380
8200,4,-0.5,0,7377
8200,4,0,0,7375
8200,4,0.3,0,7376
8200,4,0.5,0,7378
8200,4.5,-4,0.4,7398
8200,4.5,-3.5,0.4,7397
8200,4.5,-3,0.4,7396
8200,4.5,-2.5,0.4,7395
8200,4.5,-2,0.4,7394
8200,4.5,-1.5,0.4,7393
8200,4.5,-1,0.4,7392
8200,4.5,-0.5,0,7389
8200,4.5,0,0,7387
8200,4.5,0.3,0,7388
8200,4.5,0.5,0,7390
8200,5,-4,0.4,7409
8200,5,-3.5,0.4,7408
8200,5,-3,0.4,7407
8200,5,-2.5,0.4,7406
8200,5,-2,0.4,7405
8200,5,-1.5,0.4,7404
8200,5,-1,0.4,7403
8200,5,-0.5,0.2,7402
8200,5,0,0,7399
8200,5,0.3,0,7400
8200,5,0.5,0,7401
8400,0,-4,0.4,7420
8400,0,-3.5,0.4,7419
8400,0,-3,0.4,7418
8400,0,-2.5,0.4,7417
8400,0,-2,0.4,7416
8400,0,-1.5,0.4,7415
8400,0,-1,0.4,7414
8400,0,-0.5,0.2,7413
8400,0,0,0,7410
8400,0,0.3,0,7411
8400,0,0.5,0,7412
8400,0.5,-4,0.4,7431
8400,0.5,-3.5,0.4,7430
8400,0.5,-3,0.4,7429
8400,0.5,-2.5,0.4,7428
8400,0.5,-2,0.4,7427
8400,0.5,-1.5,0.4,7426
8400,0.5,-1,0.4,7425
8400,0.5,-0.5,0.2,7424
8400,0.5,0,0,7421
8400,0.5,0.3,0,7422
8400,0.5,0.5,0,7423
8400,1,-4,0.4,7442
8400,1,-3.5,0.4,7441
8400,1,-3,0.4,7440
8400,1,-2.5,0.4,7439
8400,1,-2,0.4,7438
8400,1,-1.5,0.4,7437
8400,1,-1,0.4,7436
8400,1,-0.5,0.2,7435
8400,1,0,0,7432
8400,1,0.3,0,7433
8400,1,0.5,0,7434
8400,1.5,-4,0.4,7453
8400,1.5,-3.5,0.4,7452
8400,1.5,-3,0.4,7451
8400,1.5,-2.5,0.4,7450
8400,1.5,-2,0.4,7449
8400,1.5,-1.5,0.4,7448
8400,1.5,-1,0.4,7447
8400,1.5,-0.5,0.2,7446
8400,1.5,0,0,7443
8400,1.5,0.3,0,7444
8400,1.5,0.5,0,7445
8400,2,-4,0.4,7464
8400,2,-3.5,0.4,7463
8400,2,-3,0.4,7462
8400,2,-2.5,0.4,7461
8400,2,-2,0.4,7460
8400,2,-1.5,0.4,7459
8400,2,-1,0.4,7458
8400,2,-0.5,0.2,7457
8400,2,0,0,7454
8400,2,0.3,0,7455
8400,2,0.5,0,7456
8400,2.5,-4,0.4,7475
8400,2.5,-3.5,0.4,7474
8400,2.5,-3,0.4,7473
8400,2.5,-2.5,0.4,7472
8400,2.5,-2,0.4,7471
8400,2.5,-1.5,0.4,7470
8400,2.5,-1,0.4,7469
8400,2.5,-0.5,0.2,7468
8400,2.5,0,0,7465
8400,2.5,0.3,0,7466
8400,2.5,0.5,0,7467
8400,3,-4,0.4,7486
8400,3,-3.5,0.4,7485
8400,3,-3,0.4,7484
8400,3,-2.5,0.4,7483
8400,3,-2,0.4,7482
8400,3,-1.5,0.4,7481
8400,3,-1,0.4,7480
8400,3,-0.5,0.2,7479
8400,3,0,0,7476
8400,3,0.3,0,7477
8400,3,0.5,0,7478
8400,3.5,-4,0.4,7497
8400,3.5,-3.5,0.4,7496
8400,3.5,-3,0.4,7495
8400,3.5,-2.5,0.4,7494
8400,3.5,-2,0.4,7493
8400,3.5,-1.5,0.4,7492
8400,3.5,-1,0.4,7491
8400,3.5,-0.5,0.2,7490
8400,3.5,0,0,7487
8400,3.5,0.3,0,7488
8400,3.5,0.5,0,7489
8400,4,-4,0.4,7515
8400,4,-3.5,0.4,7514
8400,4,-3,0.4,7513
8400,4,-2.5,0.4,7512
8400,4,-2,0.4,7511
8400,4,-1.5,0.2,7509
8400,4,-1,0.2,7506
8400,4,-0.5,0,7501
8400,4,0,0,7498
8400,4,0.3,0,7500
8400,4,0.5,0,7502
8400,4.5,-4,0.4,7528
8400,4.5,-3.5,0.4,7527
8400,4.5,-3,0.4,7526
8400,4.5,-2.5,0.4,7525
8400,4.5,-2,0.4,7524
8400,4.5,-1.5,0.4,7523
8400,4.5,-1,0.4,7521
8400,4.5,-0.5,0,7518
8400,4.5,0,0,7516
8400,4.5,0.3,0,7517
8400,4.5,0.5,0,7519
8400,5,-4,0.4,7539
8400,5,-3.5,0.4,7538
8400,5,-3,0.4,7537
8400,5,-2.5,0.4,7536
8400,5,-2,0.4,7535
8400,5,-1.5,0.4,7534
8400,5,-1,0.4,7533
8400,5,-0.5,0.2,7532
8400,5,0,0,7529
8400,5,0.3,0,7530
8400,5,0.5,0,7531
8600,0,-4,0.4,7550
8600,0,-3.5,0.4,7549
8600,0,-3,0.4,7548
8600,0,-2.5,0.4,7547
8600,0,-2,0.4,7546
8600,0,-1.5,0.4,7545
8600,0,-1,0.4,7544
8600,0,-0.5,0.2,7543
8600,0,0,0,7540
8600,0,0.3,0,7541
8600,0,0.5,0,7542
8600,0.5,-4,0.4,7561
8600,0.5,-3.5,0.4,7560
8600,0.5,-3,0.4,7559
8600,0.5,-2.5,0.4,7558
8600,0.5,-2,0.4,7557
8600,0.5,-1.5,0.4,7556
8600,0.5,-1,0.4,7555
8600,0.5,-0.5,0.2,7554
8600,0.5,0,0,7551
8600,0.5,0.3,0,7552
8600,0.5,0.5,0,7553
8600,1,-4,0.4,7572
8600,1,-3.5,0.4,7571
8600,1,-3,0.4,7570
8600,1,-2.5,0.4,7569
8600,1,-2,0.4,7568
8600,1,-1.5,0.4,7567
8600,1,-1,0.4,7566
8600,1,-0.5,0.2,7565
8600,1,0,0,7562
8600,1,0.3,0,7563
8600,1,0.5,0,7564
8600,1.5,-4,0.4,7583
8600,1.5,-3.5,0.4,7582
8600,1.5,-3,0.4,7581
8600,1.5,-2.5,0.4,7580
8600,1.5,-2,0.4,7579
8600,1.5,-1.5,0.4,7578
8600,1.5,-1,0.4,7577
8600,1.5,-0.5,0.2,7576
8600,1.5,0,0,7573
8600,1.5,0.3,0,7574
8600,1.5,0.5,0,7575
8600,2,-4,0.4,7594
8600,2,-3.5,0.4,7593
8600,2,-3,0.4,7592
8600,2,-2.5,0.4,7591
8600,2,-2,0.4,7590
8600,2,-1.5,0.4,7589
8600,2,-1,0.4,7588
8600,2,-0.5,0.2,7587
8600,2,0,0,7584
8600,2,0.3,0,7585
8600,2,0.5,0,7586
8600,2.5,-4,0.4,7605
8600,2.5,-3.5,0.4,7604
8600,2.5,-3,0.4,7603
8600,2.5,-2.5,0.4,7602
8600,2.5,-2,0.4,7601
8600,2.5,-1.5,0.4,7600
8600,2.5,-1,0.4,7599
8600,2.5,-0.5,0.2,7598
8600,2.5,0,0,7595
8600,2.5,0.3,0,7596
8600,2.5,0.5,0,7597
8600,3,-4,0.4,7616
8600,3,-3.5,0.4,7615
8600,3,-3,0.4,7614
8600,3,-2.5,0.4,7613
8600,3,-2,0.4,7612
8600,3,-1.5,0.4,7611
8600,3,-1,0.4,7610
8600,3,-0.5,0.2,7609
8600,3,0,0,7606
8600,3,0.3,0,7607
8600,3,0.5,0,7608
8600,3.5,-4,0.4,7627
8600,3.5,-3.5,0.4,7626
8600,3.5,-3,0.4,7625
8600,3.5,-2.5,0.4,7624
8600,3.5,-2,0.4,7623
8600,3.5,-1.5,0.4,7622
8600,3.5,-1,0.4,7621
8600,3.5,-0.5,0.2,7620
8600,3.5,0,0,7617
8600,3.5,0.3,0,7618
8600,3.5,0.5,0,7619
8600,4,-4,0.4,7639
8600,4,-3.5,0.4,7638
8600,4,-3,0.4,7637
8600,4,-2.5,0.4,7636
8600,4,-2,0.4,7635
8600,4,-1.5,0.4,7634
8600,4,-1,0.4,7633
8600,4,-0.5,0,7630
8600,4,0,0,7628
8600,4,0.3,0,7629
8600,4,0.5,0,7631
8600,4.5,-4,0.4,7651
8600,4.5,-3.5,0.4,7650
8600,4.5,-3,0.4,7649
8600,4.5,-2.5,0.4,7648
8600,4.5,-2,0.4,7647
8600,4.5,-1.5,0.4,7646
8600,4.5,-1,0.4,7645
8600,4.5,-0.5,0,7642
8600,4.5,0,0,7640
8600,4.5,0.3,0,7641
8600,4.5,0.5,0,7643
8600,5,-4,0.4,7662
8600,5,-3.5,0.4,7661
8600,5,-3,0.4,7660
8600,5,-2.5,0.4,7659
8600,5,-2,0.4,7658
8600,5,-1.5,0.4,7657
8600,5,-1,0.4,7656
8600,5,-0.5,0.2,7655
8600,5,0,0,7652
8600,5,0.3,0,7653
8600,5,0.5,0,7654
8800,0,-4,0.4,7673
8800,0,-3.5,0.4,7672
8800,0,-3,0.4,7671
8800,0,-2.5,0.4,7670
8800,0,-2,0.4,7669
8800,0,-1.5,0.4,7668
8800,0,-1,0.4,7667
8800,0,-0.5,0.2,7666
8800,0,0,0,7663
8800,0,0.3,0,7664
8800,0,0.5,0,7665
8800,0.5,-4,0.4,7684
8800,0.5,-3.5,0.4,7683
8800,0.5,-3,0.4,7682
8800,0.5,-2.5,0.4,7681
8800,0.5,-2,0.4,7680
8800,0.5,-1.5,0.4,7679
8800,0.5,-1,0.4,7678
8800,0.5,-0.5,0.2,7677
8800,0.5,0,0,7674
8800,0.5,0.3,0,7675
8800,0.5,0.5,0,7676
8800,1,-4,0.4,7695
8800,1,-3.5,0.4,7694
8800,1,-3,0.4,7693
8800,1,-2.5,0.4,7692
8800,1,-2,0.4,7691
8800,1,-1.5,0.4,7690
8800,1,-1,0.4,7689
8800,1,-0.5,0.2,7688
8800,1,0,0,7685
8800,1,0.3,0,7686
8800,1,0.5,0,7687
8800,1.5,-4,0.4,7706
8800,1.5,-3.5,0.4,7705
8800,1.5,-3,0.4,7704
8800,1.5,-2.5,0.4,7703
8800,1.5,-2,0.4,7702
8800,1.5,-1.5,0.4,7701
8800,1.5,-1,0.4,7700
8800,1.5,-0.5,0.2,7699
8800,1.5,0,0,7696
8800,1.5,0.3,0,7697
8800,1.5,0.5,0,7698
8800,2,-4,0.4,7717
8800,2,-3.5,0.4,7716
8800,2,-3,0.4,7715
8800,2,-2.5,0.4,7714
8800,2,-2,0.4,7713
8800,2,-1.5,0.4,7712
8800,2,-1,0.4,7711
8800,2,-0.5,0.2,7710
8800,2,0,0,7707
8800,2,0.3,0,7708
8800,2,0.5,0,7709
8800,2.5,-4,0.4,7728
8800,2.5,-3.5,0.4,7727
8800,2.5,-3,0.4,7726
8800,2.5,-2.5,0.4,7725
8800,2.5,-2,0.4,7724
8800,2.5,-1.5,0.4,7723
8800,2.5,-1,0.4,7722
8800,2.5,-0.5,0.2,7721
8800,2.5,0,0,7718
8800,2.5,0.3,0,7719
8800,2.5,0.5,0,7720
8800,3,-4,0.4,7739
8800,3,-3.5,0.4,7738
8800,3,-3,0.4,7737
8800,3,-2.5,0.4,7736
8800,3,-2,0.4,7735
8800,3,-1.5,0.4,7734
8800,3,-1,0.4,7733
8800,3,-0.5,0.2,7732
8800,3,0,0,7729
8800,3,0.3,0,7730
8800,3,0.5,0,7731
8800,3.5,-4,0.4,7750
8800,3.5,-3.5,0.4,7749
8800,3.5,-3,0.4,7748
8800,3.5,-2.5,0.4,7747
8800,3.5,-2,0.4,7746
8800,3.5,-1.5,0.4,7745
8800,3.5,-1,0.4,7744
8800,3.5,-0.5,0.2,7743
8800,3.5,0,0,7740
8800,3.5,0.3,0,7741
8800,3.5,0.5,0,7742
8800,4,-4,0.4,7769
8800,4,-3.5,0.4,7768
8800,4,-3,0.4,7767
8800,4,-2.5,0.4,7766
8800,4,-2,0.4,7765
8800,4,-1.5,0.2,7763
8800,4,-1,0.2,7760
8800,4,-0.5,0,7755
8800,4,0,0,7751
8800,4,0.3,0,7754
8800,4,0.5,0,7756
8800,4.5,-4,0.4,7782
8800,4.5,-3.5,0.4,7781
8800,4.5,-3,0.4,7780
8800,4.5,-2.5,0.4,7779
8800,4.5,-2,0.4,7778
8800,4.5,-1.5,0.4,7777
8800,4.5,-1,0.4,7775
8800,4.5,-0.5,0,7772
8800,4.5,0,0,7770
8800,4.5,0.3,0,7771
8800,4.5,0.5,0,7773
8800,5,-4,0.4,7793
8800,5,-3.5,0.4,7792
8800,5,-3,0.4,7791
8800,5,-2.5,0.4,7790
8800,5,-2,0.4,7789
8800,5,-1.5,0.4,7788
8800,5,-1,0.4,7787
8800,5,-0.5,0.2,7786
8800,5,0,0,7783
8800,5,0.3,0,7784
8800,5,0.5,0,7785
9000,0,-4,0.4,7804
9000,0,-3.5,0.4,7803
9000,0,-3,0.4,7802
9000,0,-2.5,0.4,7801
9000,0,-2,0.4,7800
9000,0,-1.5,0.4,7799
9000,0,-1,0.4,7798
9000,0,-0.5,0.2,7797
9000,0,0,0,7794
9000,0,0.3,0,7795
9000,0,0.5,0,7796
9000,0.5,-4,0.4,7815
9000,0.5,-3.5,0.4,7814
9000,0.5,-3,0.4,7813
9000,0.5,-2.5,0.4,7812
9000,0.5,-2,0.4,7811
9000,0.5,-1.5,0.4,7810
9000,0.5,-1,0.4,7809
9000,0.5,-0.5,0.2,7808
9000,0.5,0,0,7805
9000,0.5,0.3,0,7806
9000,0.5,0.5,0,7807
9000,1,-4,0.4,7826
9000,1,-3.5,0.4,7825
9000,1,-3,0.4,7824
9000,1,-2.5,0.4,7823
9000,1,-2,0.4,7822
9000,1,-1.5,0.4,7821
9000,1,-1,0.4,7820
9000,1,-0.5,0.2,7819
9000,1,0,0,7816
9000,1,0.3,0,7817
9000,1,0.5,0,7818
9000,1.5,-4,0.4,7837
9000,1.5,-3.5,0.4,7836
9000,1.5,-3,0.4,7835
9000,1.5,-2.5,0.4,7834
9000,1.5,-2,0.4,7833
9000,1.5,-1.5,0.4,7832
9000,1.5,-1,0.4,7831
9000,1.5,-0.5,0.2,7830
9000,1.5,0,0,7827
9000,1.5,0.3,0,7828
9000,1.5,0.5,0,7829
9000,2,-4,0.4,7848
9000,2,-3.5,0.4,7847
9000,2,-3,0.4,7846
9000,2,-2.5,0.4,7845
9000,2,-2,0.4,7844
9000,2,-1.5,0.4,7843
9000,2,-1,0.4,7842
9000,2,-0.5,0.2,7841
9000,2,0,0,7838
9000,2,0.3,0,7839
9000,2,0.5,0,7840
9000,2.5,-4,0.4,7859
9000,2.5,-3.5,0.4,7858
9000,2.5,-3,0.4,7857
9000,2.5,-2.5,0.4,7856
9000,2.5,-2,0.4,7855
9000,2.5,-1.5,0.4,7854
9000,2.5,-1,0.4,7853
9000,2.5,-0.5,0.2,7852
9000,2.5,0,0,7849
9000,2.5,0.3,0,7850
9000,2.5,0.5,0,7851
9000,3,-4,0.4,7870
9000,3,-3.5,0.4,7869
9000,3,-3,0.4,7868
9000,3,-2.5,0.4,7867
9000,3,-2,0.4,7866
9000,3,-1.5,0.4,7865
9000,3,-1,0.4,7864
9000,3,-0.5,0.2,7863
9000,3,0,0,7860
9000,3,0.3,0,7861
9000,3,0.5,0,7862
9000,3.5,-4,0.4,7881
9000,3.5,-3.5,0.4,7880
9000,3.5,-3,0.4,7879
9000,3.5,-2.5,0.4,7878
9000,3.5,-2,0.4,7877
9000,3.5,-1.5,0.4,7876
9000,3.5,-1,0.4,7875
9000,3.5,-0.5,0.2,7874
9000,3.5,0,0,7871
9000,3.5,0.3,0,7872
9000,3.5,0.5,0,7873
9000,4,-4,0.4,7893
9000,4,-3.5,0.4,7892
9000,4,-3,0.4,7891
9000,4,-2.5,0.4,7890
9000,4,-2,0.4,7889
9000,4,-1.5,0.4,7888
9000,4,-1,0.4,7887
9000,4,-0.5,0,7884
9000,4,0,0,7882
9000,4,0.3,0,7883
9000,4,0.5,0,7885
9000,4.5,-4,0.4,7905
9000,4.5,-3.5,0.4,7904
9000,4.5,-3,0.4,7903
9000,4.5,-2.5,0.4,7902
9000,4.5,-2,0.4,7901
9000,4.5,-1.5,0.4,7900
9000,4.5,-1,0.4,7899
9000,4.5,-0.5,0,7896
9000,4.5,0,0,7894
9000,4.5,0.3,0,7895
9000,4.5,0.5,0,7897
9000,5,-4,0.4,7916
9000,5,-3.5,0.4,7915
9000,5,-3,0.4,7914
9000,5,-2.5,0.4,7913
9000,5,-2,0.4,7912
9000,5,-1.5,0.4,7911
9000,5,-1,0.4,7910
9000,5,-0.5,0.2,7909
9000,5,0,0,7906
9000,5,0.3,0,7907
9000,5,0.5,0,7908
9200,0,-4,0.4,7927
9200,0,-3.5,0.4,7926
9200,0,-3,0.4,7925
9200,0,-2.5,0.4,7924
9200,0,-2,0.4,7923
9200,0,-1.5,0.4,7922
9200,0,-1,0.4,7921
9200,0,-0.5,0.2,7920
9200,0,0,0,7917
9200,0,0.3,0,7918
9200,0,0.5,0,7919
9200,0.5,-4,0.4,7938
9200,0.5,-3.5,0.4,7937
9200,0.5,-3,0.4,7936
9200,0.5,-2.5,0.4,7935
9200,0.5,-2,0.4,7934
9200,0.5,-1.5,0.4,7933
9200,0.5,-1,0.4,7932
9200,0.5,-0.5,0.2,7931
9200,0.5,0,0,7928
9200,0.5,0.3,0,7929
9200,0.5,0.5,0,7930
9200,1,-4,0.4,7949
9200,1,-3.5,0.4,7948
9200,1,-3,0.4,7947
9200,1,-2.5,0.4,7946
9200,1,-2,0.4,7945
9200,1,-1.5,0.4,7944
9200,1,-1,0.4,7943
9200,1,-0.5,0.2,7942
9200,1,0,0,7939
9200,1,0.3,0,7940
9200,1,0.5,0,7941
9200,1.5,-4,0.4,7960
9200,1.5,-3.5,0.4,7959
9200,1.5,-3,0.4,7958
9200,1.5,-2.5,0.4,7957
9200,1.5,-2,0.4,7956
9200,1.5,-1.5,0.4,7955
9200,1.5,-1,0.4,7954
9200,1.5,-0.5,0.2,7953
9200,1.5,0,0,7950
9200,1.5,0.3,0,7951
9200,1.5,0.5,0,7952
9200,2,-4,0.4,7971
9200,2,-3.5,0.4,7970
9200,2,-3,0.4,7969
9200,2,-2.5,0.4,7968
9200,2,-2,0.4,7967
9200,2,-1.5,0.4,7966
9200,2,-1,0.4,7965
9200,2,-0.5,0.2,7964
9200,2,0,0,7961
9200,2,0.3,0,7962
9200,2,0.5,0,7963
9200,2.5,-4,0.4,7982
9200,2.5,-3.5,0.4,7981
9200,2.5,-3,0.4,7980
9200,2.5,-2.5,0.4,7979
9200,2.5,-2,0.4,7978
9200,2.5,-1.5,0.4,7977
9200,2.5,-1,0.4,7976
9200,2.5,-0.5,0.2,7975
9200,2.5,0,0,7972
9200,2.5,0.3,0,7973
9200,2.5,0.5,0,7974
9200,3,-4,0.4,7993
9200,3,-3.5,0.4,7992
9200,3,-3,0.4,7991
9200,3,-2.5,0.4,7990
9200,3,-2,0.4,7989
9200,3,-1.5,0.4,7988
9200,3,-1,0.4,7987
9200,3,-0.5,0.2,7986
9200,3,0,0,7983
9200,3,0.3,0,7984
9200,3,0.5,0,7985
9200,3.5,-4,0.4,8004
9200,3.5,-3.5,0.4,8003
9200,3.5,-3,0.4,8002
9200,3.5,-2.5,0.4,8001
9200,3.5,-2,0.4,8000
9200,3.5,-1.5,0.4,7999
9200,3.5,-1,0.4,7998
9200,3.5,-0.5,0.2,7997
9200,3.5,0,0,7994
9200,3.5,0.3,0,7995
9200,3.5,0.5,0,7996
9200,4,-4,0.4,8022
9200,4,-3.5,0.4,8021
9200,4,-3,0.4,8020
9200,4,-2.5,0.4,8019
9200,4,-2,0.4,8018
9200,4,-1.5,0.2,8016
9200,4,-1,0.2,8013
9200,4,-0.5,0,8008
9200,4,0,0,8005
9200,4,0.3,0,8007
9200,4,0.5,0,8009
9200,4.5,-4,0.4,8035
9200,4.5,-3.5,0.4,8034
9200,4.5,-3,0.4,8033
9200,4.5,-2.5,0.4,8032
9200,4.5,-2,0.4,8031
9200,4.5,-1.5,0.4,8030
9200,4.5,-1,0.4,8028
9200,4.5,-0.5,0,8025
9200,4.5,0,0,8023
9200,4.5,0.3,0,8024
9200,4.5,0.5,0,8026
9200,5,-4,0.4,8046
9200,5,-3.5,0.4,8045
9200,5,-3,0.4,8044
9200,5,-2.5,0.4,8043
9200,5,-2,0.4,8042
9200,5,-1.5,0.4,8041
9200,5,-1,0.4,8040
9200,5,-0.5,0.2,8039
9200,5,0,0,8036
9200,5,0.3,0,8037
9200,5,0.5,0,8038
9400,0,-4,0.4,8057
9400,0,-3.5,0.4,8056
9400,0,-3,0.4,8055
9400,0,-2.5,0.4,8054
9400,0,-2,0.4,8053
9400,0,-1.5,0.4,8052
9400,0,-1,0.4,8051
9400,0,-0.5,0.2,8050
9400,0,0,0,8047
9400,0,0.3,0,8048
9400,0,0.5,0,8049
9400,0.5,-4,0.4,8068
9400,0.5,-3.5,0.4,8067
9400,0.5,-3,0.4,8066
9400,0.5,-2.5,0.4,8065
9400,0.5,-2,0.4,8064
9400,0.5,-1.5,0.4,8063
9400,0.5,-1,0.4,8062
9400,0.5,-0.5,0.2,8061
9400,0.5,0,0,8058
9400,0.5,0.3,0,8059
9400,0.5,0.5,0,8060
9400,1,-4,0.4,8079
9400,1,-3.5,0.4,8078
9400,1,-3,0.4,8077
9400,1,-2.5,0.4,8076
9400,1,-2,0.4,8075
9400,1,-1.5,0.4,8074
9400,1,-1,0.4,8073
9400,1,-0.5,0.2,8072
9400,1,0,0,8069
9400,1,0.3,0,8070
9400,1,0.5,0,8071
9400,1.5,-4,0.4,8090
9400,1.5,-3.5,0.4,8089
9400,1.5,-3,0.4,8088
9400,1.5,-2.5,0.4,8087
9400,1.5,-2,0.4,8086
9400,1.5,-1.5,0.4,8085
9400,1.5,-1,0.4,8084
9400,1.5,-0.5,0.2,8083
9400,1.5,0,0,8080
9400,1.5,0.3,0,8081
9400,1.5,0.5,0,8082
9400,2,-4,0.4,8101
9400,2,-3.5,0.4,8100
9400,2,-3,0.4,8099
9400,2,-2.5,0.4,8098
9400,2,-2,0.4,8097
9400,2,-1.5,0.4,8096
9400,2,-1,0.4,8095
9400,2,-0.5,0.2,8094
9400,2,0,0,8091
9400,2,0.3,0,8092
9400,2,0.5,0,8093
9400,2.5,-4,0.4,8112
9400,2.5,-3.5,0.4,8111
9400,2.5,-3,0.4,8110
9400,2.5,-2.5,0.4,8109
9400,2.5,-2,0.4,8108
9400,2.5,-1.5,0.4,8107
9400,2.5,-1,0.4,8106
9400,2.5,-0.5,0.2,8105
9400,2.5,0,0,8102
9400,2.5,0.3,0,8103
9400,2.5,0.5,0,8104
9400,3,-4,0.4,8123
9400,3,-3.5,0.4,8122
9400,3,-3,0.4,8121
9400,3,-2.5,0.4,8120
9400,3,-2,0.4,8119
9400,3,-1.5,0.4,8118
9400,3,-1,0.4,8117
9400,3,-0.5,0.2,8116
9400,3,0,0,8113
9400,3,0.3,0,8114
9400,3,0.5,0,8115
9400,3.5,-4,0.4,8134
9400,3.5,-3.5,0.4,8133
9400,3.5,-3,0.4,8132
9400,3.5,-2.5,0.4,8131
9400,3.5,-2,0.4,8130
9400,3.5,-1.5,0.4,8129
9400,3.5,-1,0.4,8128
9400,3.5,-0.5,0.2,8127
9400,3.5,0,0,8124
9400,3.5,0.3,0,8125
9400,3.5,0.5,0,8126
9400,4,-4,0.4,8146
9400,4,-3.5,0.4,8145
9400,4,-3,0.4,8144
9400,4,-2.5,0.4,8143
9400,4,-2,0.4,8142
9400,4,-1.5,0.4,8141
9400,4,-1,0.4,8140
9400,4,-0.5,0,8137
9400,4,0,0,8135
9400,4,0.3,0,8136
9400,4,0.5,0,8138
9400,4.5,-4,0.4,8158
9400,4.5,-3.5,0.4,8157
9400,4.5,-3,0.4,8156
9400,4.5,-2.5,0.4,8155
9400,4.5,-2,0.4,8154
9400,4.5,-1.5,0.4,8153
9400,4.5,-1,0.4,8152
9400,4.5,-0.5,0,8149
9400,4.5,0,0,8147
9400,4.5,0.3,0,8148
9400,4.5,0.5,0,8150
9400,5,-4,0.4,8169
9400,5,-3.5,0.4,8168
9400,5,-3,0.4,8167
9400,5,-2.5,0.4,8166
9400,5,-2,0.4,8165
9400,5,-1.5,0.4,8164
9400,5,-1,0.4,8163
9400,5,-0.5,0.2,8162
9400,5,0,0,8159
9400,5,0.3,0,8160
9400,5,0.5,0,8161
9600,0,-4,0.4,8180
9600,0,-3.5,0.4,8179
9600,0,-3,0.4,8178
9600,0,-2.5,0.4,8177
9600,0,-2,0.4,8176
9600,0,-1.5,0.4,8175
9600,0,-1,0.4,8174
9600,0,-0.5,0.2,8173
9600,0,0,0,8170
9600,0,0.3,0,8171
9600,0,0.5,0,8172
9600,0.5,-4,0.4,8191
9600,0.5,-3.5,0.4,8190
9600,0.5,-3,0.4,8189
9600,0.5,-2.5,0.4,8188
9600,0.5,-2,0.4,8187
9600,0.5,-1.5,0.4,8186
9600,0.5,-1,0.4,8185
9600,0.5,-0.5,0.2,8184
9600,0.5,0,0,8181
9600,0.5,0.3,0,8182
9600,0.5,0.5,0,8183
9600,1,-4,0.4,8202
9600,1,-3.5,0.4,8201
9600,1,-3,0.4,8200
9600,1,-2.5,0.4,8199
9600,1,-2,0.4,8198
9600,1,-1.5,0.4,8197
9600,1,-1,0.4,8196
9600,1,-0.5,0.2,8195
9600,1,0,0,8192
9600,1,0.3,0,8193
9600,1,0.5,0,8194
9600,1.5,-4,0.4,8213
9600,1.5,-3.5,0.4,8212
9600,1.5,-3,0.4,8211
9600,1.5,-2.5,0.4,8210
9600,1.5,-2,0.4,8209
9600,1.5,-1.5,0.4,8208
9600,1.5,-1,0.4,8207
9600,1.5,-0.5,0.2,8206
9600,1.5,0,0,8203
9600,1.5,0.3,0,8204
9600,1.5,0.5,0,8205
9600,2,-4,0.4,8224
9600,2,-3.5,0.4,8223
9600,2,-3,0.4,8222
9600,2,-2.5,0.4,8221
9600,2,-2,0.4,8220
9600,2,-1.5,0.4,8219
9600,2,-1,0.4,8218
9600,2,-0.5,0.2,8217
9600,2,0,0,8214
9600,2,0.3,0,8215
9600,2,0.5,0,8216
9600,2.5,-4,0.4,8235
9600,2.5,-3.5,0.4,8234
9600,2.5,-3,0.4,8233
9600,2.5,-2.5,0.4,8232
9600,2.5,-2,0.4,8231
9600,2.5,-1.5,0.4,8230
9600,2.5,-1,0.4,8229
9600,2.5,-0.5,0.2,8228
9600,2.5,0,0,8225
9600,2.5,0.3,0,8226
9600,2.5,0.5,0,8227
9600,3,-4,0.4,8246
9600,3,-3.5,0.4,8245
9600,3,-3,0.4,8244
9600,3,-2.5,0.4,8243
9600,3,-2,0.4,8242
9600,3,-1.5,0.4,8241
9600,3,-1,0.4,8240
9600,3,-0.5,0.2,8239
9600,3,0,0,8236
9600,3,0.3,0,8237
9600,3,0.5,0,8238
9600,3.5,-4,0.4,8257
9600,3.5,-3.5,0.4,8256
9600,3.5,-3,0.4,8255
9600,3.5,-2.5,0.4,8254
9600,3.5,-2,0.4,8253
9600,3.5,-1.5,0.4,8252
9600,3.5,-1,0.4,8251
9600,3.5,-0.5,0.2,8250
9600,3.5,0,0,8247
9600,3.5,0.3,0,8248
9600,3.5,0.5,0,8249
9600,4,-4,0.4,8276
9600,4,-3.5,0.4,8275
9600,4,-3,0.4,8274
9600,4,-2.5,0.4,8273
9600,4,-2,0.4,8272
9600,4,-1.5,0.2,8270
9600,4,-1,0.2,8267
9600,4,-0.5,0,8262
9600,4,0,0,8258
9600,4,0.3,0,8261
9600,4,0.5,0,8263
9600,4.5,-4,0.4,8289
9600,4.5,-3.5,0.4,8288
9600,4.5,-3,0.4,8287
9600,4.5,-2.5,0.4,8286
9600,4.5,-2,0.4,8285
9600,4.5,-1.5,0.4,8284
9600,4.5,-1,0.4,8282
9600,4.5,-0.5,0,8279
9600,4.5,0,0,8277
9600,4.5,0.3,0,8278
9600,4.5,0.5,0,8280
9600,5,-4,0.4,8300
9600,5,-3.5,0.4,8299
9600,5,-3,0.4,8298
9600,5,-2.5,0.4,8297
9600,5,-2,0.4,8296
9600,5,-1.5,0.4,8295
9600,5,-1,0.4,8294
9600,5,-0.5,0.2,8293
9600,5,0,0,8290
9600,5,0.3,0,8291
9600,5,0.5,0,8292
9800,0,-4,0.4,8311
9800,0,-3.5,0.4,8310
9800,0,-3,0.4,8309
9800,0,-2.5,0.4,8308
9800,0,-2,0.4,8307
9800,0,-1.5,0.4,8306
9800,0,-1,0.4,8305
9800,0,-0.5,0.2,8304
9800,0,0,0,8301
9800,0,0.3,0,8302
9800,0,0.5,0,8303
9800,0.5,-4,0.4,8322
9800,0.5,-3.5,0.4,8321
9800,0.5,-3,0.4,8320
9800,0.5,-2.5,0.4,8319
9800,0.5,-2,0.4,8318
9800,0.5,-1.5,0.4,8317
9800,0.5,-1,0.4,8316
9800,0.5,-0.5,0.2,8315
9800,0.5,0,0,8312
9800,0.5,0.3,0,8313
9800,0.5,0.5,0,8314
9800,1,-4,0.4,8333
9800,1,-3.5,0.4,8332
9800,1,-3,0.4,8331
9800,1,-2.5,0.4,8330
9800,1,-2,0.4,8329
9800,1,-1.5,0.4,8328
9800,1,-1,0.4,8327
9800,1,-0.5,0.2,8326
9800,1,0,0,8323
9800,1,0.3,0,8324
9800,1,0.5,0,8325
9800,1.5,-4,0.4,8344
9800,1.5,-3.5,0.4,8343
9800,1.5,-3,0.4,8342
9800,1.5,-2.5,0.4,8341
9800,1.5,-2,0.4,8340
9800,1.5,-1.5,0.4,8339
9800,1.5,-1,0.4,8338
9800,1.5,-0.5,0.2,8337
9800,1.5,0,0,8334
9800,1.5,0.3,0,8335
9800,1.5,0.5,0,8336
9800,2,-4,0.4,8355
9800,2,-3.5,0.4,8354
9800,2,-3,0.4,8353
9800,2,-2.5,0.4,8352
9800,2,-2,0.4,8351
9800,2,-1.5,0.4,8350
9800,2,-1,0.4,8349
9800,2,-0.5,0.2,8348
9800,2,0,0,8345
9800,2,0.3,0,8346
9800,2,0.5,0,8347
9800,2.5,-4,0.4,8366
9800,2.5,-3.5,0.4,8365
9800,2.5,-3,0.4,8364
9800,2.5,-2.5,0.4,8363
9800,2.5,-2,0.4,8362
9800,2.5,-1.5,0.4,8361
9800,2.5,-1,0.4,8360
9800,2.5,-0.5,0.2,8359
9800,2.5,0,0,8356
9800,2.5,0.3,0,8357
9800,2.5,0.5,0,8358
9800,3,-4,0.4,8377
9800,3,-3.5,0.4,8376
9800,3,-3,0.4,8375
9800,3,-2.5,0.4,8374
9800,3,-2,0.4,8373
9800,3,-1.5,0.4,8372
9800,3,-1,0.4,8371
9800,3,-0.5,0.2,8370
9800,3,0,0,8367
9800,3,0.3,0,8368
9800,3,0.5,0,8369
9800,3.5,-4,0.4,8388
9800,3.5,-3.5,0.4,8387
9800,3.5,-3,0.4,8386
9800,3.5,-2.5,0.4,8385
9800,3.5,-2,0.4,8384
9800,3.5,-1.5,0.4,8383
9800,3.5,-1,0.4,8382
9800,3.5,-0.5,0.2,8381
9800,3.5,0,0,8378
9800,3.5,0.3,0,8379
9800,3.5,0.5,0,8380
9800,4,-4,0.4,8400
9800,4,-3.5,0.4,8399
9800,4,-3,0.4,8398
9800,4,-2.5,0.4,8397
9800,4,-2,0.4,8396
9800,4,-1.5,0.4,8395
9800,4,-1,0.4,8394
9800,4,-0.5,0,8391
9800,4,0,0,8389
9800,4,0.3,0,8390
9800,4,0.5,0,8392
9800,4.5,-4,0.4,8412
9800,4.5,-3.5,0.4,8411
9800,4.5,-3,0.4,8410
9800,4.5,-2.5,0.4,8409
9800,4.5,-2,0.4,8408
9800,4.5,-1.5,0.4,8407
9800,4.5,-1,0.4,8406
9800,4.5,-0.5,0,8403
9800,4.5,0,0,8401
9800,4.5,0.3,0,8402
9800,4.5,0.5,0,8404
9800,5,-4,0.4,8423
9800,5,-3.5,0.4,8422
9800,5,-3,0.4,8421
9800,5,-2.5,0.4,8420
9800,5,-2,0.4,8419
9800,5,-1.5,0.4,8418
9800,5,-1,0.4,8417
9800,5,-0.5,0.2,8416
9800,5,0,0,8413
9800,5,0.3,0,8414
9800,5,0.5,0,8415
10000,0,-4,0.4,8434
10000,0,-3.5,0.4,8433
10000,0,-3,0.4,8432
10000,0,-2.5,0.4,8431
10000,0,-2,0.4,8430
10000,0,-1.5,0.4,8429
10000,0,-1,0.4,8428
10000,0,-0.5,0.2,8427
10000,0,0,0,8424
10000,0,0.3,0,8425
10000,0,0.5,0,8426
10000,0.5,-4,0.4,8445
10000,0.5,-3.5,0.4,8444
10000,0.5,-3,0.4,8443
10000,0.5,-2.5,0.4,8442
10000,0.5,-2,0.4,8441
10000,0.5,-1.5,0.4,8440
10000,0.5,-1,0.4,8439
10000,0.5,-0.5,0.2,8438
10000,0.5,0,0,8435
10000,0.5,0.3,0,8436
10000,0.5,0.5,0,8437
10000,1,-4,0.4,8456
10000,1,-3.5,0.4,8455
10000,1,-3,0.4,8454
10000,1,-2.5,0.4,8453
10000,1,-2,0.4,8452
10000,1,-1.5,0.4,8451
10000,1,-1,0.4,8450
10000,1,-0.5,0.2,8449
10000,1,0,0,8446
10000,1,0.3,0,8447
10000,1,0.5,0,8448
10000,1.5,-4,0.4,8467
10000,1.5,-3.5,0.4,8466
10000,1.5,-3,0.4,8465
10000,1.5,-2.5,0.4,8464
10000,1.5,-2,0.4,8463
10000,1.5,-1.5,0.4,8462
10000,1.5,-1,0.4,8461
10000,1.5,-0.5,0.2,8460
10000,1.5,0,0,8457
10000,1.5,0.3,0,8458
10000,1.5,0.5,0,8459
10000,2,-4,0.4,8478
10000,2,-3.5,0.4,8477
10000,2,-3,0.4,8476
10000,2,-2.5,0.4,8475
10000,2,-2,0.4,8474
10000,2,-1.5,0.4,8473
10000,2,-1,0.4,8472
10000,2,-0.5,0.2,8471
10000,2,0,0,8468
10000,2,0.3,0,8469
10000,2,0.5,0,8470
10000,2.5,-4,0.4,8489
10000,2.5,-3.5,0.4,8488
10000,2.5,-3,0.4,8487
10000,2.5,-2.5,0.4,8486
10000,2.5,-2,0.4,8485
10000,2.5,-1.5,0.4,8484
10000,2.5,-1,0.4,8483
10000,2.5,-0.5,0.2,8482
10000,2.5,0,0,8479
10000,2.5,0.3,0,8480
10000,2.5,0.5,0,8481
10000,3,-4,0.4,8500
10000,3,-3.5,0.4,8499
10000,3,-3,0.4,8498
10000,3,-2.5,0.4,8497
10000,3,-2,0.4,8496
10000,3,-1.5,0.4,8495
10000,3,-1,0.4,8494
10000,3,-0.5,0.2,8493
10000,3,0,0,8490
10000,3,0.3,0,8491
10000,3,0.5,0,8492
10000,3.5,-4,0.4,8511
10000,3.5,-3.5,0.4,8510
10000,3.5,-3,0.4,8509
10000,3.5,-2.5,0.4,8508
10000,3.5,-2,0.4,8507
10000,3.5,-1.5,0.4,8506
10000,3.5,-1,0.4,8505
10000,3.5,-0.5,0.2,8504
10000,3.5,0,0,8501
10000,3.5,0.3,0,8502
10000,3.5,0.5,0,8503
10000,4,-4,0.4,8530
10000,4,-3.5,0.4,8529
10000,4,-3,0.4,8528
10000,4,-2.5,0.4,8527
10000,4,-2,0.4,8526
10000,4,-1.5,0.2,8524
10000,4,-1,0.2,8521
10000,4,-0.5,0,8515
10000,4,0,0,8512
10000,4,0.3,0,8514
10000,4,0.5,0,8516
10000,4.5,-4,0.4,8543
10000,4.5,-3.5,0.4,8542
10000,4.5,-3,0.4,8541
10000,4.5,-2.5,0.4,8540
10000,4.5,-2,0.4,8539
10000,4.5,-1.5,0.4,8538
10000,4.5,-1,0.4,8536
10000,4.5,-0.5,0,8533
10000,4.5,0,0,8531
10000,4.5,0.3,0,8532
10000,4.5,0.5,0,8534
10000,5,-4,0.4,8554
10000,5,-3.5,0.4,8553
10000,5,-3,0.4,8552
10000,5,-2.5,0.4,8551
10000,5,-2,0.4,8550
10000,5,-1.5,0.4,8549
10000,5,-1,0.4,8548
10000,5,-0.5,0.2,8547
10000,5,0,0,8544
10000,5,0.3,0,8545
10000,5,0.5,0,8546
10200,0,-4,0.4,8565
10200,0,-3.5,0.4,8564
10200,0,-3,0.4,8563
10200,0,-2.5,0.4,8562
10200,0,-2,0.4,8561
10200,0,-1.5,0.4,8560
10200,0,-1,0.4,8559
10200,0,-0.5,0.2,8558
10200,0,0,0,8555
10200,0,0.3,0,8556
10200,0,0.5,0,8557
10200,0.5,-4,0.4,8576
10200,0.5,-3.5,0.4,8575
10200,0.5,-3,0.4,8574
10200,0.5,-2.5,0.4,8573
10200,0.5,-2,0.4,8572
10200,0.5,-1.5,0.4,8571
10200,0.5,-1,0.4,8570
10200,0.5,-0.5,0.2,8569
10200,0.5,0,0,8566
10200,0.5,0.3,0,8567
10200,0.5,0.5,0,8568
10200,1,-4,0.4,8587
10200,1,-3.5,0.4,8586
10200,1,-3,0.4,8585
10200,1,-2.5,0.4,8584
10200,1,-2,0.4,8583
10200,1,-1.5,0.4,8582
10200,1,-1,0.4,8581
10200,1,-0.5,0.2,8580
10200,1,0,0,8577
10200,1,0.3,0,8578
10200,1,0.5,0,8579
10200,1.5,-4,0.4,8598
10200,1.5,-3.5,0.4,8597
10200,1.5,-3,0.4,8596
10200,1.5,-2.5,0.4,8595
10200,1.5,-2,0.4,8594
10200,1.5,-1.5,0.4,8593
10200,1.5,-1,0.4,8592
10200,1.5,-0.5,0.2,8591
10200,1.5,0,0,8588
10200,1.5,0.3,0,8589
10200,1.5,0.5,0,8590
10200,2,-4,0.4,8609
10200,2,-3.5,0.4,8608
10200,2,-3,0.4,8607
10200,2,-2.5,0.4,8606
10200,2,-2,0.4,8605
10200,2,-1.5,0.4,8604
10200,2,-1,0.4,8603
10200,2,-0.5,0.2,8602
10200,2,0,0,8599
10200,2,0.3,0,8600
10200,2,0.5,0,8601
10200,2.5,-4,0.4,8620
10200,2.5,-3.5,0.4,8619
10200,2.5,-3,0.4,8618
10200,2.5,-2.5,0.4,8617
10200,2.5,-2,0.4,8616
10200,2.5,-1.5,0.4,8615
10200,2.5,-1,0.4,8614
10200,2.5,-0.5,0.2,8613
10200,2.5,0,0,8610
10200,2.5,0.3,0,8611
10200,2.5,0.5,0,8612
10200,3,-4,0.4,8631
10200,3,-3.5,0.4,8630
10200,3,-3,0.4,8629
10200,3,-2.5,0.4,8628
10200,3,-2,0.4,8627
10200,3,-1.5,0.4,8626
10200,3,-1,0.4,8625
10200,3,-0.5,0.2,8624
10200,3,0,0,8621
10200,3,0.3,0,8622
10200,3,0.5,0,8623
10200,3.5,-4,0.4,8642
10200,3.5,-3.5,0.4,8641
10200,3.5,-3,0.4,8640
10200,3.5,-2.5,0.4,8639
10200,3.5,-2,0.4,8638
10200,3.5,-1.5,0.4,8637
10200,3.5,-1,0.4,8636
10200,3.5,-0.5,0.2,8635
10200,3.5,0,0,8632
10200,3.5,0.3,0,8633
10200,3.5,0.5,0,8634
10200,4,-4,0.4,8654
10200,4,-3.5,0.4,8653
10200,4,-3,0.4,8652
10200,4,-2.5,0.4,8651
10200,4,-2,0.4,8650
10200,4,-1.5,0.4,8649
10200,4,-1,0.4,8648
10200,4,-0.5,0,8645
10200,4,0,0,8643
10200,4,0.3,0,8644
10200,4,0.5,0,8646
10200,4.5,-4,0.4,8666
10200,4.5,-3.5,0.4,8665
10200,4.5,-3,0.4,8664
10200,4.5,-2.5,0.4,8663
10200,4.5,-2,0.4,8662
10200,4.5,-1.5,0.4,8661
10200,4.5,-1,0.4,8660
10200,4.5,-0.5,0,8657
10200,4.5,0,0,8655
10200,4.5,0.3,0,8656
10200,4.5,0.5,0,8658
10400,0,-4,0.4,8677
10400,0,-3.5,0.4,8676
10400,0,-3,0.4,8675
10400,0,-2.5,0.4,8674
10400,0,-2,0.4,8673
10400,0,-1.5,0.4,8672
10400,0,-1,0.4,8671
10400,0,-0.5,0.2,8670
10400,0,0,0,8667
10400,0,0.3,0,8668
10400,0,0.5,0,8669
10400,0.5,-4,0.4,8688
10400,0.5,-3.5,0.4,8687
10400,0.5,-3,0.4,8686
10400,0.5,-2.5,0.4,8685
10400,0.5,-2,0.4,8684
10400,0.5,-1.5,0.4,8683
10400,0.5,-1,0.4,8682
10400,0.5,-0.5,0.2,8681
10400,0.5,0,0,8678
10400,0.5,0.3,0,8679
10400,0.5,0.5,0,8680
10400,1,-4,0.4,8699
10400,1,-3.5,0.4,8698
10400,1,-3,0.4,8697
10400,1,-2.5,0.4,8696
10400,1,-2,0.4,8695
10400,1,-1.5,0.4,8694
10400,1,-1,0.4,8693
10400,1,-0.5,0.2,8692
10400,1,0,0,8689
10400,1,0.3,0,8690
10400,1,0.5,0,8691
10400,1.5,-4,0.4,8710
10400,1.5,-3.5,0.4,8709
10400,1.5,-3,0.4,8708
10400,1.5,-2.5,0.4,8707
10400,1.5,-2,0.4,8706
10400,1.5,-1.5,0.4,8705
10400,1.5,-1,0.4,8704
10400,1.5,-0.5,0.2,8703
10400,1.5,0,0,8700
10400,1.5,0.3,0,8701
10400,1.5,0.5,0,8702
10400,2,-4,0.4,8721
10400,2,-3.5,0.4,8720
10400,2,-3,0.4,8719
10400,2,-2.5,0.4,8718
10400,2,-2,0.4,8717
10400,2,-1.5,0.4,8716
10400,2,-1,0.4,8715
10400,2,-0.5,0.2,8714
10400,2,0,0,8711
10400,2,0.3,0,8712
10400,2,0.5,0,8713
10400,2.5,-4,0.4,8732
10400,2.5,-3.5,0.4,8731
10400,2.5,-3,0.4,8730
10400,2.5,-2.5,0.4,8729
10400,2.5,-2,0.4,8728
10400,2.5,-1.5,0.4,8727
10400,2.5,-1,0.4,8726
10400,2.5,-0.5,0.2,8725
10400,2.5,0,0,8722
10400,2.5,0.3,0,8723
10400,2.5,0.5,0,8724
10400,3,-4,0.4,8743
10400,3,-3.5,0.4,8742
10400,3,-3,0.4,8741
10400,3,-2.5,0.4,8740
10400,3,-2,0.4,8739
10400,3,-1.5,0.4,8738
10400,3,-1,0.4,8737
10400,3,-0.5,0.2,8736
10400,3,0,0,8733
10400,3,0.3,0,8734
10400,3,0.5,0,8735
10400,3.5,-4,0.4,8754
10400,3.5,-3.5,0.4,8753
10400,3.5,-3,0.4,8752
10400,3.5,-2.5,0.4,8751
10400,3.5,-2,0.4,8750
10400,3.5,-1.5,0.4,8749
10400,3.5,-1,0.4,8748
10400,3.5,-0.5,0.2,8747
10400,3.5,0,0,8744
10400,3.5,0.3,0,8745
10400,3.5,0.5,0,8746
10400,4,-4,0.4,8773
10400,4,-3.5,0.4,8772
10400,4,-3,0.4,8771
10400,4,-2.5,0.4,8770
10400,4,-2,0.4,8769
10400,4,-1.5,0.2,8767
10400,4,-1,0.2,8764
10400,4,-0.5,0,8759
10400,4,0,0,8755
10400,4,0.3,0,8758
10400,4,0.5,0,8760
10400,4.5,-4,0.4,8786
10400,4.5,-3.5,0.4,8785
10400,4.5,-3,0.4,8784
10400,4.5,-2.5,0.4,8783
10400,4.5,-2,0.4,8782
10400,4.5,-1.5,0.4,8781
10400,4.5,-1,0.4,8779
10400,4.5,-0.5,0,8776
10400,4.5,0,0,8774
10400,4.5,0.3,0,8775
10400,4.5,0.5,0,8777
10600,0,-4,0.4,8797
10600,0,-3.5,0.4,8796
10600,0,-3,0.4,8795
10600,0,-2.5,0.4,8794
10600,0,-2,0.4,8793
10600,0,-1.5,0.4,8792
10600,0,-1,0.4,8791
10600,0,-0.5,0.2,8790
10600,0,0,0,8787
10600,0,0.3,0,8788
10600,0,0.5,0,8789
10600,0.5,-4,0.4,8808
10600,0.5,-3.5,0.4,8807
10600,0.5,-3,0.4,8806
10600,0.5,-2.5,0.4,8805
10600,0.5,-2,0.4,8804
10600,0.5,-1.5,0.4,8803
10600,0.5,-1,0.4,8802
10600,0.5,-0.5,0.2,8801
10600,0.5,0,0,8798
10600,0.5,0.3,0,8799
10600,0.5,0.5,0,8800
10600,1,-4,0.4,8819
10600,1,-3.5,0.4,8818
10600,1,-3,0.4,8817
10600,1,-2.5,0.4,8816
10600,1,-2,0.4,8815
10600,1,-1.5,0.4,8814
10600,1,-1,0.4,8813
10600,1,-0.5,0.2,8812
10600,1,0,0,8809
10600,1,0.3,0,8810
10600,1,0.5,0,8811
10600,1.5,-4,0.4,8830
10600,1.5,-3.5,0.4,8829
10600,1.5,-3,0.4,8828
10600,1.5,-2.5,0.4,8827
10600,1.5,-2,0.4,8826
10600,1.5,-1.5,0.4,8825
10600,1.5,-1,0.4,8824
10600,1.5,-0.5,0.2,8823
10600,1.5,0,0,8820
10600,1.5,0.3,0,8821
10600,1.5,0.5,0,8822
10600,2,-4,0.4,8841
10600,2,-3.5,0.4,8840
10600,2,-3,0.4,8839
10600,2,-2.5,0.4,8838
10600,2,-2,0.4,8837
10600,2,-1.5,0.4,8836
10600,2,-1,0.4,8835
10600,2,-0.5,0.2,8834
10600,2,0,0,8831
10600,2,0.3,0,8832
10600,2,0.5,0,8833
10600,2.5,-4,0.4,8852
10600,2.5,-3.5,0.4,8851
10600,2.5,-3,0.4,8850
10600,2.5,-2.5,0.4,8849
10600,2.5,-2,0.4,8848
10600,2.5,-1.5,0.4,8847
10600,2.5,-1,0.4,8846
10600,2.5,-0.5,0.2,8845
10600,2.5,0,0,8842
10600,2.5,0.3,0,8843
10600,2.5,0.5,0,8844
10600,3,-4,0.4,8863
10600,3,-3.5,0.4,8862
10600,3,-3,0.4,8861
10600,3,-2.5,0.4,8860
10600,3,-2,0.4,8859
10600,3,-1.5,0.4,8858
10600,3,-1,0.4,8857
10600,3,-0.5,0.2,8856
10600,3,0,0,8853
10600,3,0.3,0,8854
10600,3,0.5,0,8855
10600,3.5,-4,0.4,8874
10600,3.5,-3.5,0.4,8873
10600,3.5,-3,0.4,8872
10600,3.5,-2.5,0.4,8871
10600,3.5,-2,0.4,8870
10600,3.5,-1.5,0.4,8869
10600,3.5,-1,0.4,8868
10600,3.5,-0.5,0.2,8867
10600,3.5,0,0,8864
10600,3.5,0.3,0,8865
10600,3.5,0.5,0,8866
10600,4,-4,0.4,8886
10600,4,-3.5,0.4,8885
10600,4,-3,0.4,8884
10600,4,-2.5,0.4,8883
10600,4,-2,0.4,8882
10600,4,-1.5,0.4,8881
10600,4,-1,0.4,8880
10600,4,-0.5,0,8877
10600,4,0,0,8875
10600,4,0.3,0,8876
10600,4,0.5,0,8878
10600,4.5,-4,0.4,8898
10600,4.5,-3.5,0.4,8897
10600,4.5,-3,0.4,8896
10600,4.5,-2.5,0.4,8895
10600,4.5,-2,0.4,8894
10600,4.5,-1.5,0.4,8893
10600,4.5,-1,0.4,8892
10600,4.5,-0.5,0,8889
10600,4.5,0,0,8887
10600,4.5,0.3,0,8888
10600,4.5,0.5,0,8890
10800,0,-4,0.4,8909
10800,0,-3.5,0.4,8908
10800,0,-3,0.4,8907
10800,0,-2.5,0.4,8906
10800,0,-2,0.4,8905
10800,0,-1.5,0.4,8904
10800,0,-1,0.4,8903
10800,0,-0.5,0.2,8902
10800,0,0,0,8899
10800,0,0.3,0,8900
10800,0,0.5,0,8901
10800,0.5,-4,0.4,8920
10800,0.5,-3.5,0.4,8919
10800,0.5,-3,0.4,8918
10800,0.5,-2.5,0.4,8917
10800,0.5,-2,0.4,8916
10800,0.5,-1.5,0.4,8915
10800,0.5,-1,0.4,8914
10800,0.5,-0.5,0.2,8913
10800,0.5,0,0,8910
10800,0.5,0.3,0,8911
10800,0.5,0.5,0,8912
10800,1,-4,0.4,8931
10800,1,-3.5,0.4,8930
10800,1,-3,0.4,8929
10800,1,-2.5,0.4,8928
10800,1,-2,0.4,8927
10800,1,-1.5,0.4,8926
10800,1,-1,0.4,8925
10800,1,-0.5,0.2,8924
10800,1,0,0,8921
10800,1,0.3,0,8922
10800,1,0.5,0,8923
10800,1.5,-4,0.4,8942
10800,1.5,-3.5,0.4,8941
10800,1.5,-3,0.4,8940
10800,1.5,-2.5,0.4,8939
10800,1.5,-2,0.4,8938
10800,1.5,-1.5,0.4,8937
10800,1.5,-1,0.4,8936
10800,1.5,-0.5,0.2,8935
10800,1.5,0,0,8932
10800,1.5,0.3,0,8933
10800,1.5,0.5,0,8934
10800,2,-4,0.4,8953
10800,2,-3.5,0.4,8952
10800,2,-3,0.4,8951
10800,2,-2.5,0.4,8950
10800,2,-2,0.4,8949
10800,2,-1.5,0.4,8948
10800,2,-1,0.4,8947
10800,2,-0.5,0.2,8946
10800,2,0,0,8943
10800,2,0.3,0,8944
10800,2,0.5,0,8945
10800,2.5,-4,0.4,8964
10800,2.5,-3.5,0.4,8963
10800,2.5,-3,0.4,8962
10800,2.5,-2.5,0.4,8961
10800,2.5,-2,0.4,8960
10800,2.5,-1.5,0.4,8959
10800,2.5,-1,0.4,8958
10800,2.5,-0.5,0.2,8957
10800,2.5,0,0,8954
10800,2.5,0.3,0,8955
10800,2.5,0.5,0,8956
10800,3,-4,0.4,8975
10800,3,-3.5,0.4,8974
10800,3,-3,0.4,8973
10800,3,-2.5,0.4,8972
10800,3,-2,0.4,8971
10800,3,-1.5,0.4,8970
10800,3,-1,0.4,8969
10800,3,-0.5,0.2,8968
10800,3,0,0,8965
10800,3,0.3,0,8966
10800,3,0.5,0,8967
10800,3.5,-4,0.4,8986
10800,3.5,-3.5,0.4,8985
10800,3.5,-3,0.4,8984
10800,3.5,-2.5,0.4,8983
10800,3.5,-2,0.4,8982
10800,3.5,-1.5,0.4,8981
10800,3.5,-1,0.4,8980
10800,3.5,-0.5,0.2,8979
10800,3.5,0,0,8976
10800,3.5,0.3,0,8977
10800,3.5,0.5,0,8978
10800,4,-4,0.4,9004
10800,4,-3.5,0.4,9003
10800,4,-3,0.4,9002
10800,4,-2.5,0.4,9001
10800,4,-2,0.4,9000
10800,4,-1.5,0.2,8998
10800,4,-1,0.2,8995
10800,4,-0.5,0,8990
10800,4,0,0,8987
10800,4,0.3,0,8989
10800,4,0.5,0,8991
10800,4.5,-4,0.4,9017
10800,4.5,-3.5,0.4,9016
10800,4.5,-3,0.4,9015
10800,4.5,-2.5,0.4,9014
10800,4.5,-2,0.4,9013
10800,4.5,-1.5,0.4,9012
10800,4.5,-1,0.4,9010
10800,4.5,-0.5,0,9007
10800,4.5,0,0,9005
10800,4.5,0.3,0,9006
10800,4.5,0.5,0,9008
11000,0,-4,0.4,9028
11000,0,-3.5,0.4,9027
11000,0,-3,0.4,9026
11000,0,-2.5,0.4,9025
11000,0,-2,0.4,9024
11000,0,-1.5,0.4,9023
11000,0,-1,0.4,9022
11000,0,-0.5,0.2,9021
11000,0,0,0,9018
11000,0,0.3,0,9019
11000,0,0.5,0,9020
11000,0.5,-4,0.4,9039
11000,0.5,-3.5,0.4,9038
11000,0.5,-3,0.4,9037
11000,0.5,-2.5,0.4,9036
11000,0.5,-2,0.4,9035
11000,0.5,-1.5,0.4,9034
11000,0.5,-1,0.4,9033
11000,0.5,-0.5,0.2,9032
11000,0.5,0,0,9029
11000,0.5,0.3,0,9030
11000,0.5,0.5,0,9031
11000,1,-4,0.4,9050
11000,1,-3.5,0.4,9049
11000,1,-3,0.4,9048
11000,1,-2.5,0.4,9047
11000,1,-2,0.4,9046
11000,1,-1.5,0.4,9045
11000,1,-1,0.4,9044
11000,1,-0.5,0.2,9043
11000,1,0,0,9040
11000,1,0.3,0,9041
11000,1,0.5,0,9042
11000,1.5,-4,0.4,9061
11000,1.5,-3.5,0.4,9060
11000,1.5,-3,0.4,9059
11000,1.5,-2.5,0.4,9058
11000,1.5,-2,0.4,9057
11000,1.5,-1.5,0.4,9056
11000,1.5,-1,0.4,9055
11000,1.5,-0.5,0.2,9054
11000,1.5,0,0,9051
11000,1.5,0.3,0,9052
11000,1.5,0.5,0,9053
11000,2,-4,0.4,9072
11000,2,-3.5,0.4,9071
11000,2,-3,0.4,9070
11000,2,-2.5,0.4,9069
11000,2,-2,0.4,9068
11000,2,-1.5,0.4,9067
11000,2,-1,0.4,9066
11000,2,-0.5,0.2,9065
11000,2,0,0,9062
11000,2,0.3,0,9063
11000,2,0.5,0,9064
11000,2.5,-4,0.4,9083
11000,2.5,-3.5,0.4,9082
11000,2.5,-3,0.4,9081
11000,2.5,-2.5,0.4,9080
11000,2.5,-2,0.4,9079
11000,2.5,-1.5,0.4,9078
11000,2.5,-1,0.4,9077
11000,2.5,-0.5,0.2,9076
11000,2.5,0,0,9073
11000,2.5,0.3,0,9074
11000,2.5,0.5,0,9075
11000,3,-4,0.4,9094
11000,3,-3.5,0.4,9093
11000,3,-3,0.4,9092
11000,3,-2.5,0.4,9091
11000,3,-2,0.4,9090
11000,3,-1.5,0.4,9089
11000,3,-1,0.4,9088
11000,3,-0.5,0.2,9087
11000,3,0,0,9084
11000,3,0.3,0,9085
11000,3,0.5,0,9086
11000,3.5,-4,0.4,9105
11000,3.5,-3.5,0.4,9104
11000,3.5,-3,0.4,9103
11000,3.5,-2.5,0.4,9102
11000,3.5,-2,0.4,9101
11000,3.5,-1.5,0.4,9100
11000,3.5,-1,0.4,9099
11000,3.5,-0.5,0.2,9098
11000,3.5,0,0,9095
11000,3.5,0.3,0,9096
11000,3.5,0.5,0,9097
11000,4,-4,0.4,9117
11000,4,-3.5,0.4,9116
11000,4,-3,0.4,9115
11000,4,-2.5,0.4,9114
11000,4,-2,0.4,9113
11000,4,-1.5,0.4,9112
11000,4,-1,0.4,9111
11000,4,-0.5,0,9108
11000,4,0,0,9106
11000,4,0.3,0,9107
11000,4,0.5,0,9109
11000,4.5,-4,0.4,9129
11000,4.5,-3.5,0.4,9128
11000,4.5,-3,0.4,9127
11000,4.5,-2.5,0.4,9126
11000,4.5,-2,0.4,9125
11000,4.5,-1.5,0.4,9124
11000,4.5,-1,0.4,9123
11000,4.5,-0.5,0,9120
11000,4.5,0,0,9118
11000,4.5,0.3,0,9119
11000,4.5,0.5,0,9121
11200,0,-4,0.4,9140
11200,0,-3.5,0.4,9139
11200,0,-3,0.4,9138
11200,0,-2.5,0.4,9137
11200,0,-2,0.4,9136
11200,0,-1.5,0.4,9135
11200,0,-1,0.4,9134
11200,0,-0.5,0.2,9133
11200,0,0,0,9130
11200,0,0.3,0,9131
11200,0,0.5,0,9132
11200,0.5,-4,0.4,9151
11200,0.5,-3.5,0.4,9150
11200,0.5,-3,0.4,9149
11200,0.5,-2.5,0.4,9148
11200,0.5,-2,0.4,9147
11200,0.5,-1.5,0.4,9146
11200,0.5,-1,0.4,9145
11200,0.5,-0.5,0.2,9144
11200,0.5,0,0,9141
11200,0.5,0.3,0,9142
11200,0.5,0.5,0,9143
11200,1,-4,0.4,9162
11200,1,-3.5,0.4,9161
11200,1,-3,0.4,9160
11200,1,-2.5,0.4,9159
11200,1,-2,0.4,9158
11200,1,-1.5,0.4,9157
11200,1,-1,0.4,9156
11200,1,-0.5,0.2,9155
11200,1,0,0,9152
11200,1,0.3,0,9153
11200,1,0.5,0,9154
11200,1.5,-4,0.4,9173
11200,1.5,-3.5,0.4,9172
11200,1.5,-3,0.4,9171
11200,1.5,-2.5,0.4,9170
11200,1.5,-2,0.4,9169
11200,1.5,-1.5,0.4,9168
11200,1.5,-1,0.4,9167
11200,1.5,-0.5,0.2,9166
11200,1.5,0,0,9163
11200,1.5,0.3,0,9164
11200,1.5,0.5,0,9165
11200,2,-4,0.4,9184
11200,2,-3.5,0.4,9183
11200,2,-3,0.4,9182
11200,2,-2.5,0.4,9181
11200,2,-2,0.4,9180
11200,2,-1.5,0.4,9179
11200,2,-1,0.4,9178
11200,2,-0.5,0.2,9177
11200,2,0,0,9174
11200,2,0.3,0,9175
11200,2,0.5,0,9176
11200,2.5,-4,0.4,9195
11200,2.5,-3.5,0.4,9194
11200,2.5,-3,0.4,9193
11200,2.5,-2.5,0.4,9192
11200,2.5,-2,0.4,9191
11200,2.5,-1.5,0.4,9190
11200,2.5,-1,0.4,9189
11200,2.5,-0.5,0.2,9188
11200,2.5,0,0,9185
11200,2.5,0.3,0,9186
11200,2.5,0.5,0,9187
11200,3,-4,0.4,9206
11200,3,-3.5,0.4,9205
11200,3,-3,0.4,9204
11200,3,-2.5,0.4,9203
11200,3,-2,0.4,9202
11200,3,-1.5,0.4,9201
11200,3,-1,0.4,9200
11200,3,-0.5,0.2,9199
11200,3,0,0,9196
11200,3,0.3,0,9197
11200,3,0.5,0,9198
11200,3.5,-4,0.4,9217
11200,3.5,-3.5,0.4,9216
11200,3.5,-3,0.4,9215
11200,3.5,-2.5,0.4,9214
11200,3.5,-2,0.4,9213
11200,3.5,-1.5,0.4,9212
11200,3.5,-1,0.4,9211
11200,3.5,-0.5,0.2,9210
11200,3.5,0,0,9207
11200,3.5,0.3,0,9208
11200,3.5,0.5,0,9209
11200,4,-4,0.4,9236
11200,4,-3.5,0.4,9235
11200,4,-3,0.4,9234
11200,4,-2.5,0.4,9233
11200,4,-2,0.4,9232
11200,4,-1.5,0.2,9230
11200,4,-1,0.2,9227
11200,4,-0.5,0,9222
11200,4,0,0,9218
11200,4,0.3,0,9221
11200,4,0.5,0,9223
11200,4.5,-4,0.4,9249
11200,4.5,-3.5,0.4,9248
11200,4.5,-3,0.4,9247
11200,4.5,-2.5,0.4,9246
11200,4.5,-2,0.4,9245
11200,4.5,-1.5,0.4,9244
11200,4.5,-1,0.4,9242
11200,4.5,-0.5,0,9239
11200,4.5,0,0,9237
11200,4.5,0.3,0,9238
11200,4.5,0.5,0,9240
11400,0,-4,0.4,9260
11400,0,-3.5,0.4,9259
11400,0,-3,0.4,9258
11400,0,-2.5,0.4,9257
11400,0,-2,0.4,9256
11400,0,-1.5,0.4,9255
11400,0,-1,0.4,9254
11400,0,-0.5,0.2,9253
11400,0,0,0,9250
11400,0,0.3,0,9251
11400,0,0.5,0,9252
11400,0.5,-4,0.4,9271
11400,0.5,-3.5,0.4,9270
11400,0.5,-3,0.4,9269
11400,0.5,-2.5,0.4,9268
11400,0.5,-2,0.4,9267
11400,0.5,-1.5,0.4,9266
11400,0.5,-1,0.4,9265
11400,0.5,-0.5,0.2,9264
11400,0.5,0,0,9261
11400,0.5,0.3,0,9262
11400,0.5,0.5,0,9263
11400,1,-4,0.4,9282
11400,1,-3.5,0.4,9281
11400,1,-3,0.4,9280
11400,1,-2.5,0.4,9279
11400,1,-2,0.4,9278
11400,1,-1.5,0.4,9277
11400,1,-1,0.4,9276
11400,1,-0.5,0.2,9275
11400,1,0,0,9272
11400,1,0.3,0,9273
11400,1,0.5,0,9274
11400,1.5,-4,0.4,9293
11400,1.5,-3.5,0.4,9292
11400,1.5,-3,0.4,9291
11400,1.5,-2.5,0.4,9290
11400,1.5,-2,0.4,9289
11400,1.5,-1.5,0.4,9288
11400,1.5,-1,0.4,9287
11400,1.5,-0.5,0.2,9286
11400,1.5,0,0,9283
11400,1.5,0.3,0,9284
11400,1.5,0.5,0,9285
11400,2,-4,0.4,9304
11400,2,-3.5,0.4,9303
11400,2,-3,0.4,9302
11400,2,-2.5,0.4,9301
11400,2,-2,0.4,9300
11400,2,-1.5,0.4,9299
11400,2,-1,0.4,9298
11400,2,-0.5,0.2,9297
11400,2,0,0,9294
11400,2,0.3,0,9295
11400,2,0.5,0,9296
11400,2.5,-4,0.4,9315
11400,2.5,-3.5,0.4,9314
11400,2.5,-3,0.4,9313
11400,2.5,-2.5,0.4,9312
11400,2.5,-2,0.4,9311
11400,2.5,-1.5,0.4,9310
11400,2.5,-1,0.4,9309
11400,2.5,-0.5,0.2,9308
11400,2.5,0,0,9305
11400,2.5,0.3,0,9306
11400,2.5,0.5,0,9307
11400,3,-4,0.4,9326
11400,3,-3.5,0.4,9325
11400,3,-3,0.4,9324
11400,3,-2.5,0.4,9323
11400,3,-2,0.4,9322
11400,3,-1.5,0.4,9321
11400,3,-1,0.4,9320
11400,3,-0.5,0.2,9319
11400,3,0,0,9316
11400,3,0.3,0,9317
11400,3,0.5,0,9318
11400,3.5,-4,0.4,9337
11400,3.5,-3.5,0.4,9336
11400,3.5,-3,0.4,9335
11400,3.5,-2.5,0.4,9334
11400,3.5,-2,0.4,9333
11400,3.5,-1.5,0.4,9332
11400,3.5,-1,0.4,9331
11400,3.5,-0.5,0.2,9330
11400,3.5,0,0,9327
11400,3.5,0.3,0,9328
11400,3.5,0.5,0,9329
11400,4,-4,0.4,9349
11400,4,-3.5,0.4,9348
11400,4,-3,0.4,9347
11400,4,-2.5,0.4,9346
11400,4,-2,0.4,9345
11400,4,-1.5,0.4,9344
11400,4,-1,0.4,9343
11400,4,-0.5,0,9340
11400,4,0,0,9338
11400,4,0.3,0,9339
11400,4,0.5,0,9341
11400,4.5,-4,0.4,9361
11400,4.5,-3.5,0.4,9360
11400,4.5,-3,0.4,9359
11400,4.5,-2.5,0.4,9358
11400,4.5,-2,0.4,9357
11400,4.5,-1.5,0.4,9356
11400,4.5,-1,0.4,9355
11400,4.5,-0.5,0,9352
11400,4.5,0,0,9350
11400,4.5,0.3,0,9351
11400,4.5,0.5,0,9353
11600,0,-4,0.4,9372
11600,0,-3.5,0.4,9371
11600,0,-3,0.4,9370
11600,0,-2.5,0.4,9369
11600,0,-2,0.4,9368
11600,0,-1.5,0.4,9367
11600,0,-1,0.4,9366
11600,0,-0.5,0.2,9365
11600,0,0,0,9362
11600,0,0.3,0,9363
11600,0,0.5,0,9364
11600,0.5,-4,0.4,9383
11600,0.5,-3.5,0.4,9382
11600,0.5,-3,0.4,9381
11600,0.5,-2.5,0.4,9380
11600,0.5,-2,0.4,9379
11600,0.5,-1.5,0.4,9378
11600,0.5,-1,0.4,9377
11600,0.5,-0.5,0.2,9376
11600,0.5,0,0,9373
11600,0.5,0.3,0,9374
11600,0.5,0.5,0,9375
11600,1,-4,0.4,9394
11600,1,-3.5,0.4,9393
11600,1,-3,0.4,9392
11600,1,-2.5,0.4,9391
11600,1,-2,0.4,9390
11600,1,-1.5,0.4,9389
11600,1,-1,0.4,9388
11600,1,-0.5,0.2,9387
11600,1,0,0,9384
11600,1,0.3,0,9385
11600,1,0.5,0,9386
11600,1.5,-4,0.4,9405
11600,1.5,-3.5,0.4,9404
11600,1.5,-3,0.4,9403
11600,1.5,-2.5,0.4,9402
11600,1.5,-2,0.4,9401
11600,1.5,-1.5,0.4,9400
11600,1.5,-1,0.4,9399
11600,1.5,-0.5,0.2,9398
11600,1.5,0,0,9395
11600,1.5,0.3,0,9396
11600,1.5,0.5,0,9397
11600,2,-4,0.4,9416
11600,2,-3.5,0.4,9415
11600,2,-3,0.4,9414
11600,2,-2.5,0.4,9413
11600,2,-2,0.4,9412
11600,2,-1.5,0.4,9411
11600,2,-1,0.4,9410
11600,2,-0.5,0.2,9409
11600,2,0,0,9406
11600,2,0.3,0,9407
11600,2,0.5,0,9408
11600,2.5,-4,0.4,9427
11600,2.5,-3.5,0.4,9426
11600,2.5,-3,0.4,9425
11600,2.5,-2.5,0.4,9424
11600,2.5,-2,0.4,9423
11600,2.5,-1.5,0.4,9422
11600,2.5,-1,0.4,9421
11600,2.5,-0.5,0.2,9420
11600,2.5,0,0,9417
11600,2.5,0.3,0,9418
11600,2.5,0.5,0,9419
11600,3,-4,0.4,9438
11600,3,-3.5,0.4,9437
11600,3,-3,0.4,9436
11600,3,-2.5,0.4,9435
11600,3,-2,0.4,9434
11600,3,-1.5,0.4,9433
11600,3,-1,0.4,9432
11600,3,-0.5,0.2,9431
11600,3,0,0,9428
11600,3,0.3,0,9429
11600,3,0.5,0,9430
11600,3.5,-4,0.4,9449
11600,3.5,-3.5,0.4,9448
11600,3.5,-3,0.4,9447
11600,3.5,-2.5,0.4,9446
11600,3.5,-2,0.4,9445
11600,3.5,-1.5,0.4,9444
11600,3.5,-1,0.4,9443
11600,3.5,-0.5,0.2,9442
11600,3.5,0,0,9439
11600,3.5,0.3,0,9440
11600,3.5,0.5,0,9441
11600,4,-4,0.4,9467
11600,4,-3.5,0.4,9466
11600,4,-3,0.4,9465
11600,4,-2.5,0.4,9464
11600,4,-2,0.4,9463
11600,4,-1.5,0.2,9461
11600,4,-1,0.2,9458
11600,4,-0.5,0,9453
11600,4,0,0,9450
11600,4,0.3,0,9452
11600,4,0.5,0,9454
11600,4.5,-4,0.4,9480
11600,4.5,-3.5,0.4,9479
11600,4.5,-3,0.4,9478
11600,4.5,-2.5,0.4,9477
11600,4.5,-2,0.4,9476
11600,4.5,-1.5,0.4,9475
11600,4.5,-1,0.4,9473
11600,4.5,-0.5,0,9470
11600,4.5,0,0,9468
11600,4.5,0.3,0,9469
11600,4.5,0.5,0,9471
11800,0,-4,0.4,9491
11800,0,-3.5,0.4,9490
11800,0,-3,0.4,9489
11800,0,-2.5,0.4,9488
11800,0,-2,0.4,9487
11800,0,-1.5,0.4,9486
11800,0,-1,0.4,9485
11800,0,-0.5,0.2,9484
11800,0,0,0,9481
11800,0,0.3,0,9482
11800,0,0.5,0,9483
11800,0.5,-4,0.4,9502
11800,0.5,-3.5,0.4,9501
11800,0.5,-3,0.4,9500
11800,0.5,-2.5,0.4,9499
11800,0.5,-2,0.4,9498
11800,0.5,-1.5,0.4,9497
11800,0.5,-1,0.4,9496
11800,0.5,-0.5,0.2,9495
11800,0.5,0,0,9492
11800,0.5,0.3,0,9493
11800,0.5,0.5,0,9494
11800,1,-4,0.4,9513
11800,1,-3.5,0.4,9512
11800,1,-3,0.4,9511
11800,1,-2.5,0.4,9510
11800,1,-2,0.4,9509
11800,1,-1.5,0.4,9508
11800,1,-1,0.4,9507
11800,1,-0.5,0.2,9506
11800,1,0,0,9503
11800,1,0.3,0,9504
11800,1,0.5,0,9505
11800,1.5,-4,0.4,9524
11800,1.5,-3.5,0.4,9523
11800,1.5,-3,0.4,9522
11800,1.5,-2.5,0.4,9521
11800,1.5,-2,0.4,9520
11800,1.5,-1.5,0.4,9519
11800,1.5,-1,0.4,9518
11800,1.5,-0.5,0.2,9517
11800,1.5,0,0,9514
11800,1.5,0.3,0,9515
11800,1.5,0.5,0,9516
11800,2,-4,0.4,9535
11800,2,-3.5,0.4,9534
11800,2,-3,0.4,9533
11800,2,-2.5,0.4,9532
11800,2,-2,0.4,9531
11800,2,-1.5,0.4,9530
11800,2,-1,0.4,9529
11800,2,-0.5,0.2,9528
11800,2,0,0,9525
11800,2,0.3,0,9526
11800,2,0.5,0,9527
11800,2.5,-4,0.4,9546
11800,2.5,-3.5,0.4,9545
11800,2.5,-3,0.4,9544
11800,2.5,-2.5,0.4,9543
11800,2.5,-2,0.4,9542
11800,2.5,-1.5,0.4,9541
11800,2.5,-1,0.4,9540
11800,2.5,-0.5,0.2,9539
11800,2.5,0,0,9536
11800,2.5,0.3,0,9537
11800,2.5,0.5,0,9538
11800,3,-4,0.4,9557
11800,3,-3.5,0.4,9556
11800,3,-3,0.4,9555
11800,3,-2.5,0.4,9554
11800,3,-2,0.4,9553
11800,3,-1.5,0.4,9552
11800,3,-1,0.4,9551
11800,3,-0.5,0.2,9550
11800,3,0,0,9547
11800,3,0.3,0,9548
11800,3,0.5,0,9549
11800,3.5,-4,0.4,9568
11800,3.5,-3.5,0.4,9567
11800,3.5,-3,0.4,9566
11800,3.5,-2.5,0.4,9565
11800,3.5,-2,0.4,9564
11800,3.5,-1.5,0.4,9563
11800,3.5,-1,0.4,9562
11800,3.5,-0.5,0.2,9561
11800,3.5,0,0,9558
11800,3.5,0.3,0,9559
11800,3.5,0.5,0,9560
11800,4,-4,0.4,9580
11800,4,-3.5,0.4,9579
11800,4,-3,0.4,9578
11800,4,-2.5,0.4,9577
11800,4,-2,0.4,9576
11800,4,-1.5,0.4,9575
11800,4,-1,0.4,9574
11800,4,-0.5,0,9571
11800,4,0,0,9569
11800,4,0.3,0,9570
11800,4,0.5,0,9572
11800,4.5,-4,0.4,9592
11800,4.5,-3.5,0.4,9591
11800,4.5,-3,0.4,9590
11800,4.5,-2.5,0.4,9589
11800,4.5,-2,0.4,9588
11800,4.5,-1.5,0.4,9587
11800,4.5,-1,0.4,9586
11800,4.5,-0.5,0,9583
11800,4.5,0,0,9581
11800,4.5,0.3,0,9582
11800,4.5,0.5,0,9584
12000,0,-4,0.4,9603
12000,0,-3.5,0.4,9602
12000,0,-3,0.4,9601
12000,0,-2.5,0.4,9600
12000,0,-2,0.4,9599
12000,0,-1.5,0.4,9598
12000,0,-1,0.4,9597
12000,0,-0.5,0.2,9596
12000,0,0,0,9593
12000,0,0.3,0,9594
12000,0,0.5,0,9595
12000,0.5,-4,0.4,9614
12000,0.5,-3.5,0.4,9613
12000,0.5,-3,0.4,9612
12000,0.5,-2.5,0.4,9611
12000,0.5,-2,0.4,9610
12000,0.5,-1.5,0.4,9609
12000,0.5,-1,0.4,9608
12000,0.5,-0.5,0.2,9607
12000,0.5,0,0,9604
12000,0.5,0.3,0,9605
12000,0.5,0.5,0,9606
12000,1,-4,0.4,9625
12000,1,-3.5,0.4,9624
12000,1,-3,0.4,9623
12000,1,-2.5,0.4,9622
12000,1,-2,0.4,9621
12000,1,-1.5,0.4,9620
12000,1,-1,0.4,9619
12000,1,-0.5,0.2,9618
12000,1,0,0,9615
12000,1,0.3,0,9616
12000,1,0.5,0,9617
12000,1.5,-4,0.4,9636
12000,1.5,-3.5,0.4,9635
12000,1.5,-3,0.4,9634
12000,1.5,-2.5,0.4,9633
12000,1.5,-2,0.4,9632
12000,1.5,-1.5,0.4,9631
12000,1.5,-1,0.4,9630
12000,1.5,-0.5,0.2,9629
12000,1.5,0,0,9626
12000,1.5,0.3,0,9627
12000,1.5,0.5,0,9628
12000,2,-4,0.4,9647
12000,2,-3.5,0.4,9646
12000,2,-3,0.4,9645
12000,2,-2.5,0.4,9644
12000,2,-2,0.4,9643
12000,2,-1.5,0.4,9642
12000,2,-1,0.4,9641
12000,2,-0.5,0.2,9640
12000,2,0,0,9637
12000,2,0.3,0,9638
12000,2,0.5,0,9639
12000,2.5,-4,0.4,9658
12000,2.5,-3.5,0.4,9657
12000,2.5,-3,0.4,9656
12000,2.5,-2.5,0.4,9655
12000,2.5,-2,0.4,9654
12000,2.5,-1.5,0.4,9653
12000,2.5,-1,0.4,9652
12000,2.5,-0.5,0.2,9651
12000,2.5,0,0,9648
12000,2.5,0.3,0,9649
12000,2.5,0.5,0,9650
12000,3,-4,0.4,9669
12000,3,-3.5,0.4,9668
12000,3,-3,0.4,9667
12000,3,-2.5,0.4,9666
12000,3,-2,0.4,9665
12000,3,-1.5,0.4,9664
12000,3,-1,0.4,9663
12000,3,-0.5,0.2,9662
12000,3,0,0,9659
12000,3,0.3,0,9660
12000,3,0.5,0,9661
12000,3.5,-4,0.4,9680
12000,3.5,-3.5,0.4,9679
12000,3.5,-3,0.4,9678
12000,3.5,-2.5,0.4,9677
12000,3.5,-2,0.4,9676
12000,3.5,-1.5,0.4,9675
12000,3.5,-1,0.4,9674
12000,3.5,-0.5,0.2,9673
12000,3.5,0,0,9670
12000,3.5,0.3,0,9671
12000,3.5,0.5,0,9672
12000,4,-4,0.4,9700
12000,4,-3.5,0.4,9699
12000,4,-3,0.4,9698
12000,4,-2.5,0.4,9697
12000,4,-2,0.4,9696
12000,4,-1.5,0.2,9694
12000,4,-1,0.2,9691
12000,4,-0.5,0,9685
12000,4,0,0,9681
12000,4,0.3,0,9684
12000,4,0.5,0,9686
12000,4.5,-4,0.4,9713
12000,4.5,-3.5,0.4,9712
12000,4.5,-3,0.4,9711
12000,4.5,-2.5,0.4,9710
12000,4.5,-2,0.4,9709
12000,4.5,-1.5,0.4,9708
12000,4.5,-1,0.4,9706
12000,4.5,-0.5,0,9703
12000,4.5,0,0,9701
12000,4.5,0.3,0,9702
12000,4.5,0.5,0,9704
12500,0.5,-4,0.4,9724
12500,0.5,-3.5,0.4,9723
12500,0.5,-3,0.4,9722
12500,0.5,-2.5,0.4,9721
12500,0.5,-2,0.4,9720
12500,0.5,-1.5,0.4,9719
12500,0.5,-1,0.4,9718
12500,0.5,-0.5,0.2,9717
12500,0.5,0,0,9714
12500,0.5,0.3,0,9715
12500,0.5,0.5,0,9716
12500,1,-4,0.4,9735
12500,1,-3.5,0.4,9734
12500,1,-3,0.4,9733
12500,1,-2.5,0.4,9732
12500,1,-2,0.4,9731
12500,1,-1.5,0.4,9730
12500,1,-1,0.4,9729
12500,1,-0.5,0.2,9728
12500,1,0,0,9725
12500,1,0.3,0,9726
12500,1,0.5,0,9727
12500,1.5,-4,0.4,9746
12500,1.5,-3.5,0.4,9745
12500,1.5,-3,0.4,9744
12500,1.5,-2.5,0.4,9743
12500,1.5,-2,0.4,9742
12500,1.5,-1.5,0.4,9741
12500,1.5,-1,0.4,9740
12500,1.5,-0.5,0.2,9739
12500,1.5,0,0,9736
12500,1.5,0.3,0,9737
12500,1.5,0.5,0,9738
12500,2,-4,0.4,9757
12500,2,-3.5,0.4,9756
12500,2,-3,0.4,9755
12500,2,-2.5,0.4,9754
12500,2,-2,0.4,9753
12500,2,-1.5,0.4,9752
12500,2,-1,0.4,9751
12500,2,-0.5,0.2,9750
12500,2,0,0,9747
12500,2,0.3,0,9748
12500,2,0.5,0,9749
12500,2.5,-4,0.4,9768
12500,2.5,-3.5,0.4,9767
12500,2.5,-3,0.4,9766
12500,2.5,-2.5,0.4,9765
12500,2.5,-2,0.4,9764
12500,2.5,-1.5,0.4,9763
12500,2.5,-1,0.4,9762
12500,2.5,-0.5,0.2,9761
12500,2.5,0,0,9758
12500,2.5,0.3,0,9759
12500,2.5,0.5,0,9760
12500,3,-4,0.4,9779
12500,3,-3.5,0.4,9778
12500,3,-3,0.4,9777
12500,3,-2.5,0.4,9776
12500,3,-2,0.4,9775
12500,3,-1.5,0.4,9774
12500,3,-1,0.4,9773
12500,3,-0.5,0.2,9772
12500,3,0,0,9769
12500,3,0.3,0,9770
12500,3,0.5,0,9771
12500,3.5,-4,0.4,9790
12500,3.5,-3.5,0.4,9789
12500,3.5,-3,0.4,9788
12500,3.5,-2.5,0.4,9787
12500,3.5,-2,0.4,9786
12500,3.5,-1.5,0.4,9785
12500,3.5,-1,0.4,9784
12500,3.5,-0.5,0.2,9783
12500,3.5,0,0,9780
12500,3.5,0.3,0,9781
12500,3.5,0.5,0,9782
12500,4,-4,0.4,9802
12500,4,-3.5,0.4,9801
12500,4,-3,0.4,9800
12500,4,-2.5,0.4,9799
12500,4,-2,0.4,9798
12500,4,-1.5,0.4,9797
12500,4,-1,0.4,9796
12500,4,-0.5,0,9793
12500,4,0,0,9791
12500,4,0.3,0,9792
12500,4,0.5,0,9794
12500,4.5,-4,0.4,9814
12500,4.5,-3.5,0.4,9813
12500,4.5,-3,0.4,9812
12500,4.5,-2.5,0.4,9811
12500,4.5,-2,0.4,9810
12500,4.5,-1.5,0.4,9809
12500,4.5,-1,0.4,9808
12500,4.5,-0.5,0,9805
12500,4.5,0,0,9803
12500,4.5,0.3,0,9804
12500,4.5,0.5,0,9806
13000,0.5,-4,0.4,9825
13000,0.5,-3.5,0.4,9824
13000,0.5,-3,0.4,9823
13000,0.5,-2.5,0.4,9822
13000,0.5,-2,0.4,9821
13000,0.5,-1.5,0.4,9820
13000,0.5,-1,0.4,9819
13000,0.5,-0.5,0.2,9818
13000,0.5,0,0,9815
13000,0.5,0.3,0,9816
13000,0.5,0.5,0,9817
13000,1,-4,0.4,9836
13000,1,-3.5,0.4,9835
13000,1,-3,0.4,9834
13000,1,-2.5,0.4,9833
13000,1,-2,0.4,9832
13000,1,-1.5,0.4,9831
13000,1,-1,0.4,9830
13000,1,-0.5,0.2,9829
13000,1,0,0,9826
13000,1,0.3,0,9827
13000,1,0.5,0,9828
13000,1.5,-4,0.4,9847
13000,1.5,-3.5,0.4,9846
13000,1.5,-3,0.4,9845
13000,1.5,-2.5,0.4,9844
13000,1.5,-2,0.4,9843
13000,1.5,-1.5,0.4,9842
13000,1.5,-1,0.4,9841
13000,1.5,-0.5,0.2,9840
13000,1.5,0,0,9837
13000,1.5,0.3,0,9838
13000,1.5,0.5,0,9839
13000,2,-4,0.4,9858
13000,2,-3.5,0.4,9857
13000,2,-3,0.4,9856
13000,2,-2.5,0.4,9855
13000,2,-2,0.4,9854
13000,2,-1.5,0.4,9853
13000,2,-1,0.4,9852
13000,2,-0.5,0.2,9851
13000,2,0,0,9848
13000,2,0.3,0,9849
13000,2,0.5,0,9850
13000,2.5,-4,0.4,9869
13000,2.5,-3.5,0.4,9868
13000,2.5,-3,0.4,9867
13000,2.5,-2.5,0.4,9866
13000,2.5,-2,0.4,9865
13000,2.5,-1.5,0.4,9864
13000,2.5,-1,0.4,9863
13000,2.5,-0.5,0.2,9862
13000,2.5,0,0,9859
13000,2.5,0.3,0,9860
13000,2.5,0.5,0,9861
13000,3,-4,0.4,9880
13000,3,-3.5,0.4,9879
13000,3,-3,0.4,9878
13000,3,-2.5,0.4,9877
13000,3,-2,0.4,9876
13000,3,-1.5,0.4,9875
13000,3,-1,0.4,9874
13000,3,-0.5,0.2,9873
13000,3,0,0,9870
13000,3,0.3,0,9871
13000,3,0.5,0,9872
13000,3.5,-4,0.4,9891
13000,3.5,-3.5,0.4,9890
13000,3.5,-3,0.4,9889
13000,3.5,-2.5,0.4,9888
13000,3.5,-2,0.4,9887
13000,3.5,-1.5,0.4,9886
13000,3.5,-1,0.4,9885
13000,3.5,-0.5,0.2,9884
13000,3.5,0,0,9881
13000,3.5,0.3,0,9882
13000,3.5,0.5,0,9883
13000,4,-4,0.4,9910
13000,4,-3.5,0.4,9909
13000,4,-3,0.4,9908
13000,4,-2.5,0.4,9907
13000,4,-2,0.4,9906
13000,4,-1.5,0.2,9904
13000,4,-1,0.2,9901
13000,4,-0.5,0,9896
13000,4,0,0,9892
13000,4,0.3,0,9895
13000,4,0.5,0,9897
13000,4.5,-4,0.4,9923
13000,4.5,-3.5,0.4,9922
13000,4.5,-3,0.4,9921
13000,4.5,-2.5,0.4,9920
13000,4.5,-2,0.4,9919
13000,4.5,-1.5,0.4,9918
13000,4.5,-1,0.4,9916
13000,4.5,-0.5,0,9913
13000,4.5,0,0,9911
13000,4.5,0.3,0,9912
13000,4.5,0.5,0,9914
13500,0.5,-4,0.4,9934
13500,0.5,-3.5,0.4,9933
13500,0.5,-3,0.4,9932
13500,0.5,-2.5,0.4,9931
13500,0.5,-2,0.4,9930
13500,0.5,-1.5,0.4,9929
13500,0.5,-1,0.4,9928
13500,0.5,-0.5,0.2,9927
13500,0.5,0,0,9924
13500,0.5,0.3,0,9925
13500,0.5,0.5,0,9926
13500,1,-4,0.4,9945
13500,1,-3.5,0.4,9944
13500,1,-3,0.4,9943
13500,1,-2.5,0.4,9942
13500,1,-2,0.4,9941
13500,1,-1.5,0.4,9940
13500,1,-1,0.4,9939
13500,1,-0.5,0.2,9938
13500,1,0,0,9935
13500,1,0.3,0,9936
13500,1,0.5,0,9937
13500,1.5,-4,0.4,9956
13500,1.5,-3.5,0.4,9955
13500,1.5,-3,0.4,9954
13500,1.5,-2.5,0.4,9953
13500,1.5,-2,0.4,9952
13500,1.5,-1.5,0.4,9951
13500,1.5,-1,0.4,9950
13500,1.5,-0.5,0.2,9949
13500,1.5,0,0,9946
13500,1.5,0.3,0,9947
13500,1.5,0.5,0,9948
13500,2,-4,0.4,9967
13500,2,-3.5,0.4,9966
13500,2,-3,0.4,9965
13500,2,-2.5,0.4,9964
13500,2,-2,0.4,9963
13500,2,-1.5,0.4,9962
13500,2,-1,0.4,9961
13500,2,-0.5,0.2,9960
13500,2,0,0,9957
13500,2,0.3,0,9958
13500,2,0.5,0,9959
13500,2.5,-4,0.4,9978
13500,2.5,-3.5,0.4,9977
13500,2.5,-3,0.4,9976
13500,2.5,-2.5,0.4,9975
13500,2.5,-2,0.4,9974
13500,2.5,-1.5,0.4,9973
13500,2.5,-1,0.4,9972
13500,2.5,-0.5,0.2,9971
13500,2.5,0,0,9968
13500,2.5,0.3,0,9969
13500,2.5,0.5,0,9970
13500,3,-4,0.4,9989
13500,3,-3.5,0.4,9988
13500,3,-3,0.4,9987
13500,3,-2.5,0.4,9986
13500,3,-2,0.4,9985
13500,3,-1.5,0.4,9984
13500,3,-1,0.4,9983
13500,3,-0.5,0.2,9982
13500,3,0,0,9979
13500,3,0.3,0,9980
13500,3,0.5,0,9981
13500,3.5,-4,0.4,10000
13500,3.5,-3.5,0.4,9999
13500,3.5,-3,0.4,9998
13500,3.5,-2.5,0.4,9997
13500,3.5,-2,0.4,9996
13500,3.5,-1.5,0.4,9995
13500,3.5,-1,0.4,9994
13500,3.5,-0.5,0.2,9993
13500,3.5,0,0,9990
13500,3.5,0.3,0,9991
13500,3.5,0.5,0,9992
13500,4,-4,0.4,10012
13500,4,-3.5,0.4,10011
13500,4,-3,0.4,10010
13500,4,-2.5,0.4,10009
13500,4,-2,0.4,10008
13500,4,-1.5,0.4,10007
13500,4,-1,0.4,10006
13500,4,-0.5,0,10003
13500,4,0,0,10001
13500,4,0.3,0,10002
13500,4,0.5,0,10004
13500,4.5,-4,0.4,10024
13500,4.5,-3.5,0.4,10023
13500,4.5,-3,0.4,10022
13500,4.5,-2.5,0.4,10021
13500,4.5,-2,0.4,10020
13500,4.5,-1.5,0.4,10019
13500,4.5,-1,0.4,10018
13500,4.5,-0.5,0,10015
13500,4.5,0,0,10013
13500,4.5,0.3,0,10014
13500,4.5,0.5,0,10016
14000,0.5,-4,0.4,10035
14000,0.5,-3.5,0.4,10034
14000,0.5,-3,0.4,10033
14000,0.5,-2.5,0.4,10032
14000,0.5,-2,0.4,10031
14000,0.5,-1.5,0.4,10030
14000,0.5,-1,0.4,10029
14000,0.5,-0.5,0.2,10028
14000,0.5,0,0,10025
14000,0.5,0.3,0,10026
14000,0.5,0.5,0,10027
14000,1,-4,0.4,10046
14000,1,-3.5,0.4,10045
14000,1,-3,0.4,10044
14000,1,-2.5,0.4,10043
14000,1,-2,0.4,10042
14000,1,-1.5,0.4,10041
14000,1,-1,0.4,10040
14000,1,-0.5,0.2,10039
14000,1,0,0,10036
14000,1,0.3,0,10037
14000,1,0.5,0,10038
14000,1.5,-4,0.4,10057
14000,1.5,-3.5,0.4,10056
14000,1.5,-3,0.4,10055
14000,1.5,-2.5,0.4,10054
14000,1.5,-2,0.4,10053
14000,1.5,-1.5,0.4,10052
14000,1.5,-1,0.4,10051
14000,1.5,-0.5,0.2,10050
14000,1.5,0,0,10047
14000,1.5,0.3,0,10048
14000,1.5,0.5,0,10049
14000,2,-4,0.4,10068
14000,2,-3.5,0.4,10067
14000,2,-3,0.4,10066
14000,2,-2.5,0.4,10065
14000,2,-2,0.4,10064
14000,2,-1.5,0.4,10063
14000,2,-1,0.4,10062
14000,2,-0.5,0.2,10061
14000,2,0,0,10058
14000,2,0.3,0,10059
14000,2,0.5,0,10060
14000,2.5,-4,0.4,10079
14000,2.5,-3.5,0.4,10078
14000,2.5,-3,0.4,10077
14000,2.5,-2.5,0.4,10076
14000,2.5,-2,0.4,10075
14000,2.5,-1.5,0.4,10074
14000,2.5,-1,0.4,10073
14000,2.5,-0.5,0.2,10072
14000,2.5,0,0,10069
14000,2.5,0.3,0,10070
14000,2.5,0.5,0,10071
14000,3,-4,0.4,10090
14000,3,-3.5,0.4,10089
14000,3,-3,0.4,10088
14000,3,-2.5,0.4,10087
14000,3,-2,0.4,10086
14000,3,-1.5,0.4,10085
14000,3,-1,0.4,10084
14000,3,-0.5,0.2,10083
14000,3,0,0,10080
14000,3,0.3,0,10081
14000,3,0.5,0,10082
14000,3.5,-4,0.4,10101
14000,3.5,-3.5,0.4,10100
14000,3.5,-3,0.4,10099
14000,3.5,-2.5,0.4,10098
14000,3.5,-2,0.4,10097
14000,3.5,-1.5,0.4,10096
14000,3.5,-1,0.4,10095
14000,3.5,-0.5,0.2,10094
14000,3.5,0,0,10091
14000,3.5,0.3,0,10092
14000,3.5,0.5,0,10093
14000,4,-4,0.4,10120
14000,4,-3.5,0.4,10119
14000,4,-3,0.4,10118
14000,4,-2.5,0.4,10117
14000,4,-2,0.4,10116
14000,4,-1.5,0.2,10114
14000,4,-1,0.2,10111
14000,4,-0.5,0,10106
14000,4,0,0,10102
14000,4,0.3,0,10105
14000,4,0.5,0,10107
14000,4.5,-4,0.4,10133
14000,4.5,-3.5,0.4,10132
14000,4.5,-3,0.4,10131
14000,4.5,-2.5,0.4,10130
14000,4.5,-2,0.4,10129
14000,4.5,-1.5,0.4,10128
14000,4.5,-1,0.4,10126
14000,4.5,-0.5,0,10123
14000,4.5,0,0,10121
14000,4.5,0.3,0,10122
14000,4.5,0.5,0,10124
14500,0.5,-4,0.4,10144
14500,0.5,-3.5,0.4,10143
14500,0.5,-3,0.4,10142
14500,0.5,-2.5,0.4,10141
14500,0.5,-2,0.4,10140
14500,0.5,-1.5,0.4,10139
14500,0.5,-1,0.4,10138
14500,0.5,-0.5,0.2,10137
14500,0.5,0,0,10134
14500,0.5,0.3,0,10135
14500,0.5,0.5,0,10136
14500,1,-4,0.4,10155
14500,1,-3.5,0.4,10154
14500,1,-3,0.4,10153
14500,1,-2.5,0.4,10152
14500,1,-2,0.4,10151
14500,1,-1.5,0.4,10150
14500,1,-1,0.4,10149
14500,1,-0.5,0.2,10148
14500,1,0,0,10145
14500,1,0.3,0,10146
14500,1,0.5,0,10147
14500,1.5,-4,0.4,10166
14500,1.5,-3.5,0.4,10165
14500,1.5,-3,0.4,10164
14500,1.5,-2.5,0.4,10163
14500,1.5,-2,0.4,10162
14500,1.5,-1.5,0.4,10161
14500,1.5,-1,0.4,10160
14500,1.5,-0.5,0.2,10159
14500,1.5,0,0,10156
14500,1.5,0.3,0,10157
14500,1.5,0.5,0,10158
14500,2,-4,0.4,10177
14500,2,-3.5,0.4,10176
14500,2,-3,0.4,10175
14500,2,-2.5,0.4,10174
14500,2,-2,0.4,10173
14500,2,-1.5,0.4,10172
14500,2,-1,0.4,10171
14500,2,-0.5,0.2,10170
14500,2,0,0,10167
14500,2,0.3,0,10168
14500,2,0.5,0,10169
14500,2.5,-4,0.4,10188
14500,2.5,-3.5,0.4,10187
14500,2.5,-3,0.4,10186
14500,2.5,-2.5,0.4,10185
14500,2.5,-2,0.4,10184
14500,2.5,-1.5,0.4,10183
14500,2.5,-1,0.4,10182
14500,2.5,-0.5,0.2,10181
14500,2.5,0,0,10178
14500,2.5,0.3,0,10179
14500,2.5,0.5,0,10180
14500,3,-4,0.4,10199
14500,3,-3.5,0.4,10198
14500,3,-3,0.4,10197
14500,3,-2.5,0.4,10196
14500,3,-2,0.4,10195
14500,3,-1.5,0.4,10194
14500,3,-1,0.4,10193
14500,3,-0.5,0.2,10192
14500,3,0,0,10189
14500,3,0.3,0,10190
14500,3,0.5,0,10191
14500,3.5,-4,0.4,10210
14500,3.5,-3.5,0.4,10209
14500,3.5,-3,0.4,10208
14500,3.5,-2.5,0.4,10207
14500,3.5,-2,0.4,10206
14500,3.5,-1.5,0.4,10205
14500,3.5,-1,0.4,10204
14500,3.5,-0.5,0.2,10203
14500,3.5,0,0,10200
14500,3.5,0.3,0,10201
14500,3.5,0.5,0,10202
14500,4,-4,0.4,10222
14500,4,-3.5,0.4,10221
14500,4,-3,0.4,10220
14500,4,-2.5,0.4,10219
14500,4,-2,0.4,10218
14500,4,-1.5,0.4,10217
14500,4,-1,0.4,10216
14500,4,-0.5,0,10213
14500,4,0,0,10211
14500,4,0.3,0,10212
14500,4,0.5,0,10214
14500,4.5,-4,0.4,10234
14500,4.5,-3.5,0.4,10233
14500,4.5,-3,0.4,10232
14500,4.5,-2.5,0.4,10231
14500,4.5,-2,0.4,10230
14500,4.5,-1.5,0.4,10229
14500,4.5,-1,0.4,10228
14500,4.5,-0.5,0,10225
14500,4.5,0,0,10223
14500,4.5,0.3,0,10224
14500,4.5,0.5,0,10226
15000,0.5,-4,0.4,10245
15000,0.5,-3.5,0.4,10244
15000,0.5,-3,0.4,10243
15000,0.5,-2.5,0.4,10242
15000,0.5,-2,0.4,10241
15000,0.5,-1.5,0.4,10240
15000,0.5,-1,0.4,10239
15000,0.5,-0.5,0.2,10238
15000,0.5,0,0,10235
15000,0.5,0.3,0,10236
15000,0.5,0.5,0,10237
15000,1,-4,0.4,10256
15000,1,-3.5,0.4,10255
15000,1,-3,0.4,10254
15000,1,-2.5,0.4,10253
15000,1,-2,0.4,10252
15000,1,-1.5,0.4,10251
15000,1,-1,0.4,10250
15000,1,-0.5,0.2,10249
15000,1,0,0,10246
15000,1,0.3,0,10247
15000,1,0.5,0,10248
15000,1.5,-4,0.4,10267
15000,1.5,-3.5,0.4,10266
15000,1.5,-3,0.4,10265
15000,1.5,-2.5,0.4,10264
15000,1.5,-2,0.4,10263
15000,1.5,-1.5,0.4,10262
15000,1.5,-1,0.4,10261
15000,1.5,-0.5,0.2,10260
15000,1.5,0,0,10257
15000,1.5,0.3,0,10258
15000,1.5,0.5,0,10259
15000,2,-4,0.4,10278
15000,2,-3.5,0.4,10277
15000,2,-3,0.4,10276
15000,2,-2.5,0.4,10275
15000,2,-2,0.4,10274
15000,2,-1.5,0.4,10273
15000,2,-1,0.4,10272
15000,2,-0.5,0.2,10271
15000,2,0,0,10268
15000,2,0.3,0,10269
15000,2,0.5,0,10270
15000,2.5,-4,0.4,10289
15000,2.5,-3.5,0.4,10288
15000,2.5,-3,0.4,10287
15000,2.5,-2.5,0.4,10286
15000,2.5,-2,0.4,10285
15000,2.5,-1.5,0.4,10284
15000,2.5,-1,0.4,10283
15000,2.5,-0.5,0.2,10282
15000,2.5,0,0,10279
15000,2.5,0.3,0,10280
15000,2.5,0.5,0,10281
15000,3,-4,0.4,10300
15000,3,-3.5,0.4,10299
15000,3,-3,0.4,10298
15000,3,-2.5,0.4,10297
15000,3,-2,0.4,10296
15000,3,-1.5,0.4,10295
15000,3,-1,0.4,10294
15000,3,-0.5,0.2,10293
15000,3,0,0,10290
15000,3,0.3,0,10291
15000,3,0.5,0,10292
15000,3.5,-4,0.4,10311
15000,3.5,-3.5,0.4,10310
15000,3.5,-3,0.4,10309
15000,3.5,-2.5,0.4,10308
15000,3.5,-2,0.4,10307
15000,3.5,-1.5,0.4,10306
15000,3.5,-1,0.4,10305
15000,3.5,-0.5,0.2,10304
15000,3.5,0,0,10301
15000,3.5,0.3,0,10302
15000,3.5,0.5,0,10303
15000,4,-4,0.4,10330
15000,4,-3.5,0.4,10329
15000,4,-3,0.4,10328
15000,4,-2.5,0.4,10327
15000,4,-2,0.4,10326
15000,4,-1.5,0.2,10324
15000,4,-1,0.2,10321
15000,4,-0.5,0,10316
15000,4,0,0,10312
15000,4,0.3,0,10315
15000,4,0.5,0,10317
15000,4.5,-4,0.4,10343
15000,4.5,-3.5,0.4,10342
15000,4.5,-3,0.4,10341
15000,4.5,-2.5,0.4,10340
15000,4.5,-2,0.4,10339
15000,4.5,-1.5,0.4,10338
15000,4.5,-1,0.4,10336
15000,4.5,-0.5,0,10333
15000,4.5,0,0,10331
15000,4.5,0.3,0,10332
15000,4.5,0.5,0,10334
15500,1,-4,0.4,10354
15500,1,-3.5,0.4,10353
15500,1,-3,0.4,10352
15500,1,-2.5,0.4,10351
15500,1,-2,0.4,10350
15500,1,-1.5,0.4,10349
15500,1,-1,0.4,10348
15500,1,-0.5,0.2,10347
15500,1,0,0,10344
15500,1,0.3,0,10345
15500,1,0.5,0,10346
15500,1.5,-4,0.4,10365
15500,1.5,-3.5,0.4,10364
15500,1.5,-3,0.4,10363
15500,1.5,-2.5,0.4,10362
15500,1.5,-2,0.4,10361
15500,1.5,-1.5,0.4,10360
15500,1.5,-1,0.4,10359
15500,1.5,-0.5,0.2,10358
15500,1.5,0,0,10355
15500,1.5,0.3,0,10356
15500,1.5,0.5,0,10357
15500,2,-4,0.4,10376
15500,2,-3.5,0.4,10375
15500,2,-3,0.4,10374
15500,2,-2.5,0.4,10373
15500,2,-2,0.4,10372
15500,2,-1.5,0.4,10371
15500,2,-1,0.4,10370
15500,2,-0.5,0.2,10369
15500,2,0,0,10366
15500,2,0.3,0,10367
15500,2,0.5,0,10368
15500,2.5,-4,0.4,10387
15500,2.5,-3.5,0.4,10386
15500,2.5,-3,0.4,10385
15500,2.5,-2.5,0.4,10384
15500,2.5,-2,0.4,10383
15500,2.5,-1.5,0.4,10382
15500,2.5,-1,0.4,10381
15500,2.5,-0.5,0.2,10380
15500,2.5,0,0,10377
15500,2.5,0.3,0,10378
15500,2.5,0.5,0,10379
15500,3,-4,0.4,10398
15500,3,-3.5,0.4,10397
15500,3,-3,0.4,10396
15500,3,-2.5,0.4,10395
15500,3,-2,0.4,10394
15500,3,-1.5,0.4,10393
15500,3,-1,0.4,10392
15500,3,-0.5,0.2,10391
15500,3,0,0,10388
15500,3,0.3,0,10389
15500,3,0.5,0,10390
15500,3.5,-4,0.4,10409
15500,3.5,-3.5,0.4,10408
15500,3.5,-3,0.4,10407
15500,3.5,-2.5,0.4,10406
15500,3.5,-2,0.4,10405
15500,3.5,-1.5,0.4,10404
15500,3.5,-1,0.4,10403
15500,3.5,-0.5,0.2,10402
15500,3.5,0,0,10399
15500,3.5,0.3,0,10400
15500,3.5,0.5,0,10401
15500,4,-4,0.4,10421
15500,4,-3.5,0.4,10420
15500,4,-3,0.4,10419
15500,4,-2.5,0.4,10418
15500,4,-2,0.4,10417
15500,4,-1.5,0.4,10416
15500,4,-1,0.4,10415
15500,4,-0.5,0,10412
15500,4,0,0,10410
15500,4,0.3,0,10411
15500,4,0.5,0,10413
15500,4.5,-4,0.4,10433
15500,4.5,-3.5,0.4,10432
15500,4.5,-3,0.4,10431
15500,4.5,-2.5,0.4,10430
15500,4.5,-2,0.4,10429
15500,4.5,-1.5,0.4,10428
15500,4.5,-1,0.4,10427
15500,4.5,-0.5,0,10424
15500,4.5,0,0,10422
15500,4.5,0.3,0,10423
15500,4.5,0.5,0,10425
16000,1,-4,0.4,10444
16000,1,-3.5,0.4,10443
16000,1,-3,0.4,10442
16000,1,-2.5,0.4,10441
16000,1,-2,0.4,10440
16000,1,-1.5,0.4,10439
16000,1,-1,0.4,10438
16000,1,-0.5,0.2,10437
16000,1,0,0,10434
16000,1,0.3,0,10435
16000,1,0.5,0,10436
16000,1.5,-4,0.4,10455
16000,1.5,-3.5,0.4,10454
16000,1.5,-3,0.4,10453
16000,1.5,-2.5,0.4,10452
16000,1.5,-2,0.4,10451
16000,1.5,-1.5,0.4,10450
16000,1.5,-1,0.4,10449
16000,1.5,-0.5,0.2,10448
16000,1.5,0,0,10445
16000,1.5,0.3,0,10446
16000,1.5,0.5,0,10447
16000,2,-4,0.4,10466
16000,2,-3.5,0.4,10465
16000,2,-3,0.4,10464
16000,2,-2.5,0.4,10463
16000,2,-2,0.4,10462
16000,2,-1.5,0.4,10461
16000,2,-1,0.4,10460
16000,2,-0.5,0.2,10459
16000,2,0,0,10456
16000,2,0.3,0,10457
16000,2,0.5,0,10458
16000,2.5,-4,0.4,10477
16000,2.5,-3.5,0.4,10476
16000,2.5,-3,0.4,10475
16000,2.5,-2.5,0.4,10474
16000,2.5,-2,0.4,10473
16000,2.5,-1.5,0.4,10472
16000,2.5,-1,0.4,10471
16000,2.5,-0.5,0.2,10470
16000,2.5,0,0,10467
16000,2.5,0.3,0,10468
16000,2.5,0.5,0,10469
16000,3,-4,0.4,10488
16000,3,-3.5,0.4,10487
16000,3,-3,0.4,10486
16000,3,-2.5,0.4,10485
16000,3,-2,0.4,10484
16000,3,-1.5,0.4,10483
16000,3,-1,0.4,10482
16000,3,-0.5,0.2,10481
16000,3,0,0,10478
16000,3,0.3,0,10479
16000,3,0.5,0,10480
16000,3.5,-4,0.4,10499
16000,3.5,-3.5,0.4,10498
16000,3.5,-3,0.4,10497
16000,3.5,-2.5,0.4,10496
16000,3.5,-2,0.4,10495
16000,3.5,-1.5,0.4,10494
16000,3.5,-1,0.4,10493
16000,3.5,-0.5,0.2,10492
16000,3.5,0,0,10489
16000,3.5,0.3,0,10490
16000,3.5,0.5,0,10491
16000,4,-4,0.4,10519
16000,4,-3.5,0.4,10518
16000,4,-3,0.4,10517
16000,4,-2.5,0.4,10516
16000,4,-2,0.4,10515
16000,4,-1.5,0.2,10513
16000,4,-1,0.2,10510
16000,4,-0.5,0,10504
16000,4,0,0,10500
16000,4,0.3,0,10503
16000,4,0.5,0,10505
16000,4.5,-4,0.4,10532
16000,4.5,-3.5,0.4,10531
16000,4.5,-3,0.4,10530
16000,4.5,-2.5,0.4,10529
16000,4.5,-2,0.4,10528
16000,4.5,-1.5,0.4,10527
16000,4.5,-1,0.4,10525
16000,4.5,-0.5,0,10522
16000,4.5,0,0,10520
16000,4.5,0.3,0,10521
16000,4.5,0.5,0,10523
16500,1,-4,0.4,10543
16500,1,-3.5,0.4,10542
16500,1,-3,0.4,10541
16500,1,-2.5,0.4,10540
16500,1,-2,0.4,10539
16500,1,-1.5,0.4,10538
16500,1,-1,0.4,10537
16500,1,-0.5,0.2,10536
16500,1,0,0,10533
16500,1,0.3,0,10534
16500,1,0.5,0,10535
16500,1.5,-4,0.4,10554
16500,1.5,-3.5,0.4,10553
16500,1.5,-3,0.4,10552
16500,1.5,-2.5,0.4,10551
16500,1.5,-2,0.4,10550
16500,1.5,-1.5,0.4,10549
16500,1.5,-1,0.4,10548
16500,1.5,-0.5,0.2,10547
16500,1.5,0,0,10544
16500,1.5,0.3,0,10545
16500,1.5,0.5,0,10546
16500,2,-4,0.4,10565
16500,2,-3.5,0.4,10564
16500,2,-3,0.4,10563
16500,2,-2.5,0.4,10562
16500,2,-2,0.4,10561
16500,2,-1.5,0.4,10560
16500,2,-1,0.4,10559
16500,2,-0.5,0.2,10558
16500,2,0,0,10555
16500,2,0.3,0,10556
16500,2,0.5,0,10557
16500,2.5,-4,0.4,10576
16500,2.5,-3.5,0.4,10575
16500,2.5,-3,0.4,10574
16500,2.5,-2.5,0.4,10573
16500,2.5,-2,0.4,10572
16500,2.5,-1.5,0.4,10571
16500,2.5,-1,0.4,10570
16500,2.5,-0.5,0.2,10569
16500,2.5,0,0,10566
16500,2.5,0.3,0,10567
16500,2.5,0.5,0,10568
16500,3,-4,0.4,10587
16500,3,-3.5,0.4,10586
16500,3,-3,0.4,10585
16500,3,-2.5,0.4,10584
16500,3,-2,0.4,10583
16500,3,-1.5,0.4,10582
16500,3,-1,0.4,10581
16500,3,-0.5,0.2,10580
16500,3,0,0,10577
16500,3,0.3,0,10578
16500,3,0.5,0,10579
16500,3.5,-4,0.4,10598
16500,3.5,-3.5,0.4,10597
16500,3.5,-3,0.4,10596
16500,3.5,-2.5,0.4,10595
16500,3.5,-2,0.4,10594
16500,3.5,-1.5,0.4,10593
16500,3.5,-1,0.4,10592
16500,3.5,-0.5,0.2,10591
16500,3.5,0,0,10588
16500,3.5,0.3,0,10589
16500,3.5,0.5,0,10590
16500,4,-4,0.4,10610
16500,4,-3.5,0.4,10609
16500,4,-3,0.4,10608
16500,4,-2.5,0.4,10607
16500,4,-2,0.4,10606
16500,4,-1.5,0.4,10605
16500,4,-1,0.4,10604
16500,4,-0.5,0,10601
16500,4,0,0,10599
16500,4,0.3,0,10600
16500,4,0.5,0,10602
16500,4.5,-4,0.4,10622
16500,4.5,-3.5,0.4,10621
16500,4.5,-3,0.4,10620
16500,4.5,-2.5,0.4,10619
16500,4.5,-2,0.4,10618
16500,4.5,-1.5,0.4,10617
16500,4.5,-1,0.4,10616
16500,4.5,-0.5,0,10613
16500,4.5,0,0,10611
16500,4.5,0.3,0,10612
16500,4.5,0.5,0,10614
17000,1,-4,0.4,10633
17000,1,-3.5,0.4,10632
17000,1,-3,0.4,10631
17000,1,-2.5,0.4,10630
17000,1,-2,0.4,10629
17000,1,-1.5,0.4,10628
17000,1,-1,0.4,10627
17000,1,-0.5,0.2,10626
17000,1,0,0,10623
17000,1,0.3,0,10624
17000,1,0.5,0,10625
17000,1.5,-4,0.4,10644
17000,1.5,-3.5,0.4,10643
17000,1.5,-3,0.4,10642
17000,1.5,-2.5,0.4,10641
17000,1.5,-2,0.4,10640
17000,1.5,-1.5,0.4,10639
17000,1.5,-1,0.4,10638
17000,1.5,-0.5,0.2,10637
17000,1.5,0,0,10634
17000,1.5,0.3,0,10635
17000,1.5,0.5,0,10636
17000,2,-4,0.4,10655
17000,2,-3.5,0.4,10654
17000,2,-3,0.4,10653
17000,2,-2.5,0.4,10652
17000,2,-2,0.4,10651
17000,2,-1.5,0.4,10650
17000,2,-1,0.4,10649
17000,2,-0.5,0.2,10648
17000,2,0,0,10645
17000,2,0.3,0,10646
17000,2,0.5,0,10647
17000,2.5,-4,0.4,10666
17000,2.5,-3.5,0.4,10665
17000,2.5,-3,0.4,10664
17000,2.5,-2.5,0.4,10663
17000,2.5,-2,0.4,10662
17000,2.5,-1.5,0.4,10661
17000,2.5,-1,0.4,10660
17000,2.5,-0.5,0.2,10659
17000,2.5,0,0,10656
17000,2.5,0.3,0,10657
17000,2.5,0.5,0,10658
17000,3,-4,0.4,10677
17000,3,-3.5,0.4,10676
17000,3,-3,0.4,10675
17000,3,-2.5,0.4,10674
17000,3,-2,0.4,10673
17000,3,-1.5,0.4,10672
17000,3,-1,0.4,10671
17000,3,-0.5,0.2,10670
17000,3,0,0,10667
17000,3,0.3,0,10668
17000,3,0.5,0,10669
17000,3.5,-4,0.4,10688
17000,3.5,-3.5,0.4,10687
17000,3.5,-3,0.4,10686
17000,3.5,-2.5,0.4,10685
17000,3.5,-2,0.4,10684
17000,3.5,-1.5,0.4,10683
17000,3.5,-1,0.4,10682
17000,3.5,-0.5,0.2,10681
17000,3.5,0,0,10678
17000,3.5,0.3,0,10679
17000,3.5,0.5,0,10680
17000,4,-4,0.4,10707
17000,4,-3.5,0.4,10706
17000,4,-3,0.4,10705
17000,4,-2.5,0.4,10704
17000,4,-2,0.4,10703
17000,4,-1.5,0.2,10701
17000,4,-1,0.2,10698
17000,4,-0.5,0,10693
17000,4,0,0,10689
17000,4,0.3,0,10692
17000,4,0.5,0,10694
17000,4.5,-4,0.4,10720
17000,4.5,-3.5,0.4,10719
17000,4.5,-3,0.4,10718
17000,4.5,-2.5,0.4,10717
17000,4.5,-2,0.4,10716
17000,4.5,-1.5,0.4,10715
17000,4.5,-1,0.4,10713
17000,4.5,-0.5,0,10710
17000,4.5,0,0,10708
17000,4.5,0.3,0,10709
17000,4.5,0.5,0,10711
17500,1,-4,0.4,10731
17500,1,-3.5,0.4,10730
17500,1,-3,0.4,10729
17500,1,-2.5,0.4,10728
17500,1,-2,0.4,10727
17500,1,-1.5,0.4,10726
17500,1,-1,0.4,10725
17500,1,-0.5,0.2,10724
17500,1,0,0,10721
17500,1,0.3,0,10722
17500,1,0.5,0,10723
17500,1.5,-4,0.4,10742
17500,1.5,-3.5,0.4,10741
17500,1.5,-3,0.4,10740
17500,1.5,-2.5,0.4,10739
17500,1.5,-2,0.4,10738
17500,1.5,-1.5,0.4,10737
17500,1.5,-1,0.4,10736
17500,1.5,-0.5,0.2,10735
17500,1.5,0,0,10732
17500,1.5,0.3,0,10733
17500,1.5,0.5,0,10734
17500,2,-4,0.4,10753
17500,2,-3.5,0.4,10752
17500,2,-3,0.4,10751
17500,2,-2.5,0.4,10750
17500,2,-2,0.4,10749
17500,2,-1.5,0.4,10748
17500,2,-1,0.4,10747
17500,2,-0.5,0.2,10746
17500,2,0,0,10743
17500,2,0.3,0,10744
17500,2,0.5,0,10745
17500,2.5,-4,0.4,10764
17500,2.5,-3.5,0.4,10763
17500,2.5,-3,0.4,10762
17500,2.5,-2.5,0.4,10761
17500,2.5,-2,0.4,10760
17500,2.5,-1.5,0.4,10759
17500,2.5,-1,0.4,10758
17500,2.5,-0.5,0.2,10757
17500,2.5,0,0,10754
17500,2.5,0.3,0,10755
17500,2.5,0.5,0,10756
17500,3,-4,0.4,10775
17500,3,-3.5,0.4,10774
17500,3,-3,0.4,10773
17500,3,-2.5,0.4,10772
17500,3,-2,0.4,10771
17500,3,-1.5,0.4,10770
17500,3,-1,0.4,10769
17500,3,-0.5,0.2,10768
17500,3,0,0,10765
17500,3,0.3,0,10766
17500,3,0.5,0,10767
17500,3.5,-4,0.4,10786
17500,3.5,-3.5,0.4,10785
17500,3.5,-3,0.4,10784
17500,3.5,-2.5,0.4,10783
17500,3.5,-2,0.4,10782
17500,3.5,-1.5,0.4,10781
17500,3.5,-1,0.4,10780
17500,3.5,-0.5,0.2,10779
17500,3.5,0,0,10776
17500,3.5,0.3,0,10777
17500,3.5,0.5,0,10778
17500,4,-4,0.4,10798
17500,4,-3.5,0.4,10797
17500,4,-3,0.4,10796
17500,4,-2.5,0.4,10795
17500,4,-2,0.4,10794
17500,4,-1.5,0.4,10793
17500,4,-1,0.4,10792
17500,4,-0.5,0,10789
17500,4,0,0,10787
17500,4,0.3,0,10788
17500,4,0.5,0,10790
17500,4.5,-4,0.4,10810
17500,4.5,-3.5,0.4,10809
17500,4.5,-3,0.4,10808
17500,4.5,-2.5,0.4,10807
17500,4.5,-2,0.4,10806
17500,4.5,-1.5,0.4,10805
17500,4.5,-1,0.4,10804
17500,4.5,-0.5,0,10801
17500,4.5,0,0,10799
17500,4.5,0.3,0,10800
17500,4.5,0.5,0,10802
18000,1,-4,0.4,10821
18000,1,-3.5,0.4,10820
18000,1,-3,0.4,10819
18000,1,-2.5,0.4,10818
18000,1,-2,0.4,10817
18000,1,-1.5,0.4,10816
18000,1,-1,0.4,10815
18000,1,-0.5,0.2,10814
18000,1,0,0,10811
18000,1,0.3,0,10812
18000,1,0.5,0,10813
18000,1.5,-4,0.4,10832
18000,1.5,-3.5,0.4,10831
18000,1.5,-3,0.4,10830
18000,1.5,-2.5,0.4,10829
18000,1.5,-2,0.4,10828
18000,1.5,-1.5,0.4,10827
18000,1.5,-1,0.4,10826
18000,1.5,-0.5,0.2,10825
18000,1.5,0,0,10822
18000,1.5,0.3,0,10823
18000,1.5,0.5,0,10824
18000,2,-4,0.4,10843
18000,2,-3.5,0.4,10842
18000,2,-3,0.4,10841
18000,2,-2.5,0.4,10840
18000,2,-2,0.4,10839
18000,2,-1.5,0.4,10838
18000,2,-1,0.4,10837
18000,2,-0.5,0.2,10836
18000,2,0,0,10833
18000,2,0.3,0,10834
18000,2,0.5,0,10835
18000,2.5,-4,0.4,10854
18000,2.5,-3.5,0.4,10853
18000,2.5,-3,0.4,10852
18000,2.5,-2.5,0.4,10851
18000,2.5,-2,0.4,10850
18000,2.5,-1.5,0.4,10849
18000,2.5,-1,0.4,10848
18000,2.5,-0.5,0.2,10847
18000,2.5,0,0,10844
18000,2.5,0.3,0,10845
18000,2.5,0.5,0,10846
18000,3,-4,0.4,10865
18000,3,-3.5,0.4,10864
18000,3,-3,0.4,10863
18000,3,-2.5,0.4,10862
18000,3,-2,0.4,10861
18000,3,-1.5,0.4,10860
18000,3,-1,0.4,10859
18000,3,-0.5,0.2,10858
18000,3,0,0,10855
18000,3,0.3,0,10856
18000,3,0.5,0,10857
18000,3.5,-4,0.4,10876
18000,3.5,-3.5,0.4,10875
18000,3.5,-3,0.4,10874
18000,3.5,-2.5,0.4,10873
18000,3.5,-2,0.4,10872
18000,3.5,-1.5,0.4,10871
18000,3.5,-1,0.4,10870
18000,3.5,-0.5,0.2,10869
18000,3.5,0,0,10866
18000,3.5,0.3,0,10867
18000,3.5,0.5,0,10868
18000,4,-4,0.4,10895
18000,4,-3.5,0.4,10894
18000,4,-3,0.4,10893
18000,4,-2.5,0.4,10892
18000,4,-2,0.4,10891
18000,4,-1.5,0.2,10889
18000,4,-1,0.2,10886
18000,4,-0.5,0,10881
18000,4,0,0,10877
18000,4,0.3,0,10880
18000,4,0.5,0,10882
18000,4.5,-4,0.4,10908
18000,4.5,-3.5,0.4,10907
18000,4.5,-3,0.4,10906
18000,4.5,-2.5,0.4,10905
18000,4.5,-2,0.4,10904
18000,4.5,-1.5,0.4,10903
18000,4.5,-1,0.4,10901
18000,4.5,-0.5,0,10898
18000,4.5,0,0,10896
18000,4.5,0.3,0,10897
18000,4.5,0.5,0,10899
18500,1,-4,0.4,10919
18500,1,-3.5,0.4,10918
18500,1,-3,0.4,10917
18500,1,-2.5,0.4,10916
18500,1,-2,0.4,10915
18500,1,-1.5,0.4,10914
18500,1,-1,0.4,10913
18500,1,-0.5,0.2,10912
18500,1,0,0,10909
18500,1,0.3,0,10910
18500,1,0.5,0,10911
18500,1.5,-4,0.4,10930
18500,1.5,-3.5,0.4,10929
18500,1.5,-3,0.4,10928
18500,1.5,-2.5,0.4,10927
18500,1.5,-2,0.4,10926
18500,1.5,-1.5,0.4,10925
18500,1.5,-1,0.4,10924
18500,1.5,-0.5,0.2,10923
18500,1.5,0,0,10920
18500,1.5,0.3,0,10921
18500,1.5,0.5,0,10922
18500,2,-4,0.4,10941
18500,2,-3.5,0.4,10940
18500,2,-3,0.4,10939
18500,2,-2.5,0.4,10938
18500,2,-2,0.4,10937
18500,2,-1.5,0.4,10936
18500,2,-1,0.4,10935
18500,2,-0.5,0.2,10934
18500,2,0,0,10931
18500,2,0.3,0,10932
18500,2,0.5,0,10933
18500,2.5,-4,0.4,10952
18500,2.5,-3.5,0.4,10951
18500,2.5,-3,0.4,10950
18500,2.5,-2.5,0.4,10949
18500,2.5,-2,0.4,10948
18500,2.5,-1.5,0.4,10947
18500,2.5,-1,0.4,10946
18500,2.5,-0.5,0.2,10945
18500,2.5,0,0,10942
18500,2.5,0.3,0,10943
18500,2.5,0.5,0,10944
18500,3,-4,0.4,10963
18500,3,-3.5,0.4,10962
18500,3,-3,0.4,10961
18500,3,-2.5,0.4,10960
18500,3,-2,0.4,10959
18500,3,-1.5,0.4,10958
18500,3,-1,0.4,10957
18500,3,-0.5,0.2,10956
18500,3,0,0,10953
18500,3,0.3,0,10954
18500,3,0.5,0,10955
18500,3.5,-4,0.4,10974
18500,3.5,-3.5,0.4,10973
18500,3.5,-3,0.4,10972
18500,3.5,-2.5,0.4,10971
18500,3.5,-2,0.4,10970
18500,3.5,-1.5,0.4,10969
18500,3.5,-1,0.4,10968
18500,3.5,-0.5,0.2,10967
18500,3.5,0,0,10964
18500,3.5,0.3,0,10965
18500,3.5,0.5,0,10966
18500,4,-4,0.4,10986
18500,4,-3.5,0.4,10985
18500,4,-3,0.4,10984
18500,4,-2.5,0.4,10983
18500,4,-2,0.4,10982
18500,4,-1.5,0.4,10981
18500,4,-1,0.4,10980
18500,4,-0.5,0,10977
18500,4,0,0,10975
18500,4,0.3,0,10976
18500,4,0.5,0,10978
18500,4.5,-4,0.4,10998
18500,4.5,-3.5,0.4,10997
18500,4.5,-3,0.4,10996
18500,4.5,-2.5,0.4,10995
18500,4.5,-2,0.4,10994
18500,4.5,-1.5,0.4,10993
18500,4.5,-1,0.4,10992
18500,4.5,-0.5,0,10989
18500,4.5,0,0,10987
18500,4.5,0.3,0,10988
18500,4.5,0.5,0,10990
19000,1,-4,0.4,11009
19000,1,-3.5,0.4,11008
19000,1,-3,0.4,11007
19000,1,-2.5,0.4,11006
19000,1,-2,0.4,11005
19000,1,-1.5,0.4,11004
19000,1,-1,0.4,11003
19000,1,-0.5,0.2,11002
19000,1,0,0,10999
19000,1,0.3,0,11000
19000,1,0.5,0,11001
19000,1.5,-4,0.4,11020
19000,1.5,-3.5,0.4,11019
19000,1.5,-3,0.4,11018
19000,1.5,-2.5,0.4,11017
19000,1.5,-2,0.4,11016
19000,1.5,-1.5,0.4,11015
19000,1.5,-1,0.4,11014
19000,1.5,-0.5,0.2,11013
19000,1.5,0,0,11010
19000,1.5,0.3,0,11011
19000,1.5,0.5,0,11012
19000,2,-4,0.4,11031
19000,2,-3.5,0.4,11030
19000,2,-3,0.4,11029
19000,2,-2.5,0.4,11028
19000,2,-2,0.4,11027
19000,2,-1.5,0.4,11026
19000,2,-1,0.4,11025
19000,2,-0.5,0.2,11024
19000,2,0,0,11021
19000,2,0.3,0,11022
19000,2,0.5,0,11023
19000,2.5,-4,0.4,11042
19000,2.5,-3.5,0.4,11041
19000,2.5,-3,0.4,11040
19000,2.5,-2.5,0.4,11039
19000,2.5,-2,0.4,11038
19000,2.5,-1.5,0.4,11037
19000,2.5,-1,0.4,11036
19000,2.5,-0.5,0.2,11035
19000,2.5,0,0,11032
19000,2.5,0.3,0,11033
19000,2.5,0.5,0,11034
19000,3,-4,0.4,11053
19000,3,-3.5,0.4,11052
19000,3,-3,0.4,11051
19000,3,-2.5,0.4,11050
19000,3,-2,0.4,11049
19000,3,-1.5,0.4,11048
19000,3,-1,0.4,11047
19000,3,-0.5,0.2,11046
19000,3,0,0,11043
19000,3,0.3,0,11044
19000,3,0.5,0,11045
19000,3.5,-4,0.4,11064
19000,3.5,-3.5,0.4,11063
19000,3.5,-3,0.4,11062
19000,3.5,-2.5,0.4,11061
19000,3.5,-2,0.4,11060
19000,3.5,-1.5,0.4,11059
19000,3.5,-1,0.4,11058
19000,3.5,-0.5,0.2,11057
19000,3.5,0,0,11054
19000,3.5,0.3,0,11055
19000,3.5,0.5,0,11056
19000,4,-4,0.4,11083
19000,4,-3.5,0.4,11082
19000,4,-3,0.4,11081
19000,4,-2.5,0.4,11080
19000,4,-2,0.4,11079
19000,4,-1.5,0.2,11077
19000,4,-1,0.2,11074
19000,4,-0.5,0,11069
19000,4,0,0,11065
19000,4,0.3,0,11068
19000,4,0.5,0,11070
19000,4.5,-4,0.4,11096
19000,4.5,-3.5,0.4,11095
19000,4.5,-3,0.4,11094
19000,4.5,-2.5,0.4,11093
19000,4.5,-2,0.4,11092
19000,4.5,-1.5,0.4,11091
19000,4.5,-1,0.4,11089
19000,4.5,-0.5,0,11086
19000,4.5,0,0,11084
19000,4.5,0.3,0,11085
19000,4.5,0.5,0,11087
19500,1,-4,0.4,11107
19500,1,-3.5,0.4,11106
19500,1,-3,0.4,11105
19500,1,-2.5,0.4,11104
19500,1,-2,0.4,11103
19500,1,-1.5,0.4,11102
19500,1,-1,0.4,11101
19500,1,-0.5,0.2,11100
19500,1,0,0,11097
19500,1,0.3,0,11098
19500,1,0.5,0,11099
19500,1.5,-4,0.4,11118
19500,1.5,-3.5,0.4,11117
19500,1.5,-3,0.4,11116
19500,1.5,-2.5,0.4,11115
19500,1.5,-2,0.4,11114
19500,1.5,-1.5,0.4,11113
19500,1.5,-1,0.4,11112
19500,1.5,-0.5,0.2,11111
19500,1.5,0,0,11108
19500,1.5,0.3,0,11109
19500,1.5,0.5,0,11110
19500,2,-4,0.4,11129
19500,2,-3.5,0.4,11128
19500,2,-3,0.4,11127
19500,2,-2.5,0.4,11126
19500,2,-2,0.4,11125
19500,2,-1.5,0.4,11124
19500,2,-1,0.4,11123
19500,2,-0.5,0.2,11122
19500,2,0,0,11119
19500,2,0.3,0,11120
19500,2,0.5,0,11121
19500,2.5,-4,0.4,11140
19500,2.5,-3.5,0.4,11139
19500,2.5,-3,0.4,11138
19500,2.5,-2.5,0.4,11137
19500,2.5,-2,0.4,11136
19500,2.5,-1.5,0.4,11135
19500,2.5,-1,0.4,11134
19500,2.5,-0.5,0.2,11133
19500,2.5,0,0,11130
19500,2.5,0.3,0,11131
19500,2.5,0.5,0,11132
19500,3,-4,0.4,11151
19500,3,-3.5,0.4,11150
19500,3,-3,0.4,11149
19500,3,-2.5,0.4,11148
19500,3,-2,0.4,11147
19500,3,-1.5,0.4,11146
19500,3,-1,0.4,11145
19500,3,-0.5,0.2,11144
19500,3,0,0,11141
19500,3,0.3,0,11142
19500,3,0.5,0,11143
19500,3.5,-4,0.4,11162
19500,3.5,-3.5,0.4,11161
19500,3.5,-3,0.4,11160
19500,3.5,-2.5,0.4,11159
19500,3.5,-2,0.4,11158
19500,3.5,-1.5,0.4,11157
19500,3.5,-1,0.4,11156
19500,3.5,-0.5,0.2,11155
19500,3.5,0,0,11152
19500,3.5,0.3,0,11153
19500,3.5,0.5,0,11154
19500,4,-4,0.4,11174
19500,4,-3.5,0.4,11173
19500,4,-3,0.4,11172
19500,4,-2.5,0.4,11171
19500,4,-2,0.4,11170
19500,4,-1.5,0.4,11169
19500,4,-1,0.4,11168
19500,4,-0.5,0,11165
19500,4,0,0,11163
19500,4,0.3,0,11164
19500,4,0.5,0,11166
19500,4.5,-4,0.4,11186
19500,4.5,-3.5,0.4,11185
19500,4.5,-3,0.4,11184
19500,4.5,-2.5,0.4,11183
19500,4.5,-2,0.4,11182
19500,4.5,-1.5,0.4,11181
19500,4.5,-1,0.4,11180
19500,4.5,-0.5,0,11177
19500,4.5,0,0,11175
19500,4.5,0.3,0,11176
19500,4.5,0.5,0,11178
20000,1,-4,0.4,11197
20000,1,-3.5,0.4,11196
20000,1,-3,0.4,11195
20000,1,-2.5,0.4,11194
20000,1,-2,0.4,11193
20000,1,-1.5,0.4,11192
20000,1,-1,0.4,11191
20000,1,-0.5,0.2,11190
20000,1,0,0,11187
20000,1,0.3,0,11188
20000,1,0.5,0,11189
20000,1.5,-4,0.4,11208
20000,1.5,-3.5,0.4,11207
20000,1.5,-3,0.4,11206
20000,1.5,-2.5,0.4,11205
20000,1.5,-2,0.4,11204
20000,1.5,-1.5,0.4,11203
20000,1.5,-1,0.4,11202
20000,1.5,-0.5,0.2,11201
20000,1.5,0,0,11198
20000,1.5,0.3,0,11199
20000,1.5,0.5,0,11200
20000,2,-4,0.4,11219
20000,2,-3.5,0.4,11218
20000,2,-3,0.4,11217
20000,2,-2.5,0.4,11216
20000,2,-2,0.4,11215
20000,2,-1.5,0.4,11214
20000,2,-1,0.4,11213
20000,2,-0.5,0.2,11212
20000,2,0,0,11209
20000,2,0.3,0,11210
20000,2,0.5,0,11211
20000,2.5,-4,0.4,11230
20000,2.5,-3.5,0.4,11229
20000,2.5,-3,0.4,11228
20000,2.5,-2.5,0.4,11227
20000,2.5,-2,0.4,11226
20000,2.5,-1.5,0.4,11225
20000,2.5,-1,0.4,11224
20000,2.5,-0.5,0.2,11223
20000,2.5,0,0,11220
20000,2.5,0.3,0,11221
20000,2.5,0.5,0,11222
20000,3,-4,0.4,11241
20000,3,-3.5,0.4,11240
20000,3,-3,0.4,11239
20000,3,-2.5,0.4,11238
20000,3,-2,0.4,11237
20000,3,-1.5,0.4,11236
20000,3,-1,0.4,11235
20000,3,-0.5,0.2,11234
20000,3,0,0,11231
20000,3,0.3,0,11232
20000,3,0.5,0,11233
20000,3.5,-4,0.4,11252
20000,3.5,-3.5,0.4,11251
20000,3.5,-3,0.4,11250
20000,3.5,-2.5,0.4,11249
20000,3.5,-2,0.4,11248
20000,3.5,-1.5,0.4,11247
20000,3.5,-1,0.4,11246
20000,3.5,-0.5,0.2,11245
20000,3.5,0,0,11242
20000,3.5,0.3,0,11243
20000,3.5,0.5,0,11244
20000,4,-4,0.4,11272
20000,4,-3.5,0.4,11271
20000,4,-3,0.4,11270
20000,4,-2.5,0.4,11269
20000,4,-2,0.4,11268
20000,4,-1.5,0.2,11266
20000,4,-1,0.2,11263
20000,4,-0.5,0,11257
20000,4,0,0,11253
20000,4,0.3,0,11256
20000,4,0.5,0,11258
20000,4.5,-4,0.4,11285
20000,4.5,-3.5,0.4,11284
20000,4.5,-3,0.4,11283
20000,4.5,-2.5,0.4,11282
20000,4.5,-2,0.4,11281
20000,4.5,-1.5,0.4,11280
20000,4.5,-1,0.4,11278
20000,4.5,-0.5,0,11275
20000,4.5,0,0,11273
20000,4.5,0.3,0,11274
20000,4.5,0.5,0,11276
21000,1.5,-4,0.4,11296
21000,1.5,-3.5,0.4,11295
21000,1.5,-3,0.4,11294
21000,1.5,-2.5,0.4,11293
21000,1.5,-2,0.4,11292
21000,1.5,-1.5,0.4,11291
21000,1.5,-1,0.4,11290
21000,1.5,-0.5,0.2,11289
21000,1.5,0,0,11286
21000,1.5,0.3,0,11287
21000,1.5,0.5,0,11288
21000,2,-4,0.4,11307
21000,2,-3.5,0.4,11306
21000,2,-3,0.4,11305
21000,2,-2.5,0.4,11304
21000,2,-2,0.4,11303
21000,2,-1.5,0.4,11302
21000,2,-1,0.4,11301
21000,2,-0.5,0.2,11300
21000,2,0,0,11297
21000,2,0.3,0,11298
21000,2,0.5,0,11299
21000,2.5,-4,0.4,11318
21000,2.5,-3.5,0.4,11317
21000,2.5,-3,0.4,11316
21000,2.5,-2.5,0.4,11315
21000,2.5,-2,0.4,11314
21000,2.5,-1.5,0.4,11313
21000,2.5,-1,0.4,11312
21000,2.5,-0.5,0.2,11311
21000,2.5,0,0,11308
21000,2.5,0.3,0,11309
21000,2.5,0.5,0,11310
21000,3,-4,0.4,11329
21000,3,-3.5,0.4,11328
21000,3,-3,0.4,11327
21000,3,-2.5,0.4,11326
21000,3,-2,0.4,11325
21000,3,-1.5,0.4,11324
21000,3,-1,0.4,11323
21000,3,-0.5,0.2,11322
21000,3,0,0,11319
21000,3,0.3,0,11320
21000,3,0.5,0,11321
21000,3.5,-4,0.4,11340
21000,3.5,-3.5,0.4,11339
21000,3.5,-3,0.4,11338
21000,3.5,-2.5,0.4,11337
21000,3.5,-2,0.4,11336
21000,3.5,-1.5,0.4,11335
21000,3.5,-1,0.4,11334
21000,3.5,-0.5,0.2,11333
21000,3.5,0,0,11330
21000,3.5,0.3,0,11331
21000,3.5,0.5,0,11332
21000,4,-4,0.4,11352
21000,4,-3.5,0.4,11351
21000,4,-3,0.4,11350
21000,4,-2.5,0.4,11349
21000,4,-2,0.4,11348
21000,4,-1.5,0.4,11347
21000,4,-1,0.4,11346
21000,4,-0.5,0,11343
21000,4,0,0,11341
21000,4,0.3,0,11342
21000,4,0.5,0,11344
21000,4.5,-4,0.4,11364
21000,4.5,-3.5,0.4,11363
21000,4.5,-3,0.4,11362
21000,4.5,-2.5,0.4,11361
21000,4.5,-2,0.4,11360
21000,4.5,-1.5,0.4,11359
21000,4.5,-1,0.4,11358
21000,4.5,-0.5,0,11355
21000,4.5,0,0,11353
21000,4.5,0.3,0,11354
21000,4.5,0.5,0,11356
22000,1.5,-4,0.4,11375
22000,1.5,-3.5,0.4,11374
22000,1.5,-3,0.4,11373
22000,1.5,-2.5,0.4,11372
22000,1.5,-2,0.4,11371
22000,1.5,-1.5,0.4,11370
22000,1.5,-1,0.4,11369
22000,1.5,-0.5,0.2,11368
22000,1.5,0,0,11365
22000,1.5,0.3,0,11366
22000,1.5,0.5,0,11367
22000,2,-4,0.4,11386
22000,2,-3.5,0.4,11385
22000,2,-3,0.4,11384
22000,2,-2.5,0.4,11383
22000,2,-2,0.4,11382
22000,2,-1.5,0.4,11381
22000,2,-1,0.4,11380
22000,2,-0.5,0.2,11379
22000,2,0,0,11376
22000,2,0.3,0,11377
22000,2,0.5,0,11378
22000,2.5,-4,0.4,11397
22000,2.5,-3.5,0.4,11396
22000,2.5,-3,0.4,11395
22000,2.5,-2.5,0.4,11394
22000,2.5,-2,0.4,11393
22000,2.5,-1.5,0.4,11392
22000,2.5,-1,0.4,11391
22000,2.5,-0.5,0.2,11390
22000,2.5,0,0,11387
22000,2.5,0.3,0,11388
22000,2.5,0.5,0,11389
22000,3,-4,0.4,11408
22000,3,-3.5,0.4,11407
22000,3,-3,0.4,11406
22000,3,-2.5,0.4,11405
22000,3,-2,0.4,11404
22000,3,-1.5,0.4,11403
22000,3,-1,0.4,11402
22000,3,-0.5,0.2,11401
22000,3,0,0,11398
22000,3,0.3,0,11399
22000,3,0.5,0,11400
22000,3.5,-4,0.4,11419
22000,3.5,-3.5,0.4,11418
22000,3.5,-3,0.4,11417
22000,3.5,-2.5,0.4,11416
22000,3.5,-2,0.4,11415
22000,3.5,-1.5,0.4,11414
22000,3.5,-1,0.4,11413
22000,3.5,-0.5,0.2,11412
22000,3.5,0,0,11409
22000,3.5,0.3,0,11410
22000,3.5,0.5,0,11411
22000,4,-4,0.4,11438
22000,4,-3.5,0.4,11437
22000,4,-3,0.4,11436
22000,4,-2.5,0.4,11435
22000,4,-2,0.4,11434
22000,4,-1.5,0.2,11432
22000,4,-1,0.2,11429
22000,4,-0.5,0,11424
22000,4,0,0,11420
22000,4,0.3,0,11423
22000,4,0.5,0,11425
22000,4.5,-4,0.4,11451
22000,4.5,-3.5,0.4,11450
22000,4.5,-3,0.4,11449
22000,4.5,-2.5,0.4,11448
22000,4.5,-2,0.4,11447
22000,4.5,-1.5,0.4,11446
22000,4.5,-1,0.4,11444
22000,4.5,-0.5,0,11441
22000,4.5,0,0,11439
22000,4.5,0.3,0,11440
22000,4.5,0.5,0,11442
23000,1.5,-4,0.4,11462
23000,1.5,-3.5,0.4,11461
23000,1.5,-3,0.4,11460
23000,1.5,-2.5,0.4,11459
23000,1.5,-2,0.4,11458
23000,1.5,-1.5,0.4,11457
23000,1.5,-1,0.4,11456
23000,1.5,-0.5,0.2,11455
23000,1.5,0,0,11452
23000,1.5,0.3,0,11453
23000,1.5,0.5,0,11454
23000,2,-4,0.4,11473
23000,2,-3.5,0.4,11472
23000,2,-3,0.4,11471
23000,2,-2.5,0.4,11470
23000,2,-2,0.4,11469
23000,2,-1.5,0.4,11468
23000,2,-1,0.4,11467
23000,2,-0.5,0.2,11466
23000,2,0,0,11463
23000,2,0.3,0,11464
23000,2,0.5,0,11465
23000,2.5,-4,0.4,11484
23000,2.5,-3.5,0.4,11483
23000,2.5,-3,0.4,11482
23000,2.5,-2.5,0.4,11481
23000,2.5,-2,0.4,11480
23000,2.5,-1.5,0.4,11479
23000,2.5,-1,0.4,11478
23000,2.5,-0.5,0.2,11477
23000,2.5,0,0,11474
23000,2.5,0.3,0,11475
23000,2.5,0.5,0,11476
23000,3,-4,0.4,11495
23000,3,-3.5,0.4,11494
23000,3,-3,0.4,11493
23000,3,-2.5,0.4,11492
23000,3,-2,0.4,11491
23000,3,-1.5,0.4,11490
23000,3,-1,0.4,11489
23000,3,-0.5,0.2,11488
23000,3,0,0,11485
23000,3,0.3,0,11486
23000,3,0.5,0,11487
23000,3.5,-4,0.4,11506
23000,3.5,-3.5,0.4,11505
23000,3.5,-3,0.4,11504
23000,3.5,-2.5,0.4,11503
23000,3.5,-2,0.4,11502
23000,3.5,-1.5,0.4,11501
23000,3.5,-1,0.4,11500
23000,3.5,-0.5,0.2,11499
23000,3.5,0,0,11496
23000,3.5,0.3,0,11497
23000,3.5,0.5,0,11498
23000,4,-4,0.4,11518
23000,4,-3.5,0.4,11517
23000,4,-3,0.4,11516
23000,4,-2.5,0.4,11515
23000,4,-2,0.4,11514
23000,4,-1.5,0.4,11513
23000,4,-1,0.4,11512
23000,4,-0.5,0,11509
23000,4,0,0,11507
23000,4,0.3,0,11508
23000,4,0.5,0,11510
23000,4.5,-4,0.4,11530
23000,4.5,-3.5,0.4,11529
23000,4.5,-3,0.4,11528
23000,4.5,-2.5,0.4,11527
23000,4.5,-2,0.4,11526
23000,4.5,-1.5,0.4,11525
23000,4.5,-1,0.4,11524
23000,4.5,-0.5,0,11521
23000,4.5,0,0,11519
23000,4.5,0.3,0,11520
23000,4.5,0.5,0,11522
24000,1.5,-4,0.4,11541
24000,1.5,-3.5,0.4,11540
24000,1.5,-3,0.4,11539
24000,1.5,-2.5,0.4,11538
24000,1.5,-2,0.4,11537
24000,1.5,-1.5,0.4,11536
24000,1.5,-1,0.4,11535
24000,1.5,-0.5,0.2,11534
24000,1.5,0,0,11531
24000,1.5,0.3,0,11532
24000,1.5,0.5,0,11533
24000,2,-4,0.4,11552
24000,2,-3.5,0.4,11551
24000,2,-3,0.4,11550
24000,2,-2.5,0.4,11549
24000,2,-2,0.4,11548
24000,2,-1.5,0.4,11547
24000,2,-1,0.4,11546
24000,2,-0.5,0.2,11545
24000,2,0,0,11542
24000,2,0.3,0,11543
24000,2,0.5,0,11544
24000,2.5,-4,0.4,11563
24000,2.5,-3.5,0.4,11562
24000,2.5,-3,0.4,11561
24000,2.5,-2.5,0.4,11560
24000,2.5,-2,0.4,11559
24000,2.5,-1.5,0.4,11558
24000,2.5,-1,0.4,11557
24000,2.5,-0.5,0.2,11556
24000,2.5,0,0,11553
24000,2.5,0.3,0,11554
24000,2.5,0.5,0,11555
24000,3,-4,0.4,11574
24000,3,-3.5,0.4,11573
24000,3,-3,0.4,11572
24000,3,-2.5,0.4,11571
24000,3,-2,0.4,11570
24000,3,-1.5,0.4,11569
24000,3,-1,0.4,11568
24000,3,-0.5,0.2,11567
24000,3,0,0,11564
24000,3,0.3,0,11565
24000,3,0.5,0,11566
24000,3.5,-4,0.4,11585
24000,3.5,-3.5,0.4,11584
24000,3.5,-3,0.4,11583
24000,3.5,-2.5,0.4,11582
24000,3.5,-2,0.4,11581
24000,3.5,-1.5,0.4,11580
24000,3.5,-1,0.4,11579
24000,3.5,-0.5,0.2,11578
24000,3.5,0,0,11575
24000,3.5,0.3,0,11576
24000,3.5,0.5,0,11577
24000,4,-4,0.4,11605
24000,4,-3.5,0.4,11604
24000,4,-3,0.4,11603
24000,4,-2.5,0.4,11602
24000,4,-2,0.4,11601
24000,4,-1.5,0.2,11599
24000,4,-1,0.2,11596
24000,4,-0.5,0,11590
24000,4,0,0,11586
24000,4,0.3,0,11589
24000,4,0.5,0,11591
24000,4.5,-4,0.4,11618
24000,4.5,-3.5,0.4,11617
24000,4.5,-3,0.4,11616
24000,4.5,-2.5,0.4,11615
24000,4.5,-2,0.4,11614
24000,4.5,-1.5,0.4,11613
24000,4.5,-1,0.4,11611
24000,4.5,-0.5,0,11608
24000,4.5,0,0,11606
24000,4.5,0.3,0,11607
24000,4.5,0.5,0,11609
25000,1.5,-4,0.4,11629
25000,1.5,-3.5,0.4,11628
25000,1.5,-3,0.4,11627
25000,1.5,-2.5,0.4,11626
25000,1.5,-2,0.4,11625
25000,1.5,-1.5,0.4,11624
25000,1.5,-1,0.4,11623
25000,1.5,-0.5,0.2,11622
25000,1.5,0,0,11619
25000,1.5,0.3,0,11620
25000,1.5,0.5,0,11621
25000,2,-4,0.4,11640
25000,2,-3.5,0.4,11639
25000,2,-3,0.4,11638
25000,2,-2.5,0.4,11637
25000,2,-2,0.4,11636
25000,2,-1.5,0.4,11635
25000,2,-1,0.4,11634
25000,2,-0.5,0.2,11633
25000,2,0,0,11630
25000,2,0.3,0,11631
25000,2,0.5,0,11632
25000,2.5,-4,0.4,11651
25000,2.5,-3.5,0.4,11650
25000,2.5,-3,0.4,11649
25000,2.5,-2.5,0.4,11648
25000,2.5,-2,0.4,11647
25000,2.5,-1.5,0.4,11646
25000,2.5,-1,0.4,11645
25000,2.5,-0.5,0.2,11644
25000,2.5,0,0,11641
25000,2.5,0.3,0,11642
25000,2.5,0.5,0,11643
25000,3,-4,0.4,11662
25000,3,-3.5,0.4,11661
25000,3,-3,0.4,11660
25000,3,-2.5,0.4,11659
25000,3,-2,0.4,11658
25000,3,-1.5,0.4,11657
25000,3,-1,0.4,11656
25000,3,-0.5,0.2,11655
25000,3,0,0,11652
25000,3,0.3,0,11653
25000,3,0.5,0,11654
25000,3.5,-4,0.4,11673
25000,3.5,-3.5,0.4,11672
25000,3.5,-3,0.4,11671
25000,3.5,-2.5,0.4,11670
25000,3.5,-2,0.4,11669
25000,3.5,-1.5,0.4,11668
25000,3.5,-1,0.4,11667
25000,3.5,-0.5,0.2,11666
25000,3.5,0,0,11663
25000,3.5,0.3,0,11664
25000,3.5,0.5,0,11665
25000,4,-4,0.4,11685
25000,4,-3.5,0.4,11684
25000,4,-3,0.4,11683
25000,4,-2.5,0.4,11682
25000,4,-2,0.4,11681
25000,4,-1.5,0.4,11680
25000,4,-1,0.4,11679
25000,4,-0.5,0,11676
25000,4,0,0,11674
25000,4,0.3,0,11675
25000,4,0.5,0,11677
25000,4.5,-4,0.4,11697
25000,4.5,-3.5,0.4,11696
25000,4.5,-3,0.4,11695
25000,4.5,-2.5,0.4,11694
25000,4.5,-2,0.4,11693
25000,4.5,-1.5,0.4,11692
25000,4.5,-1,0.4,11691
25000,4.5,-0.5,0,11688
25000,4.5,0,0,11686
25000,4.5,0.3,0,11687
25000,4.5,0.5,0,11689
26000,2,-4,0.4,11708
26000,2,-3.5,0.4,11707
26000,2,-3,0.4,11706
26000,2,-2.5,0.4,11705
26000,2,-2,0.4,11704
26000,2,-1.5,0.4,11703
26000,2,-1,0.4,11702
26000,2,-0.5,0.2,11701
26000,2,0,0,11698
26000,2,0.3,0,11699
26000,2,0.5,0,11700
26000,2.5,-4,0.4,11719
26000,2.5,-3.5,0.4,11718
26000,2.5,-3,0.4,11717
26000,2.5,-2.5,0.4,11716
26000,2.5,-2,0.4,11715
26000,2.5,-1.5,0.4,11714
26000,2.5,-1,0.4,11713
26000,2.5,-0.5,0.2,11712
26000,2.5,0,0,11709
26000,2.5,0.3,0,11710
26000,2.5,0.5,0,11711
26000,3,-4,0.4,11730
26000,3,-3.5,0.4,11729
26000,3,-3,0.4,11728
26000,3,-2.5,0.4,11727
26000,3,-2,0.4,11726
26000,3,-1.5,0.4,11725
26000,3,-1,0.4,11724
26000,3,-0.5,0.2,11723
26000,3,0,0,11720
26000,3,0.3,0,11721
26000,3,0.5,0,11722
26000,3.5,-4,0.4,11741
26000,3.5,-3.5,0.4,11740
26000,3.5,-3,0.4,11739
26000,3.5,-2.5,0.4,11738
26000,3.5,-2,0.4,11737
26000,3.5,-1.5,0.4,11736
26000,3.5,-1,0.4,11735
26000,3.5,-0.5,0.2,11734
26000,3.5,0,0,11731
26000,3.5,0.3,0,11732
26000,3.5,0.5,0,11733
26000,4,-4,0.4,11760
26000,4,-3.5,0.4,11759
26000,4,-3,0.4,11758
26000,4,-2.5,0.4,11757
26000,4,-2,0.4,11756
26000,4,-1.5,0.2,11754
26000,4,-1,0.2,11751
26000,4,-0.5,0,11746
26000,4,0,0,11742
26000,4,0.3,0,11745
26000,4,0.5,0,11747
26000,4.5,-4,0.4,11773
26000,4.5,-3.5,0.4,11772
26000,4.5,-3,0.4,11771
26000,4.5,-2.5,0.4,11770
26000,4.5,-2,0.4,11769
26000,4.5,-1.5,0.4,11768
26000,4.5,-1,0.4,11766
26000,4.5,-0.5,0,11763
26000,4.5,0,0,11761
26000,4.5,0.3,0,11762
26000,4.5,0.5,0,11764
27000,2,-4,0.4,11784
27000,2,-3.5,0.4,11783
27000,2,-3,0.4,11782
27000,2,-2.5,0.4,11781
27000,2,-2,0.4,11780
27000,2,-1.5,0.4,11779
27000,2,-1,0.4,11778
27000,2,-0.5,0.2,11777
27000,2,0,0,11774
27000,2,0.3,0,11775
27000,2,0.5,0,11776
27000,2.5,-4,0.4,11795
27000,2.5,-3.5,0.4,11794
27000,2.5,-3,0.4,11793
27000,2.5,-2.5,0.4,11792
27000,2.5,-2,0.4,11791
27000,2.5,-1.5,0.4,11790
27000,2.5,-1,0.4,11789
27000,2.5,-0.5,0.2,11788
27000,2.5,0,0,11785
27000,2.5,0.3,0,11786
27000,2.5,0.5,0,11787
27000,3,-4,0.4,11806
27000,3,-3.5,0.4,11805
27000,3,-3,0.4,11804
27000,3,-2.5,0.4,11803
27000,3,-2,0.4,11802
27000,3,-1.5,0.4,11801
27000,3,-1,0.4,11800
27000,3,-0.5,0.2,11799
27000,3,0,0,11796
27000,3,0.3,0,11797
27000,3,0.5,0,11798
27000,3.5,-4,0.4,11817
27000,3.5,-3.5,0.4,11816
27000,3.5,-3,0.4,11815
27000,3.5,-2.5,0.4,11814
27000,3.5,-2,0.4,11813
27000,3.5,-1.5,0.4,11812
27000,3.5,-1,0.4,11811
27000,3.5,-0.5,0.2,11810
27000,3.5,0,0,11807
27000,3.5,0.3,0,11808
27000,3.5,0.5,0,11809
27000,4,-4,0.4,11829
27000,4,-3.5,0.4,11828
27000,4,-3,0.4,11827
27000,4,-2.5,0.4,11826
27000,4,-2,0.4,11825
27000,4,-1.5,0.4,11824
27000,4,-1,0.4,11823
27000,4,-0.5,0,11820
27000,4,0,0,11818
27000,4,0.3,0,11819
27000,4,0.5,0,11821
27000,4.5,-4,0.4,11841
27000,4.5,-3.5,0.4,11840
27000,4.5,-3,0.4,11839
27000,4.5,-2.5,0.4,11838
27000,4.5,-2,0.4,11837
27000,4.5,-1.5,0.4,11836
27000,4.5,-1,0.4,11835
27000,4.5,-0.5,0,11832
27000,4.5,0,0,11830
27000,4.5,0.3,0,11831
27000,4.5,0.5,0,11833
28000,2,-4,0.4,11852
28000,2,-3.5,0.4,11851
28000,2,-3,0.4,11850
28000,2,-2.5,0.4,11849
28000,2,-2,0.4,11848
28000,2,-1.5,0.4,11847
28000,2,-1,0.4,11846
28000,2,-0.5,0.2,11845
28000,2,0,0,11842
28000,2,0.3,0,11843
28000,2,0.5,0,11844
28000,2.5,-4,0.4,11863
28000,2.5,-3.5,0.4,11862
28000,2.5,-3,0.4,11861
28000,2.5,-2.5,0.4,11860
28000,2.5,-2,0.4,11859
28000,2.5,-1.5,0.4,11858
28000,2.5,-1,0.4,11857
28000,2.5,-0.5,0.2,11856
28000,2.5,0,0,11853
28000,2.5,0.3,0,11854
28000,2.5,0.5,0,11855
28000,3,-4,0.4,11874
28000,3,-3.5,0.4,11873
28000,3,-3,0.4,11872
28000,3,-2.5,0.4,11871
28000,3,-2,0.4,11870
28000,3,-1.5,0.4,11869
28000,3,-1,0.4,11868
28000,3,-0.5,0.2,11867
28000,3,0,0,11864
28000,3,0.3,0,11865
28000,3,0.5,0,11866
28000,3.5,-4,0.4,11885
28000,3.5,-3.5,0.4,11884
28000,3.5,-3,0.4,11883
28000,3.5,-2.5,0.4,11882
28000,3.5,-2,0.4,11881
28000,3.5,-1.5,0.4,11880
28000,3.5,-1,0.4,11879
28000,3.5,-0.5,0.2,11878
28000,3.5,0,0,11875
28000,3.5,0.3,0,11876
28000,3.5,0.5,0,11877
28000,4,-4,0.4,11904
28000,4,-3.5,0.4,11903
28000,4,-3,0.4,11902
28000,4,-2.5,0.4,11901
28000,4,-2,0.4,11900
28000,4,-1.5,0.2,11898
28000,4,-1,0.2,11895
28000,4,-0.5,0,11890
28000,4,0,0,11886
28000,4,0.3,0,11889
28000,4,0.5,0,11891
28000,4.5,-4,0.4,11917
28000,4.5,-3.5,0.4,11916
28000,4.5,-3,0.4,11915
28000,4.5,-2.5,0.4,11914
28000,4.5,-2,0.4,11913
28000,4.5,-1.5,0.4,11912
28000,4.5,-1,0.4,11910
28000,4.5,-0.5,0,11907
28000,4.5,0,0,11905
28000,4.5,0.3,0,11906
28000,4.5,0.5,0,11908
29000,2,-4,0.4,11928
29000,2,-3.5,0.4,11927
29000,2,-3,0.4,11926
29000,2,-2.5,0.4,11925
29000,2,-2,0.4,11924
29000,2,-1.5,0.4,11923
29000,2,-1,0.4,11922
29000,2,-0.5,0.2,11921
29000,2,0,0,11918
29000,2,0.3,0,11919
29000,2,0.5,0,11920
29000,2.5,-4,0.4,11939
29000,2.5,-3.5,0.4,11938
29000,2.5,-3,0.4,11937
29000,2.5,-2.5,0.4,11936
29000,2.5,-2,0.4,11935
29000,2.5,-1.5,0.4,11934
29000,2.5,-1,0.4,11933
29000,2.5,-0.5,0.2,11932
29000,2.5,0,0,11929
29000,2.5,0.3,0,11930
29000,2.5,0.5,0,11931
29000,3,-4,0.4,11950
29000,3,-3.5,0.4,11949
29000,3,-3,0.4,11948
29000,3,-2.5,0.4,11947
29000,3,-2,0.4,11946
29000,3,-1.5,0.4,11945
29000,3,-1,0.4,11944
29000,3,-0.5,0.2,11943
29000,3,0,0,11940
29000,3,0.3,0,11941
29000,3,0.5,0,11942
29000,3.5,-4,0.4,11961
29000,3.5,-3.5,0.4,11960
29000,3.5,-3,0.4,11959
29000,3.5,-2.5,0.4,11958
29000,3.5,-2,0.4,11957
29000,3.5,-1.5,0.4,11956
29000,3.5,-1,0.4,11955
29000,3.5,-0.5,0.2,11954
29000,3.5,0,0,11951
29000,3.5,0.3,0,11952
29000,3.5,0.5,0,11953
29000,4,-4,0.4,11973
29000,4,-3.5,0.4,11972
29000,4,-3,0.4,11971
29000,4,-2.5,0.4,11970
29000,4,-2,0.4,11969
29000,4,-1.5,0.4,11968
29000,4,-1,0.4,11967
29000,4,-0.5,0,11964
29000,4,0,0,11962
29000,4,0.3,0,11963
29000,4,0.5,0,11965
29000,4.5,-4,0.4,11985
29000,4.5,-3.5,0.4,11984
29000,4.5,-3,0.4,11983
29000,4.5,-2.5,0.4,11982
29000,4.5,-2,0.4,11981
29000,4.5,-1.5,0.4,11980
29000,4.5,-1,0.4,11979
29000,4.5,-0.5,0,11976
29000,4.5,0,0,11974
29000,4.5,0.3,0,11975
29000,4.5,0.5,0,11977
30000,2,-4,0.4,11996
30000,2,-3.5,0.4,11995
30000,2,-3,0.4,11994
30000,2,-2.5,0.4,11993
30000,2,-2,0.4,11992
30000,2,-1.5,0.4,11991
30000,2,-1,0.4,11990
30000,2,-0.5,0.2,11989
30000,2,0,0,11986
30000,2,0.3,0,11987
30000,2,0.5,0,11988
30000,2.5,-4,0.4,12007
30000,2.5,-3.5,0.4,12006
30000,2.5,-3,0.4,12005
30000,2.5,-2.5,0.4,12004
30000,2.5,-2,0.4,12003
30000,2.5,-1.5,0.4,12002
30000,2.5,-1,0.4,12001
30000,2.5,-0.5,0.2,12000
30000,2.5,0,0,11997
30000,2.5,0.3,0,11998
30000,2.5,0.5,0,11999
30000,3,-4,0.4,12018
30000,3,-3.5,0.4,12017
30000,3,-3,0.4,12016
30000,3,-2.5,0.4,12015
30000,3,-2,0.4,12014
30000,3,-1.5,0.4,12013
30000,3,-1,0.4,12012
30000,3,-0.5,0.2,12011
30000,3,0,0,12008
30000,3,0.3,0,12009
30000,3,0.5,0,12010
30000,3.5,-4,0.4,12029
30000,3.5,-3.5,0.4,12028
30000,3.5,-3,0.4,12027
30000,3.5,-2.5,0.4,12026
30000,3.5,-2,0.4,12025
30000,3.5,-1.5,0.4,12024
30000,3.5,-1,0.4,12023
30000,3.5,-0.5,0.2,12022
30000,3.5,0,0,12019
30000,3.5,0.3,0,12020
30000,3.5,0.5,0,12021
30000,4,-4,0.4,12049
30000,4,-3.5,0.4,12048
30000,4,-3,0.4,12047
30000,4,-2.5,0.4,12046
30000,4,-2,0.4,12045
30000,4,-1.5,0.2,12043
30000,4,-1,0.2,12040
30000,4,-0.5,0,12034
30000,4,0,0,12030
30000,4,0.3,0,12033
30000,4,0.5,0,12035
30000,4.5,-4,0.4,12062
30000,4.5,-3.5,0.4,12061
30000,4.5,-3,0.4,12060
30000,4.5,-2.5,0.4,12059
30000,4.5,-2,0.4,12058
30000,4.5,-1.5,0.4,12057
30000,4.5,-1,0.4,12055
30000,4.5,-0.5,0,12052
30000,4.5,0,0,12050
30000,4.5,0.3,0,12051
30000,4.5,0.5,0,12053
31000,2.5,-4,0.4,12073
31000,2.5,-3.5,0.4,12072
31000,2.5,-3,0.4,12071
31000,2.5,-2.5,0.4,12070
31000,2.5,-2,0.4,12069
31000,2.5,-1.5,0.4,12068
31000,2.5,-1,0.4,12067
31000,2.5,-0.5,0.2,12066
31000,2.5,0,0,12063
31000,2.5,0.3,0,12064
31000,2.5,0.5,0,12065
31000,3,-4,0.4,12084
31000,3,-3.5,0.4,12083
31000,3,-3,0.4,12082
31000,3,-2.5,0.4,12081
31000,3,-2,0.4,12080
31000,3,-1.5,0.4,12079
31000,3,-1,0.4,12078
31000,3,-0.5,0.2,12077
31000,3,0,0,12074
31000,3,0.3,0,12075
31000,3,0.5,0,12076
31000,3.5,-4,0.4,12095
31000,3.5,-3.5,0.4,12094
31000,3.5,-3,0.4,12093
31000,3.5,-2.5,0.4,12092
31000,3.5,-2,0.4,12091
31000,3.5,-1.5,0.4,12090
31000,3.5,-1,0.4,12089
31000,3.5,-0.5,0.2,12088
31000,3.5,0,0,12085
31000,3.5,0.3,0,12086
31000,3.5,0.5,0,12087
31000,4,-4,0.4,12107
31000,4,-3.5,0.4,12106
31000,4,-3,0.4,12105
31000,4,-2.5,0.4,12104
31000,4,-2,0.4,12103
31000,4,-1.5,0.4,12102
31000,4,-1,0.4,12101
31000,4,-0.5,0,12098
31000,4,0,0,12096
31000,4,0.3,0,12097
31000,4,0.5,0,12099
31000,4.5,-4,0.4,12119
31000,4.5,-3.5,0.4,12118
31000,4.5,-3,0.4,12117
31000,4.5,-2.5,0.4,12116
31000,4.5,-2,0.4,12115
31000,4.5,-1.5,0.4,12114
31000,4.5,-1,0.4,12113
31000,4.5,-0.5,0,12110
31000,4.5,0,0,12108
31000,4.5,0.3,0,12109
31000,4.5,0.5,0,12111
32000,2.5,-4,0.4,12130
32000,2.5,-3.5,0.4,12129
32000,2.5,-3,0.4,12128
32000,2.5,-2.5,0.4,12127
32000,2.5,-2,0.4,12126
32000,2.5,-1.5,0.4,12125
32000,2.5,-1,0.4,12124
32000,2.5,-0.5,0.2,12123
32000,2.5,0,0,12120
32000,2.5,0.3,0,12121
32000,2.5,0.5,0,12122
32000,3,-4,0.4,12141
32000,3,-3.5,0.4,12140
32000,3,-3,0.4,12139
32000,3,-2.5,0.4,12138
32000,3,-2,0.4,12137
32000,3,-1.5,0.4,12136
32000,3,-1,0.4,12135
32000,3,-0.5,0.2,12134
32000,3,0,0,12131
32000,3,0.3,0,12132
32000,3,0.5,0,12133
32000,3.5,-4,0.4,12152
32000,3.5,-3.5,0.4,12151
32000,3.5,-3,0.4,12150
32000,3.5,-2.5,0.4,12149
32000,3.5,-2,0.4,12148
32000,3.5,-1.5,0.4,12147
32000,3.5,-1,0.4,12146
32000,3.5,-0.5,0.2,12145
32000,3.5,0,0,12142
32000,3.5,0.3,0,12143
32000,3.5,0.5,0,12144
32000,4,-4,0.4,12171
32000,4,-3.5,0.4,12170
32000,4,-3,0.4,12169
32000,4,-2.5,0.4,12168
32000,4,-2,0.4,12167
32000,4,-1.5,0.2,12165
32000,4,-1,0.2,12162
32000,4,-0.5,0,12157
32000,4,0,0,12153
32000,4,0.3,0,12156
32000,4,0.5,0,12158
32000,4.5,-4,0.4,12184
32000,4.5,-3.5,0.4,12183
32000,4.5,-3,0.4,12182
32000,4.5,-2.5,0.4,12181
32000,4.5,-2,0.4,12180
32000,4.5,-1.5,0.4,12179
32000,4.5,-1,0.4,12177
32000,4.5,-0.5,0,12174
32000,4.5,0,0,12172
32000,4.5,0.3,0,12173
32000,4.5,0.5,0,12175
33000,2.5,-4,0.4,12195
33000,2.5,-3.5,0.4,12194
33000,2.5,-3,0.4,12193
33000,2.5,-2.5,0.4,12192
33000,2.5,-2,0.4,12191
33000,2.5,-1.5,0.4,12190
33000,2.5,-1,0.4,12189
33000,2.5,-0.5,0.2,12188
33000,2.5,0,0,12185
33000,2.5,0.3,0,12186
33000,2.5,0.5,0,12187
33000,3,-4,0.4,12206
33000,3,-3.5,0.4,12205
33000,3,-3,0.4,12204
33000,3,-2.5,0.4,12203
33000,3,-2,0.4,12202
33000,3,-1.5,0.4,12201
33000,3,-1,0.4,12200
33000,3,-0.5,0.2,12199
33000,3,0,0,12196
33000,3,0.3,0,12197
33000,3,0.5,0,12198
33000,3.5,-4,0.4,12217
33000,3.5,-3.5,0.4,12216
33000,3.5,-3,0.4,12215
33000,3.5,-2.5,0.4,12214
33000,3.5,-2,0.4,12213
33000,3.5,-1.5,0.4,12212
33000,3.5,-1,0.4,12211
33000,3.5,-0.5,0.2,12210
33000,3.5,0,0,12207
33000,3.5,0.3,0,12208
33000,3.5,0.5,0,12209
33000,4,-4,0.4,12229
33000,4,-3.5,0.4,12228
33000,4,-3,0.4,12227
33000,4,-2.5,0.4,12226
33000,4,-2,0.4,12225
33000,4,-1.5,0.4,12224
33000,4,-1,0.4,12223
33000,4,-0.5,0,12220
33000,4,0,0,12218
33000,4,0.3,0,12219
33000,4,0.5,0,12221
33000,4.5,-4,0.4,12241
33000,4.5,-3.5,0.4,12240
33000,4.5,-3,0.4,12239
33000,4.5,-2.5,0.4,12238
33000,4.5,-2,0.4,12237
33000,4.5,-1.5,0.4,12236
33000,4.5,-1,0.4,12235
33000,4.5,-0.5,0,12232
33000,4.5,0,0,12230
33000,4.5,0.3,0,12231
33000,4.5,0.5,0,12233
34000,2.5,-4,0.4,12252
34000,2.5,-3.5,0.4,12251
34000,2.5,-3,0.4,12250
34000,2.5,-2.5,0.4,12249
34000,2.5,-2,0.4,12248
34000,2.5,-1.5,0.4,12247
34000,2.5,-1,0.4,12246
34000,2.5,-0.5,0.2,12245
34000,2.5,0,0,12242
34000,2.5,0.3,0,12243
34000,2.5,0.5,0,12244
34000,3,-4,0.4,12263
34000,3,-3.5,0.4,12262
34000,3,-3,0.4,12261
34000,3,-2.5,0.4,12260
34000,3,-2,0.4,12259
34000,3,-1.5,0.4,12258
34000,3,-1,0.4,12257
34000,3,-0.5,0.2,12256
34000,3,0,0,12253
34000,3,0.3,0,12254
34000,3,0.5,0,12255
34000,3.5,-4,0.4,12274
34000,3.5,-3.5,0.4,12273
34000,3.5,-3,0.4,12272
34000,3.5,-2.5,0.4,12271
34000,3.5,-2,0.4,12270
34000,3.5,-1.5,0.4,12269
34000,3.5,-1,0.4,12268
34000,3.5,-0.5,0.2,12267
34000,3.5,0,0,12264
34000,3.5,0.3,0,12265
34000,3.5,0.5,0,12266
34000,4,-4,0.4,12293
34000,4,-3.5,0.4,12292
34000,4,-3,0.4,12291
34000,4,-2.5,0.4,12290
34000,4,-2,0.4,12289
34000,4,-1.5,0.2,12287
34000,4,-1,0.2,12284
34000,4,-0.5,0,12279
34000,4,0,0,12275
34000,4,0.3,0,12278
34000,4,0.5,0,12280
34000,4.5,-4,0.4,12306
34000,4.5,-3.5,0.4,12305
34000,4.5,-3,0.4,12304
34000,4.5,-2.5,0.4,12303
34000,4.5,-2,0.4,12302
34000,4.5,-1.5,0.4,12301
34000,4.5,-1,0.4,12299
34000,4.5,-0.5,0,12296
34000,4.5,0,0,12294
34000,4.5,0.3,0,12295
34000,4.5,0.5,0,12297
35000,2.5,-4,0.4,12317
35000,2.5,-3.5,0.4,12316
35000,2.5,-3,0.4,12315
35000,2.5,-2.5,0.4,12314
35000,2.5,-2,0.4,12313
35000,2.5,-1.5,0.4,12312
35000,2.5,-1,0.4,12311
35000,2.5,-0.5,0.2,12310
35000,2.5,0,0,12307
35000,2.5,0.3,0,12308
35000,2.5,0.5,0,12309
35000,3,-4,0.4,12328
35000,3,-3.5,0.4,12327
35000,3,-3,0.4,12326
35000,3,-2.5,0.4,12325
35000,3,-2,0.4,12324
35000,3,-1.5,0.4,12323
35000,3,-1,0.4,12322
35000,3,-0.5,0.2,12321
35000,3,0,0,12318
35000,3,0.3,0,12319
35000,3,0.5,0,12320
35000,3.5,-4,0.4,12339
35000,3.5,-3.5,0.4,12338
35000,3.5,-3,0.4,12337
35000,3.5,-2.5,0.4,12336
35000,3.5,-2,0.4,12335
35000,3.5,-1.5,0.4,12334
35000,3.5,-1,0.4,12333
35000,3.5,-0.5,0.2,12332
35000,3.5,0,0,12329
35000,3.5,0.3,0,12330
35000,3.5,0.5,0,12331
35000,4,-4,0.4,12351
35000,4,-3.5,0.4,12350
35000,4,-3,0.4,12349
35000,4,-2.5,0.4,12348
35000,4,-2,0.4,12347
35000,4,-1.5,0.4,12346
35000,4,-1,0.4,12345
35000,4,-0.5,0,12342
35000,4,0,0,12340
35000,4,0.3,0,12341
35000,4,0.5,0,12343
35000,4.5,-4,0.4,12363
35000,4.5,-3.5,0.4,12362
35000,4.5,-3,0.4,12361
35000,4.5,-2.5,0.4,12360
35000,4.5,-2,0.4,12359
35000,4.5,-1.5,0.4,12358
35000,4.5,-1,0.4,12357
35000,4.5,-0.5,0,12354
35000,4.5,0,0,12352
35000,4.5,0.3,0,12353
35000,4.5,0.5,0,12355
36000,2.5,-4,0.4,12374
36000,2.5,-3.5,0.4,12373
36000,2.5,-3,0.4,12372
36000,2.5,-2.5,0.4,12371
36000,2.5,-2,0.4,12370
36000,2.5,-1.5,0.4,12369
36000,2.5,-1,0.4,12368
36000,2.5,-0.5,0.2,12367
36000,2.5,0,0,12364
36000,2.5,0.3,0,12365
36000,2.5,0.5,0,12366
36000,3,-4,0.4,12385
36000,3,-3.5,0.4,12384
36000,3,-3,0.4,12383
36000,3,-2.5,0.4,12382
36000,3,-2,0.4,12381
36000,3,-1.5,0.4,12380
36000,3,-1,0.4,12379
36000,3,-0.5,0.2,12378
36000,3,0,0,12375
36000,3,0.3,0,12376
36000,3,0.5,0,12377
36000,3.5,-4,0.4,12396
36000,3.5,-3.5,0.4,12395
36000,3.5,-3,0.4,12394
36000,3.5,-2.5,0.4,12393
36000,3.5,-2,0.4,12392
36000,3.5,-1.5,0.4,12391
36000,3.5,-1,0.4,12390
36000,3.5,-0.5,0.2,12389
36000,3.5,0,0,12386
36000,3.5,0.3,0,12387
36000,3.5,0.5,0,12388
36000,4,-4,0.4,12415
36000,4,-3.5,0.4,12414
36000,4,-3,0.4,12413
36000,4,-2.5,0.4,12412
36000,4,-2,0.4,12411
36000,4,-1.5,0.2,12409
36000,4,-1,0.2,12406
36000,4,-0.5,0,12401
36000,4,0,0,12397
36000,4,0.3,0,12400
36000,4,0.5,0,12402
36000,4.5,-4,0.4,12428
36000,4.5,-3.5,0.4,12427
36000,4.5,-3,0.4,12426
36000,4.5,-2.5,0.4,12425
36000,4.5,-2,0.4,12424
36000,4.5,-1.5,0.4,12423
36000,4.5,-1,0.4,12421
36000,4.5,-0.5,0,12418
36000,4.5,0,0,12416
36000,4.5,0.3,0,12417
36000,4.5,0.5,0,12419
37000,2.5,-4,0.4,12439
37000,2.5,-3.5,0.4,12438
37000,2.5,-3,0.4,12437
37000,2.5,-2.5,0.4,12436
37000,2.5,-2,0.4,12435
37000,2.5,-1.5,0.4,12434
37000,2.5,-1,0.4,12433
37000,2.5,-0.5,0.2,12432
37000,2.5,0,0,12429
37000,2.5,0.3,0,12430
37000,2.5,0.5,0,12431
37000,3,-4,0.4,12450
37000,3,-3.5,0.4,12449
37000,3,-3,0.4,12448
37000,3,-2.5,0.4,12447
37000,3,-2,0.4,12446
37000,3,-1.5,0.4,12445
37000,3,-1,0.4,12444
37000,3,-0.5,0.2,12443
37000,3,0,0,12440
37000,3,0.3,0,12441
37000,3,0.5,0,12442
37000,3.5,-4,0.4,12461
37000,3.5,-3.5,0.4,12460
37000,3.5,-3,0.4,12459
37000,3.5,-2.5,0.4,12458
37000,3.5,-2,0.4,12457
37000,3.5,-1.5,0.4,12456
37000,3.5,-1,0.4,12455
37000,3.5,-0.5,0.2,12454
37000,3.5,0,0,12451
37000,3.5,0.3,0,12452
37000,3.5,0.5,0,12453
37000,4,-4,0.4,12473
37000,4,-3.5,0.4,12472
37000,4,-3,0.4,12471
37000,4,-2.5,0.4,12470
37000,4,-2,0.4,12469
37000,4,-1.5,0.4,12468
37000,4,-1,0.4,12467
37000,4,-0.5,0,12464
37000,4,0,0,12462
37000,4,0.3,0,12463
37000,4,0.5,0,12465
37000,4.5,-4,0.4,12485
37000,4.5,-3.5,0.4,12484
37000,4.5,-3,0.4,12483
37000,4.5,-2.5,0.4,12482
37000,4.5,-2,0.4,12481
37000,4.5,-1.5,0.4,12480
37000,4.5,-1,0.4,12479
37000,4.5,-0.5,0,12476
37000,4.5,0,0,12474
37000,4.5,0.3,0,12475
37000,4.5,0.5,0,12477
38000,2.5,-4,0.4,12496
38000,2.5,-3.5,0.4,12495
38000,2.5,-3,0.4,12494
38000,2.5,-2.5,0.4,12493
38000,2.5,-2,0.4,12492
38000,2.5,-1.5,0.4,12491
38000,2.5,-1,0.4,12490
38000,2.5,-0.5,0.2,12489
38000,2.5,0,0,12486
38000,2.5,0.3,0,12487
38000,2.5,0.5,0,12488
38000,3,-4,0.4,12507
38000,3,-3.5,0.4,12506
38000,3,-3,0.4,12505
38000,3,-2.5,0.4,12504
38000,3,-2,0.4,12503
38000,3,-1.5,0.4,12502
38000,3,-1,0.4,12501
38000,3,-0.5,0.2,12500
38000,3,0,0,12497
38000,3,0.3,0,12498
38000,3,0.5,0,12499
38000,3.5,-4,0.4,12518
38000,3.5,-3.5,0.4,12517
38000,3.5,-3,0.4,12516
38000,3.5,-2.5,0.4,12515
38000,3.5,-2,0.4,12514
38000,3.5,-1.5,0.4,12513
38000,3.5,-1,0.4,12512
38000,3.5,-0.5,0.2,12511
38000,3.5,0,0,12508
38000,3.5,0.3,0,12509
38000,3.5,0.5,0,12510
38000,4,-4,0.4,12537
38000,4,-3.5,0.4,12536
38000,4,-3,0.4,12535
38000,4,-2.5,0.4,12534
38000,4,-2,0.4,12533
38000,4,-1.5,0.2,12531
38000,4,-1,0.2,12528
38000,4,-0.5,0,12523
38000,4,0,0,12519
38000,4,0.3,0,12522
38000,4,0.5,0,12524
38000,4.5,-4,0.4,12550
38000,4.5,-3.5,0.4,12549
38000,4.5,-3,0.4,12548
38000,4.5,-2.5,0.4,12547
38000,4.5,-2,0.4,12546
38000,4.5,-1.5,0.4,12545
38000,4.5,-1,0.4,12543
38000,4.5,-0.5,0,12540
38000,4.5,0,0,12538
38000,4.5,0.3,0,12539
38000,4.5,0.5,0,12541
39000,2.5,-4,0.4,12561
39000,2.5,-3.5,0.4,12560
39000,2.5,-3,0.4,12559
39000,2.5,-2.5,0.4,12558
39000,2.5,-2,0.4,12557
39000,2.5,-1.5,0.4,12556
39000,2.5,-1,0.4,12555
39000,2.5,-0.5,0.2,12554
39000,2.5,0,0,12551
39000,2.5,0.3,0,12552
39000,2.5,0.5,0,12553
39000,3,-4,0.4,12572
39000,3,-3.5,0.4,12571
39000,3,-3,0.4,12570
39000,3,-2.5,0.4,12569
39000,3,-2,0.4,12568
39000,3,-1.5,0.4,12567
39000,3,-1,0.4,12566
39000,3,-0.5,0.2,12565
39000,3,0,0,12562
39000,3,0.3,0,12563
39000,3,0.5,0,12564
39000,3.5,-4,0.4,12583
39000,3.5,-3.5,0.4,12582
39000,3.5,-3,0.4,12581
39000,3.5,-2.5,0.4,12580
39000,3.5,-2,0.4,12579
39000,3.5,-1.5,0.4,12578
39000,3.5,-1,0.4,12577
39000,3.5,-0.5,0.2,12576
39000,3.5,0,0,12573
39000,3.5,0.3,0,12574
39000,3.5,0.5,0,12575
39000,4,-4,0.4,12595
39000,4,-3.5,0.4,12594
39000,4,-3,0.4,12593
39000,4,-2.5,0.4,12592
39000,4,-2,0.4,12591
39000,4,-1.5,0.4,12590
39000,4,-1,0.4,12589
39000,4,-0.5,0,12586
39000,4,0,0,12584
39000,4,0.3,0,12585
39000,4,0.5,0,12587
39000,4.5,-4,0.4,12607
39000,4.5,-3.5,0.4,12606
39000,4.5,-3,0.4,12605
39000,4.5,-2.5,0.4,12604
39000,4.5,-2,0.4,12603
39000,4.5,-1.5,0.4,12602
39000,4.5,-1,0.4,12601
39000,4.5,-0.5,0,12598
39000,4.5,0,0,12596
39000,4.5,0.3,0,12597
39000,4.5,0.5,0,12599
40000,2.5,-4,0.4,12618
40000,2.5,-3.5,0.4,12617
40000,2.5,-3,0.4,12616
40000,2.5,-2.5,0.4,12615
40000,2.5,-2,0.4,12614
40000,2.5,-1.5,0.4,12613
40000,2.5,-1,0.4,12612
40000,2.5,-0.5,0.2,12611
40000,2.5,0,0,12608
40000,2.5,0.3,0,12609
40000,2.5,0.5,0,12610
40000,3,-4,0.4,12629
40000,3,-3.5,0.4,12628
40000,3,-3,0.4,12627
40000,3,-2.5,0.4,12626
40000,3,-2,0.4,12625
40000,3,-1.5,0.4,12624
40000,3,-1,0.4,12623
40000,3,-0.5,0.2,12622
40000,3,0,0,12619
40000,3,0.3,0,12620
40000,3,0.5,0,12621
40000,3.5,-4,0.4,12640
40000,3.5,-3.5,0.4,12639
40000,3.5,-3,0.4,12638
40000,3.5,-2.5,0.4,12637
40000,3.5,-2,0.4,12636
40000,3.5,-1.5,0.4,12635
40000,3.5,-1,0.4,12634
40000,3.5,-0.5,0.2,12633
40000,3.5,0,0,12630
40000,3.5,0.3,0,12631
40000,3.5,0.5,0,12632
40000,4,-4,0.4,12660
40000,4,-3.5,0.4,12659
40000,4,-3,0.4,12658
40000,4,-2.5,0.4,12657
40000,4,-2,0.4,12656
40000,4,-1.5,0.2,12654
40000,4,-1,0.2,12651
40000,4,-0.5,0,12645
40000,4,0,0,12641
40000,4,0.3,0,12644
40000,4,0.5,0,12646
40000,4.5,-4,0.4,12673
40000,4.5,-3.5,0.4,12672
40000,4.5,-3,0.4,12671
40000,4.5,-2.5,0.4,12670
40000,4.5,-2,0.4,12669
40000,4.5,-1.5,0.4,12668
40000,4.5,-1,0.4,12666
40000,4.5,-0.5,0,12663
40000,4.5,0,0,12661
40000,4.5,0.3,0,12662
40000,4.5,0.5,0,12664
41000,3.5,-4,0.4,12684
41000,3.5,-3.5,0.4,12683
41000,3.5,-3,0.4,12682
41000,3.5,-2.5,0.4,12681
41000,3.5,-2,0.4,12680
41000,3.5,-1.5,0.4,12679
41000,3.5,-1,0.4,12678
41000,3.5,-0.5,0.2,12677
41000,3.5,0,0,12674
41000,3.5,0.3,0,12675
41000,3.5,0.5,0,12676
41000,4,-4,0.4,12696
41000,4,-3.5,0.4,12695
41000,4,-3,0.4,12694
41000,4,-2.5,0.4,12693
41000,4,-2,0.4,12692
41000,4,-1.5,0.4,12691
41000,4,-1,0.4,12690
41000,4,-0.5,0,12687
41000,4,0,0,12685
41000,4,0.3,0,12686
41000,4,0.5,0,12688
41000,4.5,-4,0.4,12708
41000,4.5,-3.5,0.4,12707
41000,4.5,-3,0.4,12706
41000,4.5,-2.5,0.4,12705
41000,4.5,-2,0.4,12704
41000,4.5,-1.5,0.4,12703
41000,4.5,-1,0.4,12702
41000,4.5,-0.5,0,12699
41000,4.5,0,0,12697
41000,4.5,0.3,0,12698
41000,4.5,0.5,0,12700
42000,2.5,0,0,12709
42000,3.5,-4,0.4,12720
42000,3.5,-3.5,0.4,12719
42000,3.5,-3,0.4,12718
42000,3.5,-2.5,0.4,12717
42000,3.5,-2,0.4,12716
42000,3.5,-1.5,0.4,12715
42000,3.5,-1,0.4,12714
42000,3.5,-0.5,0.2,12713
42000,3.5,0,0,12710
42000,3.5,0.3,0,12711
42000,3.5,0.5,0,12712
42000,4,-4,0.4,12739
42000,4,-3.5,0.4,12738
42000,4,-3,0.4,12737
42000,4,-2.5,0.4,12736
42000,4,-2,0.4,12735
42000,4,-1.5,0.2,12733
42000,4,-1,0.2,12730
42000,4,-0.5,0,12725
42000,4,0,0,12721
42000,4,0.3,0,12724
42000,4,0.5,0,12726
42000,4.5,-4,0.4,12752
42000,4.5,-3.5,0.4,12751
42000,4.5,-3,0.4,12750
42000,4.5,-2.5,0.4,12749
42000,4.5,-2,0.4,12748
42000,4.5,-1.5,0.4,12747
42000,4.5,-1,0.4,12745
42000,4.5,-0.5,0,12742
42000,4.5,0,0,12740
42000,4.5,0.3,0,12741
42000,4.5,0.5,0,12743
43000,3.5,-4,0.4,12763
43000,3.5,-3.5,0.4,12762
43000,3.5,-3,0.4,12761
43000,3.5,-2.5,0.4,12760
43000,3.5,-2,0.4,12759
43000,3.5,-1.5,0.4,12758
43000,3.5,-1,0.4,12757
43000,3.5,-0.5,0.2,12756
43000,3.5,0,0,12753
43000,3.5,0.3,0,12754
43000,3.5,0.5,0,12755
43000,4,-4,0.4,12775
43000,4,-3.5,0.4,12774
43000,4,-3,0.4,12773
43000,4,-2.5,0.4,12772
43000,4,-2,0.4,12771
43000,4,-1.5,0.4,12770
43000,4,-1,0.4,12769
43000,4,-0.5,0,12766
43000,4,0,0,12764
43000,4,0.3,0,12765
43000,4,0.5,0,12767
43000,4.5,-4,0.4,12787
43000,4.5,-3.5,0.4,12786
43000,4.5,-3,0.4,12785
43000,4.5,-2.5,0.4,12784
43000,4.5,-2,0.4,12783
43000,4.5,-1.5,0.4,12782
43000,4.5,-1,0.4,12781
43000,4.5,-0.5,0,12778
43000,4.5,0,0,12776
43000,4.5,0.3,0,12777
43000,4.5,0.5,0,12779
44000,2.5,0,0,12788
44000,3.5,-4,0.4,12799
44000,3.5,-3.5,0.4,12798
44000,3.5,-3,0.4,12797
44000,3.5,-2.5,0.4,12796
44000,3.5,-2,0.4,12795
44000,3.5,-1.5,0.4,12794
44000,3.5,-1,0.4,12793
44000,3.5,-0.5,0.2,12792
44000,3.5,0,0,12789
44000,3.5,0.3,0,12790
44000,3.5,0.5,0,12791
44000,4,-4,0.4,12818
44000,4,-3.5,0.4,12817
44000,4,-3,0.4,12816
44000,4,-2.5,0.4,12815
44000,4,-2,0.4,12814
44000,4,-1.5,0.2,12812
44000,4,-1,0.2,12809
44000,4,-0.5,0,12804
44000,4,0,0,12800
44000,4,0.3,0,12803
44000,4,0.5,0,12805
44000,4.5,-4,0.4,12831
44000,4.5,-3.5,0.4,12830
44000,4.5,-3,0.4,12829
44000,4.5,-2.5,0.4,12828
44000,4.5,-2,0.4,12827
44000,4.5,-1.5,0.4,12826
44000,4.5,-1,0.4,12824
44000,4.5,-0.5,0,12821
44000,4.5,0,0,12819
44000,4.5,0.3,0,12820
44000,4.5,0.5,0,12822
45000,3.5,-4,0.4,12842
45000,3.5,-3.5,0.4,12841
45000,3.5,-3,0.4,12840
45000,3.5,-2.5,0.4,12839
45000,3.5,-2,0.4,12838
45000,3.5,-1.5,0.4,12837
45000,3.5,-1,0.4,12836
45000,3.5,-0.5,0.2,12835
45000,3.5,0,0,12832
45000,3.5,0.3,0,12833
45000,3.5,0.5,0,12834
45000,4,-4,0.4,12854
45000,4,-3.5,0.4,12853
45000,4,-3,0.4,12852
45000,4,-2.5,0.4,12851
45000,4,-2,0.4,12850
45000,4,-1.5,0.4,12849
45000,4,-1,0.4,12848
45000,4,-0.5,0,12845
45000,4,0,0,12843
45000,4,0.3,0,12844
45000,4,0.5,0,12846
45000,4.5,-4,0.4,12866
45000,4.5,-3.5,0.4,12865
45000,4.5,-3,0.4,12864
45000,4.5,-2.5,0.4,12863
45000,4.5,-2,0.4,12862
45000,4.5,-1.5,0.4,12861
45000,4.5,-1,0.4,12860
45000,4.5,-0.5,0,12857
45000,4.5,0,0,12855
45000,4.5,0.3,0,12856
45000,4.5,0.5,0,12858
46000,2.5,0,0,12867
46000,3.5,-4,0.4,12878
46000,3.5,-3.5,0.4,12877
46000,3.5,-3,0.4,12876
46000,3.5,-2.5,0.4,12875
46000,3.5,-2,0.4,12874
46000,3.5,-1.5,0.4,12873
46000,3.5,-1,0.4,12872
46000,3.5,-0.5,0.2,12871
46000,3.5,0,0,12868
46000,3.5,0.3,0,12869
46000,3.5,0.5,0,12870
46000,4,-4,0.4,12897
46000,4,-3.5,0.4,12896
46000,4,-3,0.4,12895
46000,4,-2.5,0.4,12894
46000,4,-2,0.4,12893
46000,4,-1.5,0.2,12891
46000,4,-1,0.2,12888
46000,4,-0.5,0,12883
46000,4,0,0,12879
46000,4,0.3,0,12882
46000,4,0.5,0,12884
46000,4.5,-4,0.4,12910
46000,4.5,-3.5,0.4,12909
46000,4.5,-3,0.4,12908
46000,4.5,-2.5,0.4,12907
46000,4.5,-2,0.4,12906
46000,4.5,-1.5,0.4,12905
46000,4.5,-1,0.4,12903
46000,4.5,-0.5,0,12900
46000,4.5,0,0,12898
46000,4.5,0.3,0,12899
46000,4.5,0.5,0,12901
47000,3.5,-4,0.4,12921
47000,3.5,-3.5,0.4,12920
47000,3.5,-3,0.4,12919
47000,3.5,-2.5,0.4,12918
47000,3.5,-2,0.4,12917
47000,3.5,-1.5,0.4,12916
47000,3.5,-1,0.4,12915
47000,3.5,-0.5,0.2,12914
47000,3.5,0,0,12911
47000,3.5,0.3,0,12912
47000,3.5,0.5,0,12913
47000,4,-4,0.4,12933
47000,4,-3.5,0.4,12932
47000,4,-3,0.4,12931
47000,4,-2.5,0.4,12930
47000,4,-2,0.4,12929
47000,4,-1.5,0.4,12928
47000,4,-1,0.4,12927
47000,4,-0.5,0,12924
47000,4,0,0,12922
47000,4,0.3,0,12923
47000,4,0.5,0,12925
47000,4.5,-4,0.4,12945
47000,4.5,-3.5,0.4,12944
47000,4.5,-3,0.4,12943
47000,4.5,-2.5,0.4,12942
47000,4.5,-2,0.4,12941
47000,4.5,-1.5,0.4,12940
47000,4.5,-1,0.4,12939
47000,4.5,-0.5,0,12936
47000,4.5,0,0,12934
47000,4.5,0.3,0,12935
47000,4.5,0.5,0,12937
48000,2.5,0,0,12946
48000,3.5,-4,0.4,12957
48000,3.5,-3.5,0.4,12956
48000,3.5,-3,0.4,12955
48000,3.5,-2.5,0.4,12954
48000,3.5,-2,0.4,12953
48000,3.5,-1.5,0.4,12952
48000,3.5,-1,0.4,12951
48000,3.5,-0.5,0.2,12950
48000,3.5,0,0,12947
48000,3.5,0.3,0,12948
48000,3.5,0.5,0,12949
48000,4,-4,0.4,12976
48000,4,-3.5,0.4,12975
48000,4,-3,0.4,12974
48000,4,-2.5,0.4,12973
48000,4,-2,0.4,12972
48000,4,-1.5,0.2,12970
48000,4,-1,0.2,12967
48000,4,-0.5,0,12962
48000,4,0,0,12958
48000,4,0.3,0,12961
48000,4,0.5,0,12963
48000,4.5,-4,0.4,12989
48000,4.5,-3.5,0.4,12988
48000,4.5,-3,0.4,12987
48000,4.5,-2.5,0.4,12986
48000,4.5,-2,0.4,12985
48000,4.5,-1.5,0.4,12984
48000,4.5,-1,0.4,12982
48000,4.5,-0.5,0,12979
48000,4.5,0,0,12977
48000,4.5,0.3,0,12978
48000,4.5,0.5,0,12980
49000,3.5,-4,0.4,13000
49000,3.5,-3.5,0.4,12999
49000,3.5,-3,0.4,12998
49000,3.5,-2.5,0.4,12997
49000,3.5,-2,0.4,12996
49000,3.5,-1.5,0.4,12995
49000,3.5,-1,0.4,12994
49000,3.5,-0.5,0.2,12993
49000,3.5,0,0,12990
49000,3.5,0.3,0,12991
49000,3.5,0.5,0,12992
49000,4,-4,0.4,13012
49000,4,-3.5,0.4,13011
49000,4,-3,0.4,13010
49000,4,-2.5,0.4,13009
49000,4,-2,0.4,13008
49000,4,-1.5,0.4,13007
49000,4,-1,0.4,13006
49000,4,-0.5,0,13003
49000,4,0,0,13001
49000,4,0.3,0,13002
49000,4,0.5,0,13004
49000,4.5,-4,0.4,13024
49000,4.5,-3.5,0.4,13023
49000,4.5,-3,0.4,13022
49000,4.5,-2.5,0.4,13021
49000,4.5,-2,0.4,13020
49000,4.5,-1.5,0.4,13019
49000,4.5,-1,0.4,13018
49000,4.5,-0.5,0,13015
49000,4.5,0,0,13013
49000,4.5,0.3,0,13014
49000,4.5,0.5,0,13016
50000,2.5,0,0,13025
50000,3.5,-4,0.4,13036
50000,3.5,-3.5,0.4,13035
50000,3.5,-3,0.4,13034
50000,3.5,-2.5,0.4,13033
50000,3.5,-2,0.4,13032
50000,3.5,-1.5,0.4,13031
50000,3.5,-1,0.4,13030
50000,3.5,-0.5,0.2,13029
50000,3.5,0,0,13026
50000,3.5,0.3,0,13027
50000,3.5,0.5,0,13028
50000,4,-4,0.4,13056
50000,4,-3.5,0.4,13055
50000,4,-3,0.4,13054
50000,4,-2.5,0.4,13053
50000,4,-2,0.4,13052
50000,4,-1.5,0.2,13050
50000,4,-1,0.2,13047
50000,4,-0.5,0,13041
50000,4,0,0,13037
50000,4,0.3,0,13040
50000,4,0.5,0,13042
50000,4.5,-4,0.4,13069
50000,4.5,-3.5,0.4,13068
50000,4.5,-3,0.4,13067
50000,4.5,-2.5,0.4,13066
50000,4.5,-2,0.4,13065
50000,4.5,-1.5,0.4,13064
50000,4.5,-1,0.4,13062
50000,4.5,-0.5,0,13059
50000,4.5,0,0,13057
50000,4.5,0.3,0,13058
50000,4.5,0.5,0,13060
51000,4,-4,0.4,13081
51000,4,-3.5,0.4,13080
51000,4,-3,0.4,13079
51000,4,-2.5,0.4,13078
51000,4,-2,0.4,13077
51000,4,-1.5,0.4,13076
51000,4,-1,0.4,13075
51000,4,-0.5,0,13072
51000,4,0,0,13070
51000,4,0.3,0,13071
51000,4,0.5,0,13073
51000,4.5,-4,0.4,13093
51000,4.5,-3.5,0.4,13092
51000,4.5,-3,0.4,13091
51000,4.5,-2.5,0.4,13090
51000,4.5,-2,0.4,13089
51000,4.5,-1.5,0.4,13088
51000,4.5,-1,0.4,13087
51000,4.5,-0.5,0,13084
51000,4.5,0,0,13082
51000,4.5,0.3,0,13083
51000,4.5,0.5,0,13085
52000,4,-4,0.4,13112
52000,4,-3.5,0.4,13111
52000,4,-3,0.4,13110
52000,4,-2.5,0.4,13109
52000,4,-2,0.4,13108
52000,4,-1.5,0.2,13106
52000,4,-1,0.2,13103
52000,4,-0.5,0,13098
52000,4,0,0,13094
52000,4,0.3,0,13097
52000,4,0.5,0,13099
52000,4.5,-4,0.4,13125
52000,4.5,-3.5,0.4,13124
52000,4.5,-3,0.4,13123
52000,4.5,-2.5,0.4,13122
52000,4.5,-2,0.4,13121
52000,4.5,-1.5,0.4,13120
52000,4.5,-1,0.4,13118
52000,4.5,-0.5,0,13115
52000,4.5,0,0,13113
52000,4.5,0.3,0,13114
52000,4.5,0.5,0,13116
53000,4,-4,0.4,13137
53000,4,-3.5,0.4,13136
53000,4,-3,0.4,13135
53000,4,-2.5,0.4,13134
53000,4,-2,0.4,13133
53000,4,-1.5,0.4,13132
53000,4,-1,0.4,13131
53000,4,-0.5,0,13128
53000,4,0,0,13126
53000,4,0.3,0,13127
53000,4,0.5,0,13129
53000,4.5,-4,0.4,13149
53000,4.5,-3.5,0.4,13148
53000,4.5,-3,0.4,13147
53000,4.5,-2.5,0.4,13146
53000,4.5,-2,0.4,13145
53000,4.5,-1.5,0.4,13144
53000,4.5,-1,0.4,13143
53000,4.5,-0.5,0,13140
53000,4.5,0,0,13138
53000,4.5,0.3,0,13139
53000,4.5,0.5,0,13141
54000,4,-4,0.4,13168
54000,4,-3.5,0.4,13167
54000,4,-3,0.4,13166
54000,4,-2.5,0.4,13165
54000,4,-2,0.4,13164
54000,4,-1.5,0.2,13162
54000,4,-1,0.2,13159
54000,4,-0.5,0,13154
54000,4,0,0,13150
54000,4,0.3,0,13153
54000,4,0.5,0,13155
54000,4.5,-4,0.4,13181
54000,4.5,-3.5,0.4,13180
54000,4.5,-3,0.4,13179
54000,4.5,-2.5,0.4,13178
54000,4.5,-2,0.4,13177
54000,4.5,-1.5,0.4,13176
54000,4.5,-1,0.4,13174
54000,4.5,-0.5,0,13171
54000,4.5,0,0,13169
54000,4.5,0.3,0,13170
54000,4.5,0.5,0,13172
55000,4,-4,0.4,13193
55000,4,-3.5,0.4,13192
55000,4,-3,0.4,13191
55000,4,-2.5,0.4,13190
55000,4,-2,0.4,13189
55000,4,-1.5,0.4,13188
55000,4,-1,0.4,13187
55000,4,-0.5,0,13184
55000,4,0,0,13182
55000,4,0.3,0,13183
55000,4,0.5,0,13185
55000,4.5,-4,0.4,13205
55000,4.5,-3.5,0.4,13204
55000,4.5,-3,0.4,13203
55000,4.5,-2.5,0.4,13202
55000,4.5,-2,0.4,13201
55000,4.5,-1.5,0.4,13200
55000,4.5,-1,0.4,13199
55000,4.5,-0.5,0,13196
55000,4.5,0,0,13194
55000,4.5,0.3,0,13195
55000,4.5,0.5,0,13197
56000,4,-4,0.4,13224
56000,4,-3.5,0.4,13223
56000,4,-3,0.4,13222
56000,4,-2.5,0.4,13221
56000,4,-2,0.4,13220
56000,4,-1.5,0.2,13218
56000,4,-1,0.2,13215
56000,4,-0.5,0,13210
56000,4,0,0,13206
56000,4,0.3,0,13209
56000,4,0.5,0,13211
56000,4.5,-4,0.4,13237
56000,4.5,-3.5,0.4,13236
56000,4.5,-3,0.4,13235
56000,4.5,-2.5,0.4,13234
56000,4.5,-2,0.4,13233
56000,4.5,-1.5,0.4,13232
56000,4.5,-1,0.4,13230
56000,4.5,-0.5,0,13227
56000,4.5,0,0,13225
56000,4.5,0.3,0,13226
56000,4.5,0.5,0,13228
57000,4,-4,0.4,13249
57000,4,-3.5,0.4,13248
57000,4,-3,0.4,13247
57000,4,-2.5,0.4,13246
57000,4,-2,0.4,13245
57000,4,-1.5,0.4,13244
57000,4,-1,0.4,13243
57000,4,-0.5,0,13240
57000,4,0,0,13238
57000,4,0.3,0,13239
57000,4,0.5,0,13241
57000,4.5,-4,0.4,13261
57000,4.5,-3.5,0.4,13260
57000,4.5,-3,0.4,13259
57000,4.5,-2.5,0.4,13258
57000,4.5,-2,0.4,13257
57000,4.5,-1.5,0.4,13256
57000,4.5,-1,0.4,13255
57000,4.5,-0.5,0,13252
57000,4.5,0,0,13250
57000,4.5,0.3,0,13251
57000,4.5,0.5,0,13253
58000,4,-4,0.4,13280
58000,4,-3.5,0.4,13279
58000,4,-3,0.4,13278
58000,4,-2.5,0.4,13277
58000,4,-2,0.4,13276
58000,4,-1.5,0.2,13274
58000,4,-1,0.2,13271
58000,4,-0.5,0,13266
58000,4,0,0,13262
58000,4,0.3,0,13265
58000,4,0.5,0,13267
58000,4.5,-4,0.4,13293
58000,4.5,-3.5,0.4,13292
58000,4.5,-3,0.4,13291
58000,4.5,-2.5,0.4,13290
58000,4.5,-2,0.4,13289
58000,4.5,-1.5,0.4,13288
58000,4.5,-1,0.4,13286
58000,4.5,-0.5,0,13283
58000,4.5,0,0,13281
58000,4.5,0.3,0,13282
58000,4.5,0.5,0,13284
59000,4,-4,0.4,13305
59000,4,-3.5,0.4,13304
59000,4,-3,0.4,13303
59000,4,-2.5,0.4,13302
59000,4,-2,0.4,13301
59000,4,-1.5,0.4,13300
59000,4,-1,0.4,13299
59000,4,-0.5,0,13296
59000,4,0,0,13294
59000,4,0.3,0,13295
59000,4,0.5,0,13297
59000,4.5,-4,0.4,13317
59000,4.5,-3.5,0.4,13316
59000,4.5,-3,0.4,13315
59000,4.5,-2.5,0.4,13314
59000,4.5,-2,0.4,13313
59000,4.5,-1.5,0.4,13312
59000,4.5,-1,0.4,13311
59000,4.5,-0.5,0,13308
59000,4.5,0,0,13306
59000,4.5,0.3,0,13307
59000,4.5,0.5,0,13309
60000,4,-4,0.4,13337
60000,4,-3.5,0.4,13336
60000,4,-3,0.4,13335
60000,4,-2.5,0.4,13334
60000,4,-2,0.4,13333
60000,4,-1.5,0.2,13331
60000,4,-1,0.2,13328
60000,4,-0.5,0,13322
60000,4,0,0,13318
60000,4,0.3,0,13321
60000,4,0.5,0,13323
60000,4.5,-4,0.4,13350
60000,4.5,-3.5,0.4,13349
60000,4.5,-3,0.4,13348
60000,4.5,-2.5,0.4,13347
60000,4.5,-2,0.4,13346
60000,4.5,-1.5,0.4,13345
60000,4.5,-1,0.4,13343
60000,4.5,-0.5,0,13340
60000,4.5,0,0,13338
60000,4.5,0.3,0,13339
60000,4.5,0.5,0,13341
61000,4,-4,0.4,13362
61000,4,-3.5,0.4,13361
61000,4,-3,0.4,13360
61000,4,-2.5,0.4,13359
61000,4,-2,0.4,13358
61000,4,-1.5,0.4,13357
61000,4,-1,0.4,13356
61000,4,-0.5,0,13353
61000,4,0,0,13351
61000,4,0.3,0,13352
61000,4,0.5,0,13354
61000,4.5,-4,0.4,13374
61000,4.5,-3.5,0.4,13373
61000,4.5,-3,0.4,13372
61000,4.5,-2.5,0.4,13371
61000,4.5,-2,0.4,13370
61000,4.5,-1.5,0.4,13369
61000,4.5,-1,0.4,13368
61000,4.5,-0.5,0,13365
61000,4.5,0,0,13363
61000,4.5,0.3,0,13364
61000,4.5,0.5,0,13366
62000,4,-4,0.4,13393
62000,4,-3.5,0.4,13392
62000,4,-3,0.4,13391
62000,4,-2.5,0.4,13390
62000,4,-2,0.4,13389
62000,4,-1.5,0.2,13387
62000,4,-1,0.2,13384
62000,4,-0.5,0,13379
62000,4,0,0,13375
62000,4,0.3,0,13378
62000,4,0.5,0,13380
62000,4.5,-4,0.4,13406
62000,4.5,-3.5,0.4,13405
62000,4.5,-3,0.4,13404
62000,4.5,-2.5,0.4,13403
62000,4.5,-2,0.4,13402
62000,4.5,-1.5,0.4,13401
62000,4.5,-1,0.4,13399
62000,4.5,-0.5,0,13396
62000,4.5,0,0,13394
62000,4.5,0.3,0,13395
62000,4.5,0.5,0,13397
63000,4,-4,0.4,13418
63000,4,-3.5,0.4,13417
63000,4,-3,0.4,13416
63000,4,-2.5,0.4,13415
63000,4,-2,0.4,13414
63000,4,-1.5,0.4,13413
63000,4,-1,0.4,13412
63000,4,-0.5,0,13409
63000,4,0,0,13407
63000,4,0.3,0,13408
63000,4,0.5,0,13410
63000,4.5,-4,0.4,13430
63000,4.5,-3.5,0.4,13429
63000,4.5,-3,0.4,13428
63000,4.5,-2.5,0.4,13427
63000,4.5,-2,0.4,13426
63000,4.5,-1.5,0.4,13425
63000,4.5,-1,0.4,13424
63000,4.5,-0.5,0,13421
63000,4.5,0,0,13419
63000,4.5,0.3,0,13420
63000,4.5,0.5,0,13422
64000,4,-4,0.4,13449
64000,4,-3.5,0.4,13448
64000,4,-3,0.4,13447
64000,4,-2.5,0.4,13446
64000,4,-2,0.4,13445
64000,4,-1.5,0.2,13443
64000,4,-1,0.2,13440
64000,4,-0.5,0,13435
64000,4,0,0,13431
64000,4,0.3,0,13434
64000,4,0.5,0,13436
64000,4.5,-4,0.4,13462
64000,4.5,-3.5,0.4,13461
64000,4.5,-3,0.4,13460
64000,4.5,-2.5,0.4,13459
64000,4.5,-2,0.4,13458
64000,4.5,-1.5,0.4,13457
64000,4.5,-1,0.4,13455
64000,4.5,-0.5,0,13452
64000,4.5,0,0,13450
64000,4.5,0.3,0,13451
64000,4.5,0.5,0,13453
65000,4,-4,0.4,13474
65000,4,-3.5,0.4,13473
65000,4,-3,0.4,13472
65000,4,-2.5,0.4,13471
65000,4,-2,0.4,13470
65000,4,-1.5,0.4,13469
65000,4,-1,0.4,13468
65000,4,-0.5,0,13465
65000,4,0,0,13463
65000,4,0.3,0,13464
65000,4,0.5,0,13466
65000,4.5,-4,0.4,13486
65000,4.5,-3.5,0.4,13485
65000,4.5,-3,0.4,13484
65000,4.5,-2.5,0.4,13483
65000,4.5,-2,0.4,13482
65000,4.5,-1.5,0.4,13481
65000,4.5,-1,0.4,13480
65000,4.5,-0.5,0,13477
65000,4.5,0,0,13475
65000,4.5,0.3,0,13476
65000,4.5,0.5,0,13478
66000,4,-4,0.4,13505
66000,4,-3.5,0.4,13504
66000,4,-3,0.4,13503
66000,4,-2.5,0.4,13502
66000,4,-2,0.4,13501
66000,4,-1.5,0.2,13499
66000,4,-1,0.2,13496
66000,4,-0.5,0,13491
66000,4,0,0,13487
66000,4,0.3,0,13490
66000,4,0.5,0,13492
66000,4.5,-4,0.4,13518
66000,4.5,-3.5,0.4,13517
66000,4.5,-3,0.4,13516
66000,4.5,-2.5,0.4,13515
66000,4.5,-2,0.4,13514
66000,4.5,-1.5,0.4,13513
66000,4.5,-1,0.4,13511
66000,4.5,-0.5,0,13508
66000,4.5,0,0,13506
66000,4.5,0.3,0,13507
66000,4.5,0.5,0,13509
67000,4,-4,0.4,13530
67000,4,-3.5,0.4,13529
67000,4,-3,0.4,13528
67000,4,-2.5,0.4,13527
67000,4,-2,0.4,13526
67000,4,-1.5,0.4,13525
67000,4,-1,0.4,13524
67000,4,-0.5,0,13521
67000,4,0,0,13519
67000,4,0.3,0,13520
67000,4,0.5,0,13522
67000,4.5,-4,0.4,13542
67000,4.5,-3.5,0.4,13541
67000,4.5,-3,0.4,13540
67000,4.5,-2.5,0.4,13539
67000,4.5,-2,0.4,13538
67000,4.5,-1.5,0.4,13537
67000,4.5,-1,0.4,13536
67000,4.5,-0.5,0,13533
67000,4.5,0,0,13531
67000,4.5,0.3,0,13532
67000,4.5,0.5,0,13534
68000,4,-4,0.4,13561
68000,4,-3.5,0.4,13560
68000,4,-3,0.4,13559
68000,4,-2.5,0.4,13558
68000,4,-2,0.4,13557
68000,4,-1.5,0.2,13555
68000,4,-1,0.2,13552
68000,4,-0.5,0,13547
68000,4,0,0,13543
68000,4,0.3,0,13546
68000,4,0.5,0,13548
68000,4.5,-4,0.4,13574
68000,4.5,-3.5,0.4,13573
68000,4.5,-3,0.4,13572
68000,4.5,-2.5,0.4,13571
68000,4.5,-2,0.4,13570
68000,4.5,-1.5,0.4,13569
68000,4.5,-1,0.4,13567
68000,4.5,-0.5,0,13564
68000,4.5,0,0,13562
68000,4.5,0.3,0,13563
68000,4.5,0.5,0,13565
69000,4,-4,0.4,13586
69000,4,-3.5,0.4,13585
69000,4,-3,0.4,13584
69000,4,-2.5,0.4,13583
69000,4,-2,0.4,13582
69000,4,-1.5,0.4,13581
69000,4,-1,0.4,13580
69000,4,-0.5,0,13577
69000,4,0,0,13575
69000,4,0.3,0,13576
69000,4,0.5,0,13578
69000,4.5,-4,0.4,13598
69000,4.5,-3.5,0.4,13597
69000,4.5,-3,0.4,13596
69000,4.5,-2.5,0.4,13595
69000,4.5,-2,0.4,13594
69000,4.5,-1.5,0.4,13593
69000,4.5,-1,0.4,13592
69000,4.5,-0.5,0,13589
69000,4.5,0,0,13587
69000,4.5,0.3,0,13588
69000,4.5,0.5,0,13590
70000,4,-4,0.4,13618
70000,4,-3.5,0.4,13617
70000,4,-3,0.4,13616
70000,4,-2.5,0.4,13615
70000,4,-2,0.4,13614
70000,4,-1.5,0.2,13612
70000,4,-1,0.2,13609
70000,4,-0.5,0,13603
70000,4,0,0,13599
70000,4,0.3,0,13602
70000,4,0.5,0,13604
70000,4.5,-4,0.4,13631
70000,4.5,-3.5,0.4,13630
70000,4.5,-3,0.4,13629
70000,4.5,-2.5,0.4,13628
70000,4.5,-2,0.4,13627
70000,4.5,-1.5,0.4,13626
70000,4.5,-1,0.4,13624
70000,4.5,-0.5,0,13621
70000,4.5,0,0,13619
70000,4.5,0.3,0,13620
70000,4.5,0.5,0,13622
