source_id,ra,dec,phot_g_mean_mag
1001,10.000000,20.000000,10.0
1002,10.005000,20.000000,12.0
1003,10.020000,20.000000,13.0
1004,10.100000,20.000000,8.0
HD 216608A,30.000000,-5.000000,9.5
HD 216608B,30.010000,-5.000000,14.0
